$MeshFormat
2.2 0 8
$EndMeshFormat
$PhysicalNames
2
2 101 "FRACTURE"
2 201 "ROCK"
$EndPhysicalNames
$Nodes
2400
1 0.1 0 0
2 12.6 0 0
3 12.6 1 0
4 0.1 1 0
5 12.6 0.5 0
6 12.6 0.501 0
7 0.1 0.5 0
8 0.1 0.501 0
9 0.4205128205115561 0 0
10 0.7410256410230498 0 0
11 1.061538461534651 0 0
12 1.382051282046377 0 0
13 1.702564102558006 0 0
14 2.023076923069187 0 0
15 2.343589743580344 0 0
16 2.664102564091499 0 0
17 2.984615384602656 0 0
18 3.305128205113812 0 0
19 3.62564102562497 0 0
20 3.946153846136127 0 0
21 4.266666666648036 0 0
22 4.587179487160332 0 0
23 4.907692307672628 0 0
24 5.228205128184924 0 0
25 5.54871794869722 0 0
26 5.869230769209516 0 0
27 6.189743589721812 0 0
28 6.510256410234108 0 0
29 6.830769230746404 0 0
30 7.151282051258701 0 0
31 7.471794871770996 0 0
32 7.792307692283292 0 0
33 8.112820512795972 0 0
34 8.433333333310545 0 0
35 8.753846153825117 0 0
36 9.074358974339692 0 0
37 9.394871794854264 0 0
38 9.715384615368839 0 0
39 10.03589743588341 0 0
40 10.35641025639798 0 0
41 10.67692307691256 0 0
42 10.99743589742713 0 0
43 11.31794871794171 0 0
44 11.63846153845628 0 0
45 11.95897435897085 0 0
46 12.27948717948543 0 0
47 12.6 0.06616598699076882 0
48 12.6 0.1237303958168098 0
49 12.6 0.1738114308069317 0
50 12.6 0.217381931379184 0
51 12.6 0.2552882666540138 0
52 12.6 0.2882667783260041 0
53 12.6 0.3169580835386152 0
54 12.6 0.3419195190016381 0
55 12.6 0.3636359673230818 0
56 12.6 0.3825292771117614 0
57 12.6 0.3989664566132377 0
58 12.6 0.4132668026989548 0
59 12.6 0.4257081042791733 0
60 12.6 0.4365320364370921 0
61 12.6 0.4459488568627069 0
62 12.6 0.4541414908224606 0
63 12.6 0.4612690821545399 0
64 12.6 0.4674700867640411 0
65 12.6 0.4728649608696436 0
66 12.6 0.4775585012255144 0
67 12.6 0.4816418811574964 0
68 12.6 0.4851944216731364 0
69 12.6 0.4882851323600508 0
70 12.6 0.4909740507714186 0
71 12.6 0.4933134093340096 0
72 12.6 0.4953486512965379 0
73 12.6 0.4971193119537613 0
74 12.6 0.4986597866769909 0
75 0.1 0.06616598699076882 0
76 0.1 0.1237303958168098 0
77 0.1 0.1738114308069317 0
78 0.1 0.217381931379184 0
79 0.1 0.2552882666540138 0
80 0.1 0.2882667783260041 0
81 0.1 0.3169580835386152 0
82 0.1 0.3419195190016381 0
83 0.1 0.3636359673230818 0
84 0.1 0.3825292771117614 0
85 0.1 0.3989664566132377 0
86 0.1 0.4132668026989548 0
87 0.1 0.4257081042791733 0
88 0.1 0.4365320364370921 0
89 0.1 0.4459488568627069 0
90 0.1 0.4541414908224606 0
91 0.1 0.4612690821545399 0
92 0.1 0.4674700867640411 0
93 0.1 0.4728649608696436 0
94 0.1 0.4775585012255144 0
95 0.1 0.4816418811574964 0
96 0.1 0.4851944216731364 0
97 0.1 0.4882851323600508 0
98 0.1 0.4909740507714186 0
99 0.1 0.4933134093340096 0
100 0.1 0.4953486512965379 0
101 0.1 0.4971193119537613 0
102 0.1 0.4986597866769909 0
103 0.4205128205115561 0.5 0
104 0.7410256410230498 0.5 0
105 1.061538461534651 0.5 0
106 1.382051282046377 0.5 0
107 1.702564102558006 0.5 0
108 2.023076923069187 0.5 0
109 2.343589743580344 0.5 0
110 2.664102564091499 0.5 0
111 2.984615384602656 0.5 0
112 3.305128205113812 0.5 0
113 3.62564102562497 0.5 0
114 3.946153846136127 0.5 0
115 4.266666666648036 0.5 0
116 4.587179487160332 0.5 0
117 4.907692307672628 0.5 0
118 5.228205128184924 0.5 0
119 5.54871794869722 0.5 0
120 5.869230769209516 0.5 0
121 6.189743589721812 0.5 0
122 6.510256410234108 0.5 0
123 6.830769230746404 0.5 0
124 7.151282051258701 0.5 0
125 7.471794871770996 0.5 0
126 7.792307692283292 0.5 0
127 8.112820512795972 0.5 0
128 8.433333333310545 0.5 0
129 8.753846153825117 0.5 0
130 9.074358974339692 0.5 0
131 9.394871794854264 0.5 0
132 9.715384615368839 0.5 0
133 10.03589743588341 0.5 0
134 10.35641025639798 0.5 0
135 10.67692307691256 0.5 0
136 10.99743589742713 0.5 0
137 11.31794871794171 0.5 0
138 11.63846153845628 0.5 0
139 11.95897435897085 0.5 0
140 12.27948717948543 0.5 0
141 0.4205128205115561 0.501 0
142 0.7410256410230498 0.501 0
143 1.061538461534651 0.501 0
144 1.382051282046377 0.501 0
145 1.702564102558006 0.501 0
146 2.023076923069187 0.501 0
147 2.343589743580344 0.501 0
148 2.664102564091499 0.501 0
149 2.984615384602656 0.501 0
150 3.305128205113812 0.501 0
151 3.62564102562497 0.501 0
152 3.946153846136127 0.501 0
153 4.266666666648036 0.501 0
154 4.587179487160332 0.501 0
155 4.907692307672628 0.501 0
156 5.228205128184924 0.501 0
157 5.54871794869722 0.501 0
158 5.869230769209516 0.501 0
159 6.189743589721812 0.501 0
160 6.510256410234108 0.501 0
161 6.830769230746404 0.501 0
162 7.151282051258701 0.501 0
163 7.471794871770996 0.501 0
164 7.792307692283292 0.501 0
165 8.112820512795972 0.501 0
166 8.433333333310545 0.501 0
167 8.753846153825117 0.501 0
168 9.074358974339692 0.501 0
169 9.394871794854264 0.501 0
170 9.715384615368839 0.501 0
171 10.03589743588341 0.501 0
172 10.35641025639798 0.501 0
173 10.67692307691256 0.501 0
174 10.99743589742713 0.501 0
175 11.31794871794171 0.501 0
176 11.63846153845628 0.501 0
177 11.95897435897085 0.501 0
178 12.27948717948543 0.501 0
179 12.6 0.502323012220909 0
180 12.6 0.5038444757984352 0
181 12.6 0.5055941587692269 0
182 12.6 0.5076062945304628 0
183 12.6 0.5099202506127796 0
184 12.6 0.5125813001162297 0
185 12.6 0.5156415070771605 0
186 12.6 0.5191607449403788 0
187 12.6 0.5232078685791017 0
188 12.6 0.527862060399139 0
189 12.6 0.5332143809720996 0
190 12.6 0.539369549751179 0
191 12.6 0.5464479941428169 0
192 12.6 0.5545882049578279 0
193 12.6 0.5639494479156928 0
194 12.6 0.5747148775049424 0
195 12.6 0.587095120915619 0
196 12.6 0.6013324010787376 0
197 12.6 0.6177052733279446 0
198 12.6 0.636534076927993 0
199 12.6 0.6581872010000375 0
200 12.6 0.6830882938537171 0
201 12.6 0.7117245506131532 0
202 12.6 0.7446562456511572 0
203 12.6 0.7825276951538913 0
204 12.6 0.8260798626878481 0
205 12.6 0.8761648553875994 0
206 12.6 0.9337625967337789 0
207 0.1 0.502323012220909 0
208 0.1 0.5038444757984352 0
209 0.1 0.5055941587692269 0
210 0.1 0.5076062945304628 0
211 0.1 0.5099202506127796 0
212 0.1 0.5125813001162297 0
213 0.1 0.5156415070771605 0
214 0.1 0.5191607449403788 0
215 0.1 0.5232078685791017 0
216 0.1 0.527862060399139 0
217 0.1 0.5332143809720996 0
218 0.1 0.539369549751179 0
219 0.1 0.5464479941428169 0
220 0.1 0.5545882049578279 0
221 0.1 0.5639494479156928 0
222 0.1 0.5747148775049424 0
223 0.1 0.587095120915619 0
224 0.1 0.6013324010787376 0
225 0.1 0.6177052733279446 0
226 0.1 0.636534076927993 0
227 0.1 0.6581872010000375 0
228 0.1 0.6830882938537171 0
229 0.1 0.7117245506131532 0
230 0.1 0.7446562456511572 0
231 0.1 0.7825276951538913 0
232 0.1 0.8260798626878481 0
233 0.1 0.8761648553875994 0
234 0.1 0.9337625967337789 0
235 0.4205128205115561 1 0
236 0.7410256410230498 1 0
237 1.061538461534651 1 0
238 1.382051282046377 1 0
239 1.702564102558006 1 0
240 2.023076923069187 1 0
241 2.343589743580344 1 0
242 2.664102564091499 1 0
243 2.984615384602656 1 0
244 3.305128205113812 1 0
245 3.62564102562497 1 0
246 3.946153846136127 1 0
247 4.266666666648036 1 0
248 4.587179487160332 1 0
249 4.907692307672628 1 0
250 5.228205128184924 1 0
251 5.54871794869722 1 0
252 5.869230769209516 1 0
253 6.189743589721812 1 0
254 6.510256410234108 1 0
255 6.830769230746404 1 0
256 7.151282051258701 1 0
257 7.471794871770996 1 0
258 7.792307692283292 1 0
259 8.112820512795972 1 0
260 8.433333333310545 1 0
261 8.753846153825117 1 0
262 9.074358974339692 1 0
263 9.394871794854264 1 0
264 9.715384615368839 1 0
265 10.03589743588341 1 0
266 10.35641025639798 1 0
267 10.67692307691256 1 0
268 10.99743589742713 1 0
269 11.31794871794171 1 0
270 11.63846153845628 1 0
271 11.95897435897085 1 0
272 12.27948717948543 1 0
273 0.4205128205115563 0.06616598699076887 0
274 0.7410256410230498 0.06616598699076875 0
275 1.061538461534651 0.06616598699076881 0
276 1.382051282046376 0.06616598699076881 0
277 1.702564102558006 0.06616598699076875 0
278 2.023076923069187 0.06616598699076881 0
279 2.343589743580344 0.06616598699076881 0
280 2.664102564091499 0.06616598699076881 0
281 2.984615384602655 0.0661659869907687 0
282 3.305128205113812 0.06616598699076881 0
283 3.62564102562497 0.06616598699076875 0
284 3.946153846136128 0.06616598699076881 0
285 4.266666666648037 0.06616598699076892 0
286 4.587179487160332 0.06616598699076887 0
287 4.907692307672627 0.06616598699076881 0
288 5.228205128184922 0.0661659869907687 0
289 5.548717948697219 0.06616598699076881 0
290 5.869230769209516 0.06616598699076881 0
291 6.189743589721812 0.06616598699076881 0
292 6.510256410234108 0.06616598699076881 0
293 6.830769230746404 0.06616598699076881 0
294 7.151282051258701 0.06616598699076881 0
295 7.471794871770995 0.06616598699076881 0
296 7.792307692283294 0.06616598699076881 0
297 8.112820512795972 0.06616598699076881 0
298 8.433333333310543 0.06616598699076881 0
299 8.753846153825117 0.06616598699076881 0
300 9.074358974339692 0.06616598699076881 0
301 9.394871794854264 0.06616598699076881 0
302 9.715384615368837 0.06616598699076881 0
303 10.03589743588341 0.06616598699076881 0
304 10.35641025639799 0.06616598699076881 0
305 10.67692307691256 0.06616598699076881 0
306 10.99743589742713 0.06616598699076881 0
307 11.31794871794171 0.06616598699076881 0
308 11.63846153845628 0.06616598699076881 0
309 11.95897435897085 0.06616598699076881 0
310 12.27948717948543 0.06616598699076881 0
311 0.4205128205115563 0.1237303958168098 0
312 0.7410256410230496 0.1237303958168098 0
313 1.061538461534651 0.1237303958168098 0
314 1.382051282046377 0.1237303958168098 0
315 1.702564102558006 0.1237303958168098 0
316 2.023076923069187 0.1237303958168098 0
317 2.343589743580343 0.1237303958168098 0
318 2.6641025640915 0.1237303958168098 0
319 2.984615384602656 0.1237303958168097 0
320 3.305128205113812 0.1237303958168099 0
321 3.625641025624969 0.1237303958168098 0
322 3.946153846136126 0.1237303958168099 0
323 4.266666666648035 0.1237303958168098 0
324 4.587179487160332 0.1237303958168098 0
325 4.907692307672628 0.1237303958168098 0
326 5.228205128184923 0.1237303958168098 0
327 5.548717948697218 0.1237303958168098 0
328 5.869230769209516 0.1237303958168098 0
329 6.189743589721811 0.1237303958168097 0
330 6.510256410234108 0.1237303958168098 0
331 6.830769230746404 0.1237303958168098 0
332 7.151282051258701 0.1237303958168098 0
333 7.471794871770995 0.1237303958168098 0
334 7.792307692283294 0.1237303958168098 0
335 8.112820512795974 0.1237303958168098 0
336 8.433333333310543 0.1237303958168098 0
337 8.753846153825116 0.1237303958168098 0
338 9.07435897433969 0.1237303958168098 0
339 9.394871794854264 0.1237303958168098 0
340 9.715384615368839 0.1237303958168098 0
341 10.03589743588341 0.1237303958168098 0
342 10.35641025639799 0.1237303958168098 0
343 10.67692307691256 0.1237303958168098 0
344 10.99743589742713 0.1237303958168098 0
345 11.3179487179417 0.1237303958168098 0
346 11.63846153845628 0.1237303958168098 0
347 11.95897435897085 0.1237303958168098 0
348 12.27948717948543 0.1237303958168098 0
349 0.4205128205115564 0.1738114308069316 0
350 0.7410256410230492 0.1738114308069318 0
351 1.061538461534651 0.1738114308069316 0
352 1.382051282046376 0.1738114308069317 0
353 1.702564102558006 0.1738114308069316 0
354 2.023076923069188 0.1738114308069318 0
355 2.343589743580344 0.1738114308069317 0
356 2.664102564091499 0.1738114308069317 0
357 2.984615384602655 0.1738114308069317 0
358 3.305128205113812 0.1738114308069317 0
359 3.625641025624971 0.1738114308069317 0
360 3.946153846136127 0.1738114308069317 0
361 4.266666666648037 0.1738114308069317 0
362 4.587179487160332 0.1738114308069317 0
363 4.907692307672627 0.1738114308069316 0
364 5.228205128184923 0.1738114308069317 0
365 5.54871794869722 0.1738114308069318 0
366 5.869230769209516 0.1738114308069317 0
367 6.189743589721812 0.1738114308069316 0
368 6.510256410234108 0.1738114308069317 0
369 6.830769230746402 0.1738114308069317 0
370 7.151282051258701 0.1738114308069317 0
371 7.471794871770996 0.1738114308069317 0
372 7.792307692283296 0.1738114308069317 0
373 8.112820512795972 0.1738114308069317 0
374 8.433333333310543 0.1738114308069317 0
375 8.753846153825117 0.1738114308069317 0
376 9.074358974339692 0.1738114308069317 0
377 9.394871794854264 0.1738114308069317 0
378 9.715384615368837 0.1738114308069317 0
379 10.03589743588341 0.1738114308069317 0
380 10.35641025639799 0.1738114308069317 0
381 10.67692307691256 0.1738114308069317 0
382 10.99743589742713 0.1738114308069317 0
383 11.3179487179417 0.1738114308069317 0
384 11.63846153845628 0.1738114308069317 0
385 11.95897435897085 0.1738114308069317 0
386 12.27948717948543 0.1738114308069317 0
387 0.4205128205115564 0.2173819313791839 0
388 0.7410256410230492 0.2173819313791839 0
389 1.061538461534651 0.2173819313791839 0
390 1.382051282046376 0.2173819313791838 0
391 1.702564102558006 0.2173819313791839 0
392 2.023076923069188 0.2173819313791839 0
393 2.343589743580343 0.2173819313791839 0
394 2.6641025640915 0.2173819313791839 0
395 2.984615384602655 0.217381931379184 0
396 3.305128205113812 0.2173819313791839 0
397 3.62564102562497 0.2173819313791839 0
398 3.946153846136127 0.2173819313791839 0
399 4.266666666648037 0.2173819313791839 0
400 4.587179487160332 0.217381931379184 0
401 4.907692307672628 0.2173819313791839 0
402 5.228205128184923 0.2173819313791839 0
403 5.54871794869722 0.2173819313791839 0
404 5.869230769209516 0.2173819313791839 0
405 6.189743589721812 0.2173819313791839 0
406 6.510256410234108 0.2173819313791839 0
407 6.830769230746404 0.2173819313791839 0
408 7.151282051258701 0.2173819313791839 0
409 7.471794871770998 0.2173819313791839 0
410 7.792307692283295 0.2173819313791839 0
411 8.112820512795974 0.2173819313791839 0
412 8.433333333310543 0.2173819313791839 0
413 8.753846153825117 0.2173819313791839 0
414 9.074358974339692 0.2173819313791839 0
415 9.394871794854264 0.2173819313791839 0
416 9.715384615368837 0.2173819313791839 0
417 10.03589743588341 0.2173819313791839 0
418 10.35641025639798 0.2173819313791839 0
419 10.67692307691256 0.2173819313791839 0
420 10.99743589742713 0.2173819313791839 0
421 11.31794871794171 0.2173819313791839 0
422 11.63846153845628 0.2173819313791839 0
423 11.95897435897085 0.2173819313791839 0
424 12.27948717948543 0.2173819313791839 0
425 0.4205128205115564 0.2552882666540138 0
426 0.7410256410230492 0.2552882666540137 0
427 1.061538461534651 0.2552882666540138 0
428 1.382051282046376 0.2552882666540138 0
429 1.702564102558006 0.2552882666540138 0
430 2.023076923069188 0.2552882666540138 0
431 2.343589743580343 0.2552882666540138 0
432 2.6641025640915 0.2552882666540138 0
433 2.984615384602655 0.2552882666540138 0
434 3.305128205113812 0.2552882666540138 0
435 3.62564102562497 0.2552882666540138 0
436 3.946153846136128 0.2552882666540138 0
437 4.266666666648037 0.2552882666540138 0
438 4.587179487160332 0.2552882666540138 0
439 4.907692307672628 0.2552882666540138 0
440 5.228205128184923 0.2552882666540138 0
441 5.548717948697219 0.2552882666540138 0
442 5.869230769209516 0.2552882666540138 0
443 6.189743589721813 0.2552882666540138 0
444 6.510256410234108 0.2552882666540138 0
445 6.830769230746404 0.2552882666540138 0
446 7.151282051258701 0.2552882666540138 0
447 7.471794871770995 0.2552882666540138 0
448 7.792307692283294 0.2552882666540138 0
449 8.112820512795972 0.2552882666540138 0
450 8.433333333310543 0.2552882666540138 0
451 8.753846153825117 0.2552882666540138 0
452 9.074358974339692 0.2552882666540138 0
453 9.394871794854264 0.2552882666540138 0
454 9.715384615368837 0.2552882666540138 0
455 10.03589743588341 0.2552882666540138 0
456 10.35641025639799 0.2552882666540138 0
457 10.67692307691255 0.2552882666540138 0
458 10.99743589742713 0.2552882666540138 0
459 11.31794871794171 0.2552882666540138 0
460 11.63846153845628 0.2552882666540138 0
461 11.95897435897085 0.2552882666540138 0
462 12.27948717948543 0.2552882666540138 0
463 0.4205128205115564 0.2882667783260041 0
464 0.7410256410230491 0.2882667783260041 0
465 1.061538461534651 0.2882667783260041 0
466 1.382051282046376 0.2882667783260041 0
467 1.702564102558006 0.2882667783260039 0
468 2.023076923069188 0.2882667783260041 0
469 2.343589743580343 0.288266778326004 0
470 2.664102564091499 0.288266778326004 0
471 2.984615384602655 0.2882667783260041 0
472 3.305128205113812 0.2882667783260041 0
473 3.62564102562497 0.2882667783260041 0
474 3.946153846136127 0.2882667783260041 0
475 4.266666666648037 0.2882667783260041 0
476 4.587179487160332 0.2882667783260041 0
477 4.907692307672628 0.2882667783260041 0
478 5.228205128184923 0.2882667783260041 0
479 5.54871794869722 0.2882667783260041 0
480 5.869230769209516 0.2882667783260041 0
481 6.189743589721813 0.2882667783260041 0
482 6.510256410234108 0.2882667783260041 0
483 6.830769230746403 0.2882667783260041 0
484 7.151282051258701 0.2882667783260041 0
485 7.471794871770994 0.2882667783260041 0
486 7.792307692283295 0.2882667783260041 0
487 8.112820512795972 0.2882667783260041 0
488 8.433333333310543 0.2882667783260041 0
489 8.753846153825117 0.2882667783260041 0
490 9.074358974339692 0.2882667783260041 0
491 9.394871794854264 0.2882667783260041 0
492 9.715384615368837 0.2882667783260041 0
493 10.03589743588341 0.2882667783260041 0
494 10.35641025639799 0.2882667783260041 0
495 10.67692307691255 0.2882667783260041 0
496 10.99743589742713 0.2882667783260041 0
497 11.31794871794171 0.2882667783260041 0
498 11.63846153845628 0.2882667783260041 0
499 11.95897435897085 0.2882667783260041 0
500 12.27948717948543 0.2882667783260041 0
501 0.4205128205115565 0.3169580835386151 0
502 0.7410256410230491 0.3169580835386152 0
503 1.061538461534651 0.3169580835386153 0
504 1.382051282046376 0.3169580835386152 0
505 1.702564102558006 0.3169580835386152 0
506 2.023076923069188 0.3169580835386152 0
507 2.343589743580343 0.3169580835386152 0
508 2.6641025640915 0.3169580835386152 0
509 2.984615384602654 0.3169580835386152 0
510 3.305128205113812 0.3169580835386152 0
511 3.62564102562497 0.3169580835386152 0
512 3.946153846136128 0.3169580835386152 0
513 4.266666666648037 0.3169580835386152 0
514 4.587179487160333 0.3169580835386152 0
515 4.907692307672627 0.3169580835386152 0
516 5.228205128184923 0.3169580835386152 0
517 5.54871794869722 0.3169580835386152 0
518 5.869230769209516 0.3169580835386152 0
519 6.189743589721813 0.3169580835386152 0
520 6.510256410234108 0.3169580835386152 0
521 6.830769230746405 0.3169580835386152 0
522 7.151282051258701 0.3169580835386152 0
523 7.471794871770996 0.3169580835386152 0
524 7.792307692283293 0.3169580835386152 0
525 8.112820512795972 0.3169580835386152 0
526 8.433333333310543 0.3169580835386152 0
527 8.753846153825117 0.3169580835386152 0
528 9.074358974339692 0.3169580835386152 0
529 9.394871794854264 0.3169580835386152 0
530 9.715384615368837 0.3169580835386152 0
531 10.03589743588341 0.3169580835386152 0
532 10.35641025639799 0.3169580835386152 0
533 10.67692307691255 0.3169580835386152 0
534 10.99743589742713 0.3169580835386152 0
535 11.31794871794171 0.3169580835386152 0
536 11.63846153845628 0.3169580835386152 0
537 11.95897435897085 0.3169580835386152 0
538 12.27948717948542 0.3169580835386152 0
539 0.4205128205115564 0.3419195190016381 0
540 0.7410256410230492 0.3419195190016381 0
541 1.061538461534651 0.3419195190016381 0
542 1.382051282046376 0.3419195190016381 0
543 1.702564102558006 0.3419195190016381 0
544 2.023076923069188 0.3419195190016381 0
545 2.343589743580343 0.3419195190016381 0
546 2.664102564091501 0.3419195190016381 0
547 2.984615384602655 0.3419195190016381 0
548 3.305128205113813 0.3419195190016381 0
549 3.62564102562497 0.3419195190016382 0
550 3.946153846136128 0.3419195190016381 0
551 4.266666666648037 0.3419195190016381 0
552 4.587179487160334 0.341919519001638 0
553 4.907692307672627 0.3419195190016381 0
554 5.228205128184923 0.3419195190016381 0
555 5.54871794869722 0.3419195190016381 0
556 5.869230769209516 0.3419195190016381 0
557 6.189743589721811 0.3419195190016381 0
558 6.510256410234108 0.3419195190016381 0
559 6.830769230746405 0.3419195190016381 0
560 7.151282051258701 0.3419195190016381 0
561 7.471794871770993 0.3419195190016381 0
562 7.792307692283291 0.3419195190016381 0
563 8.112820512795972 0.3419195190016381 0
564 8.433333333310543 0.3419195190016381 0
565 8.753846153825117 0.3419195190016381 0
566 9.07435897433969 0.3419195190016381 0
567 9.394871794854264 0.3419195190016381 0
568 9.715384615368835 0.3419195190016381 0
569 10.03589743588341 0.3419195190016381 0
570 10.35641025639799 0.3419195190016381 0
571 10.67692307691256 0.3419195190016381 0
572 10.99743589742713 0.3419195190016381 0
573 11.31794871794171 0.3419195190016381 0
574 11.63846153845628 0.3419195190016381 0
575 11.95897435897085 0.3419195190016381 0
576 12.27948717948542 0.3419195190016381 0
577 0.4205128205115565 0.3636359673230817 0
578 0.7410256410230491 0.3636359673230817 0
579 1.061538461534651 0.3636359673230819 0
580 1.382051282046376 0.3636359673230819 0
581 1.702564102558006 0.3636359673230818 0
582 2.023076923069188 0.3636359673230818 0
583 2.343589743580343 0.3636359673230819 0
584 2.6641025640915 0.3636359673230817 0
585 2.984615384602655 0.3636359673230818 0
586 3.305128205113812 0.3636359673230819 0
587 3.62564102562497 0.3636359673230818 0
588 3.946153846136128 0.3636359673230819 0
589 4.266666666648038 0.3636359673230818 0
590 4.587179487160334 0.3636359673230818 0
591 4.907692307672629 0.3636359673230818 0
592 5.228205128184923 0.3636359673230818 0
593 5.548717948697219 0.3636359673230818 0
594 5.869230769209516 0.3636359673230818 0
595 6.189743589721813 0.3636359673230818 0
596 6.510256410234109 0.3636359673230818 0
597 6.830769230746404 0.3636359673230818 0
598 7.151282051258701 0.3636359673230818 0
599 7.471794871770993 0.3636359673230818 0
600 7.792307692283296 0.3636359673230818 0
601 8.112820512795974 0.3636359673230818 0
602 8.433333333310543 0.3636359673230818 0
603 8.753846153825117 0.3636359673230818 0
604 9.074358974339692 0.3636359673230818 0
605 9.394871794854264 0.3636359673230818 0
606 9.715384615368837 0.3636359673230818 0
607 10.03589743588341 0.3636359673230818 0
608 10.35641025639799 0.3636359673230818 0
609 10.67692307691255 0.3636359673230818 0
610 10.99743589742713 0.3636359673230818 0
611 11.31794871794171 0.3636359673230818 0
612 11.63846153845628 0.3636359673230818 0
613 11.95897435897085 0.3636359673230818 0
614 12.27948717948543 0.3636359673230818 0
615 0.4205128205115564 0.3825292771117614 0
616 0.7410256410230494 0.3825292771117614 0
617 1.061538461534651 0.3825292771117614 0
618 1.382051282046376 0.3825292771117613 0
619 1.702564102558006 0.3825292771117615 0
620 2.023076923069187 0.3825292771117614 0
621 2.343589743580343 0.3825292771117613 0
622 2.6641025640915 0.3825292771117614 0
623 2.984615384602656 0.3825292771117613 0
624 3.305128205113812 0.3825292771117614 0
625 3.62564102562497 0.3825292771117614 0
626 3.946153846136127 0.3825292771117613 0
627 4.266666666648037 0.3825292771117613 0
628 4.587179487160333 0.3825292771117615 0
629 4.907692307672627 0.3825292771117614 0
630 5.228205128184923 0.3825292771117614 0
631 5.548717948697219 0.3825292771117614 0
632 5.869230769209516 0.3825292771117615 0
633 6.189743589721811 0.3825292771117613 0
634 6.510256410234108 0.3825292771117614 0
635 6.830769230746404 0.3825292771117614 0
636 7.151282051258701 0.3825292771117614 0
637 7.471794871770994 0.3825292771117614 0
638 7.792307692283295 0.3825292771117614 0
639 8.112820512795972 0.3825292771117614 0
640 8.433333333310543 0.3825292771117613 0
641 8.753846153825117 0.3825292771117613 0
642 9.074358974339694 0.3825292771117614 0
643 9.394871794854264 0.3825292771117614 0
644 9.715384615368837 0.3825292771117614 0
645 10.03589743588341 0.3825292771117614 0
646 10.35641025639799 0.3825292771117614 0
647 10.67692307691255 0.3825292771117614 0
648 10.99743589742713 0.3825292771117614 0
649 11.31794871794171 0.3825292771117614 0
650 11.63846153845628 0.3825292771117614 0
651 11.95897435897085 0.3825292771117614 0
652 12.27948717948542 0.3825292771117614 0
653 0.4205128205115565 0.3989664566132377 0
654 0.7410256410230491 0.3989664566132378 0
655 1.061538461534651 0.3989664566132376 0
656 1.382051282046376 0.3989664566132377 0
657 1.702564102558006 0.3989664566132377 0
658 2.023076923069187 0.3989664566132377 0
659 2.343589743580343 0.3989664566132378 0
660 2.6641025640915 0.3989664566132377 0
661 2.984615384602654 0.3989664566132377 0
662 3.305128205113812 0.3989664566132377 0
663 3.62564102562497 0.3989664566132377 0
664 3.946153846136127 0.3989664566132377 0
665 4.266666666648038 0.3989664566132377 0
666 4.587179487160332 0.3989664566132377 0
667 4.907692307672627 0.3989664566132377 0
668 5.228205128184923 0.3989664566132377 0
669 5.54871794869722 0.3989664566132377 0
670 5.869230769209516 0.3989664566132377 0
671 6.189743589721813 0.3989664566132377 0
672 6.510256410234108 0.3989664566132377 0
673 6.830769230746404 0.3989664566132377 0
674 7.151282051258701 0.3989664566132377 0
675 7.471794871770996 0.3989664566132377 0
676 7.792307692283294 0.3989664566132377 0
677 8.112820512795976 0.3989664566132377 0
678 8.433333333310543 0.3989664566132377 0
679 8.753846153825117 0.3989664566132377 0
680 9.074358974339692 0.3989664566132377 0
681 9.394871794854264 0.3989664566132377 0
682 9.715384615368837 0.3989664566132377 0
683 10.03589743588341 0.3989664566132377 0
684 10.35641025639799 0.3989664566132377 0
685 10.67692307691255 0.3989664566132377 0
686 10.99743589742713 0.3989664566132377 0
687 11.3179487179417 0.3989664566132377 0
688 11.63846153845628 0.3989664566132377 0
689 11.95897435897085 0.3989664566132377 0
690 12.27948717948542 0.3989664566132377 0
691 0.4205128205115564 0.4132668026989548 0
692 0.7410256410230494 0.4132668026989548 0
693 1.061538461534651 0.4132668026989548 0
694 1.382051282046376 0.4132668026989547 0
695 1.702564102558006 0.4132668026989548 0
696 2.023076923069187 0.4132668026989548 0
697 2.343589743580343 0.4132668026989547 0
698 2.664102564091501 0.4132668026989548 0
699 2.984615384602656 0.4132668026989548 0
700 3.305128205113812 0.4132668026989548 0
701 3.62564102562497 0.4132668026989548 0
702 3.946153846136127 0.4132668026989548 0
703 4.266666666648038 0.4132668026989548 0
704 4.587179487160334 0.4132668026989548 0
705 4.907692307672628 0.4132668026989547 0
706 5.228205128184923 0.4132668026989548 0
707 5.54871794869722 0.4132668026989548 0
708 5.869230769209515 0.4132668026989548 0
709 6.189743589721814 0.4132668026989548 0
710 6.510256410234108 0.4132668026989548 0
711 6.830769230746403 0.4132668026989548 0
712 7.151282051258701 0.4132668026989548 0
713 7.471794871770995 0.4132668026989548 0
714 7.792307692283293 0.4132668026989548 0
715 8.112820512795972 0.4132668026989548 0
716 8.433333333310543 0.4132668026989548 0
717 8.753846153825117 0.4132668026989548 0
718 9.074358974339692 0.4132668026989548 0
719 9.394871794854264 0.4132668026989548 0
720 9.715384615368835 0.4132668026989548 0
721 10.03589743588341 0.4132668026989548 0
722 10.35641025639799 0.4132668026989548 0
723 10.67692307691256 0.4132668026989548 0
724 10.99743589742713 0.4132668026989548 0
725 11.31794871794171 0.4132668026989548 0
726 11.63846153845628 0.4132668026989548 0
727 11.95897435897085 0.4132668026989548 0
728 12.27948717948543 0.4132668026989548 0
729 0.4205128205115565 0.4257081042791732 0
730 0.7410256410230491 0.4257081042791733 0
731 1.061538461534651 0.4257081042791734 0
732 1.382051282046376 0.4257081042791733 0
733 1.702564102558006 0.4257081042791732 0
734 2.023076923069188 0.4257081042791733 0
735 2.343589743580343 0.4257081042791733 0
736 2.664102564091499 0.4257081042791733 0
737 2.984615384602656 0.4257081042791733 0
738 3.305128205113812 0.4257081042791733 0
739 3.62564102562497 0.4257081042791734 0
740 3.946153846136127 0.4257081042791733 0
741 4.266666666648037 0.4257081042791733 0
742 4.587179487160334 0.4257081042791733 0
743 4.907692307672628 0.4257081042791733 0
744 5.228205128184923 0.4257081042791733 0
745 5.548717948697219 0.4257081042791734 0
746 5.869230769209515 0.4257081042791733 0
747 6.189743589721813 0.4257081042791734 0
748 6.510256410234108 0.4257081042791733 0
749 6.830769230746403 0.4257081042791733 0
750 7.151282051258701 0.4257081042791734 0
751 7.471794871770995 0.4257081042791732 0
752 7.792307692283294 0.4257081042791732 0
753 8.112820512795972 0.4257081042791733 0
754 8.433333333310545 0.4257081042791734 0
755 8.753846153825117 0.4257081042791734 0
756 9.074358974339692 0.4257081042791732 0
757 9.394871794854264 0.4257081042791733 0
758 9.715384615368837 0.4257081042791734 0
759 10.03589743588341 0.4257081042791732 0
760 10.35641025639799 0.4257081042791733 0
761 10.67692307691255 0.4257081042791733 0
762 10.99743589742713 0.4257081042791733 0
763 11.3179487179417 0.4257081042791733 0
764 11.63846153845628 0.4257081042791733 0
765 11.95897435897085 0.4257081042791733 0
766 12.27948717948542 0.4257081042791733 0
767 0.4205128205115565 0.4365320364370921 0
768 0.7410256410230491 0.436532036437092 0
769 1.061538461534651 0.4365320364370921 0
770 1.382051282046376 0.4365320364370921 0
771 1.702564102558006 0.4365320364370921 0
772 2.023076923069188 0.4365320364370921 0
773 2.343589743580343 0.4365320364370921 0
774 2.6641025640915 0.4365320364370921 0
775 2.984615384602655 0.4365320364370921 0
776 3.305128205113812 0.4365320364370922 0
777 3.62564102562497 0.4365320364370921 0
778 3.946153846136128 0.4365320364370921 0
779 4.266666666648038 0.4365320364370921 0
780 4.587179487160333 0.4365320364370922 0
781 4.907692307672627 0.4365320364370921 0
782 5.228205128184922 0.436532036437092 0
783 5.548717948697219 0.4365320364370921 0
784 5.869230769209516 0.4365320364370921 0
785 6.189743589721813 0.4365320364370921 0
786 6.510256410234108 0.4365320364370921 0
787 6.830769230746405 0.4365320364370921 0
788 7.151282051258701 0.4365320364370921 0
789 7.471794871770998 0.436532036437092 0
790 7.792307692283293 0.436532036437092 0
791 8.112820512795972 0.4365320364370921 0
792 8.433333333310543 0.4365320364370922 0
793 8.753846153825116 0.4365320364370922 0
794 9.074358974339692 0.4365320364370922 0
795 9.394871794854264 0.4365320364370922 0
796 9.715384615368839 0.4365320364370921 0
797 10.03589743588341 0.4365320364370921 0
798 10.35641025639798 0.4365320364370921 0
799 10.67692307691255 0.436532036437092 0
800 10.99743589742713 0.4365320364370921 0
801 11.31794871794171 0.436532036437092 0
802 11.63846153845628 0.4365320364370921 0
803 11.95897435897085 0.4365320364370921 0
804 12.27948717948543 0.4365320364370921 0
805 0.4205128205115565 0.4459488568627069 0
806 0.7410256410230491 0.4459488568627069 0
807 1.061538461534651 0.4459488568627067 0
808 1.382051282046376 0.4459488568627069 0
809 1.702564102558006 0.4459488568627069 0
810 2.023076923069188 0.4459488568627069 0
811 2.343589743580343 0.445948856862707 0
812 2.6641025640915 0.4459488568627069 0
813 2.984615384602656 0.4459488568627069 0
814 3.305128205113812 0.4459488568627069 0
815 3.625641025624971 0.4459488568627068 0
816 3.946153846136128 0.4459488568627069 0
817 4.266666666648037 0.4459488568627069 0
818 4.587179487160334 0.445948856862707 0
819 4.907692307672627 0.445948856862707 0
820 5.228205128184923 0.445948856862707 0
821 5.548717948697219 0.4459488568627069 0
822 5.869230769209516 0.4459488568627069 0
823 6.189743589721813 0.4459488568627069 0
824 6.510256410234109 0.4459488568627069 0
825 6.830769230746405 0.445948856862707 0
826 7.151282051258701 0.4459488568627069 0
827 7.471794871770994 0.4459488568627068 0
828 7.792307692283295 0.445948856862707 0
829 8.112820512795974 0.4459488568627069 0
830 8.433333333310543 0.445948856862707 0
831 8.753846153825117 0.4459488568627069 0
832 9.074358974339694 0.4459488568627069 0
833 9.394871794854264 0.4459488568627067 0
834 9.715384615368837 0.4459488568627069 0
835 10.03589743588341 0.4459488568627069 0
836 10.35641025639799 0.445948856862707 0
837 10.67692307691256 0.4459488568627069 0
838 10.99743589742713 0.4459488568627069 0
839 11.31794871794171 0.4459488568627069 0
840 11.63846153845628 0.4459488568627069 0
841 11.95897435897085 0.4459488568627069 0
842 12.27948717948543 0.4459488568627069 0
843 0.4205128205115565 0.4541414908224606 0
844 0.7410256410230491 0.4541414908224606 0
845 1.061538461534651 0.4541414908224606 0
846 1.382051282046376 0.4541414908224606 0
847 1.702564102558006 0.4541414908224606 0
848 2.023076923069188 0.4541414908224606 0
849 2.343589743580343 0.4541414908224606 0
850 2.6641025640915 0.4541414908224606 0
851 2.984615384602656 0.4541414908224605 0
852 3.305128205113812 0.4541414908224606 0
853 3.62564102562497 0.4541414908224606 0
854 3.946153846136127 0.4541414908224606 0
855 4.266666666648037 0.4541414908224606 0
856 4.587179487160333 0.4541414908224606 0
857 4.907692307672627 0.4541414908224606 0
858 5.228205128184923 0.4541414908224606 0
859 5.54871794869722 0.4541414908224606 0
860 5.869230769209516 0.4541414908224606 0
861 6.189743589721814 0.4541414908224606 0
862 6.510256410234108 0.4541414908224606 0
863 6.830769230746404 0.4541414908224606 0
864 7.1512820512587 0.4541414908224606 0
865 7.471794871770996 0.4541414908224606 0
866 7.792307692283293 0.4541414908224606 0
867 8.112820512795972 0.4541414908224606 0
868 8.433333333310543 0.4541414908224606 0
869 8.753846153825116 0.4541414908224606 0
870 9.074358974339692 0.4541414908224606 0
871 9.394871794854264 0.4541414908224606 0
872 9.715384615368837 0.4541414908224606 0
873 10.03589743588341 0.4541414908224606 0
874 10.35641025639799 0.4541414908224606 0
875 10.67692307691256 0.4541414908224606 0
876 10.99743589742713 0.4541414908224606 0
877 11.31794871794171 0.4541414908224606 0
878 11.63846153845628 0.4541414908224606 0
879 11.95897435897085 0.4541414908224606 0
880 12.27948717948543 0.4541414908224606 0
881 0.4205128205115565 0.4612690821545399 0
882 0.7410256410230491 0.4612690821545399 0
883 1.061538461534651 0.4612690821545399 0
884 1.382051282046376 0.46126908215454 0
885 1.702564102558006 0.4612690821545399 0
886 2.023076923069187 0.4612690821545399 0
887 2.343589743580343 0.4612690821545399 0
888 2.6641025640915 0.4612690821545399 0
889 2.984615384602655 0.4612690821545399 0
890 3.305128205113812 0.4612690821545399 0
891 3.62564102562497 0.4612690821545399 0
892 3.946153846136127 0.46126908215454 0
893 4.266666666648038 0.4612690821545399 0
894 4.587179487160333 0.4612690821545398 0
895 4.907692307672629 0.4612690821545399 0
896 5.228205128184922 0.4612690821545399 0
897 5.54871794869722 0.4612690821545399 0
898 5.869230769209515 0.46126908215454 0
899 6.189743589721814 0.4612690821545399 0
900 6.510256410234107 0.4612690821545399 0
901 6.830769230746406 0.4612690821545399 0
902 7.151282051258702 0.4612690821545399 0
903 7.471794871770999 0.4612690821545399 0
904 7.792307692283293 0.4612690821545399 0
905 8.112820512795972 0.4612690821545399 0
906 8.433333333310543 0.4612690821545399 0
907 8.753846153825117 0.4612690821545399 0
908 9.074358974339692 0.4612690821545399 0
909 9.394871794854266 0.4612690821545399 0
910 9.715384615368839 0.4612690821545399 0
911 10.03589743588341 0.4612690821545399 0
912 10.35641025639798 0.4612690821545399 0
913 10.67692307691256 0.4612690821545399 0
914 10.99743589742713 0.4612690821545399 0
915 11.31794871794171 0.4612690821545399 0
916 11.63846153845628 0.4612690821545399 0
917 11.95897435897085 0.4612690821545399 0
918 12.27948717948543 0.4612690821545399 0
919 0.4205128205115565 0.4674700867640411 0
920 0.7410256410230491 0.4674700867640411 0
921 1.061538461534651 0.4674700867640411 0
922 1.382051282046376 0.4674700867640412 0
923 1.702564102558006 0.467470086764041 0
924 2.023076923069188 0.4674700867640411 0
925 2.343589743580343 0.4674700867640409 0
926 2.6641025640915 0.4674700867640412 0
927 2.984615384602656 0.467470086764041 0
928 3.305128205113812 0.4674700867640412 0
929 3.62564102562497 0.4674700867640411 0
930 3.946153846136128 0.4674700867640409 0
931 4.266666666648038 0.4674700867640411 0
932 4.587179487160333 0.467470086764041 0
933 4.907692307672628 0.4674700867640411 0
934 5.228205128184923 0.4674700867640411 0
935 5.548717948697219 0.467470086764041 0
936 5.869230769209516 0.4674700867640411 0
937 6.189743589721813 0.4674700867640409 0
938 6.510256410234108 0.4674700867640411 0
939 6.830769230746404 0.4674700867640411 0
940 7.151282051258701 0.4674700867640411 0
941 7.471794871770995 0.4674700867640412 0
942 7.792307692283293 0.4674700867640412 0
943 8.112820512795972 0.4674700867640411 0
944 8.433333333310543 0.4674700867640411 0
945 8.753846153825119 0.4674700867640409 0
946 9.074358974339692 0.4674700867640411 0
947 9.394871794854264 0.467470086764041 0
948 9.715384615368837 0.4674700867640412 0
949 10.03589743588341 0.4674700867640411 0
950 10.35641025639798 0.4674700867640412 0
951 10.67692307691256 0.4674700867640409 0
952 10.99743589742713 0.4674700867640409 0
953 11.31794871794171 0.4674700867640411 0
954 11.63846153845628 0.4674700867640411 0
955 11.95897435897085 0.4674700867640411 0
956 12.27948717948543 0.4674700867640411 0
957 0.4205128205115565 0.4728649608696436 0
958 0.7410256410230492 0.4728649608696436 0
959 1.061538461534651 0.4728649608696435 0
960 1.382051282046376 0.4728649608696436 0
961 1.702564102558006 0.4728649608696435 0
962 2.023076923069188 0.4728649608696436 0
963 2.343589743580343 0.4728649608696436 0
964 2.6641025640915 0.4728649608696436 0
965 2.984615384602655 0.4728649608696435 0
966 3.305128205113812 0.4728649608696436 0
967 3.62564102562497 0.4728649608696436 0
968 3.946153846136127 0.4728649608696436 0
969 4.266666666648037 0.4728649608696436 0
970 4.587179487160332 0.4728649608696436 0
971 4.907692307672628 0.4728649608696436 0
972 5.228205128184923 0.4728649608696436 0
973 5.548717948697219 0.4728649608696436 0
974 5.869230769209515 0.4728649608696436 0
975 6.189743589721813 0.4728649608696436 0
976 6.510256410234109 0.4728649608696436 0
977 6.830769230746405 0.4728649608696436 0
978 7.151282051258701 0.4728649608696436 0
979 7.471794871770996 0.4728649608696436 0
980 7.792307692283294 0.4728649608696436 0
981 8.112820512795972 0.4728649608696436 0
982 8.433333333310543 0.4728649608696436 0
983 8.753846153825117 0.4728649608696436 0
984 9.07435897433969 0.4728649608696436 0
985 9.394871794854264 0.4728649608696436 0
986 9.715384615368837 0.4728649608696436 0
987 10.03589743588341 0.4728649608696436 0
988 10.35641025639799 0.4728649608696436 0
989 10.67692307691256 0.4728649608696436 0
990 10.99743589742713 0.4728649608696436 0
991 11.31794871794171 0.4728649608696436 0
992 11.63846153845628 0.4728649608696436 0
993 11.95897435897085 0.4728649608696436 0
994 12.27948717948543 0.4728649608696436 0
995 0.4205128205115565 0.4775585012255143 0
996 0.7410256410230491 0.4775585012255144 0
997 1.061538461534651 0.4775585012255144 0
998 1.382051282046376 0.4775585012255144 0
999 1.702564102558006 0.4775585012255144 0
1000 2.023076923069188 0.4775585012255144 0
1001 2.343589743580343 0.4775585012255144 0
1002 2.6641025640915 0.4775585012255144 0
1003 2.984615384602656 0.4775585012255145 0
1004 3.305128205113812 0.4775585012255144 0
1005 3.62564102562497 0.4775585012255144 0
1006 3.946153846136127 0.4775585012255144 0
1007 4.266666666648037 0.4775585012255144 0
1008 4.587179487160334 0.4775585012255144 0
1009 4.907692307672628 0.4775585012255144 0
1010 5.228205128184923 0.4775585012255144 0
1011 5.54871794869722 0.4775585012255144 0
1012 5.869230769209516 0.4775585012255144 0
1013 6.189743589721813 0.4775585012255145 0
1014 6.510256410234109 0.4775585012255144 0
1015 6.830769230746404 0.4775585012255145 0
1016 7.151282051258701 0.4775585012255145 0
1017 7.471794871770995 0.4775585012255144 0
1018 7.792307692283294 0.4775585012255143 0
1019 8.112820512795974 0.4775585012255144 0
1020 8.433333333310543 0.4775585012255143 0
1021 8.753846153825117 0.4775585012255145 0
1022 9.074358974339692 0.4775585012255143 0
1023 9.394871794854264 0.4775585012255143 0
1024 9.715384615368837 0.4775585012255144 0
1025 10.03589743588341 0.4775585012255144 0
1026 10.35641025639798 0.4775585012255144 0
1027 10.67692307691256 0.4775585012255143 0
1028 10.99743589742713 0.4775585012255144 0
1029 11.31794871794171 0.4775585012255144 0
1030 11.63846153845628 0.4775585012255144 0
1031 11.95897435897085 0.4775585012255145 0
1032 12.27948717948543 0.4775585012255144 0
1033 0.4205128205115565 0.4816418811574964 0
1034 0.7410256410230491 0.4816418811574964 0
1035 1.061538461534651 0.4816418811574963 0
1036 1.382051282046376 0.4816418811574965 0
1037 1.702564102558006 0.4816418811574964 0
1038 2.023076923069187 0.4816418811574965 0
1039 2.343589743580343 0.4816418811574964 0
1040 2.6641025640915 0.4816418811574964 0
1041 2.984615384602656 0.4816418811574964 0
1042 3.305128205113812 0.4816418811574964 0
1043 3.62564102562497 0.4816418811574965 0
1044 3.946153846136128 0.4816418811574964 0
1045 4.266666666648037 0.4816418811574965 0
1046 4.587179487160334 0.4816418811574965 0
1047 4.907692307672627 0.4816418811574964 0
1048 5.228205128184922 0.4816418811574964 0
1049 5.548717948697219 0.4816418811574964 0
1050 5.869230769209515 0.4816418811574964 0
1051 6.189743589721813 0.4816418811574964 0
1052 6.510256410234108 0.4816418811574964 0
1053 6.830769230746404 0.4816418811574964 0
1054 7.151282051258701 0.4816418811574964 0
1055 7.471794871770994 0.4816418811574964 0
1056 7.792307692283293 0.4816418811574964 0
1057 8.112820512795974 0.4816418811574964 0
1058 8.433333333310543 0.4816418811574964 0
1059 8.753846153825117 0.4816418811574964 0
1060 9.07435897433969 0.4816418811574964 0
1061 9.394871794854264 0.4816418811574964 0
1062 9.715384615368837 0.4816418811574964 0
1063 10.03589743588341 0.4816418811574964 0
1064 10.35641025639799 0.4816418811574964 0
1065 10.67692307691255 0.4816418811574964 0
1066 10.99743589742713 0.4816418811574964 0
1067 11.31794871794171 0.4816418811574964 0
1068 11.63846153845628 0.4816418811574964 0
1069 11.95897435897085 0.4816418811574964 0
1070 12.27948717948542 0.4816418811574964 0
1071 0.4205128205115564 0.4851944216731364 0
1072 0.7410256410230491 0.4851944216731364 0
1073 1.061538461534651 0.4851944216731364 0
1074 1.382051282046376 0.4851944216731364 0
1075 1.702564102558006 0.4851944216731364 0
1076 2.023076923069188 0.4851944216731364 0
1077 2.343589743580343 0.4851944216731364 0
1078 2.6641025640915 0.4851944216731364 0
1079 2.984615384602656 0.4851944216731365 0
1080 3.305128205113812 0.4851944216731365 0
1081 3.625641025624971 0.4851944216731364 0
1082 3.946153846136128 0.4851944216731364 0
1083 4.266666666648037 0.4851944216731364 0
1084 4.587179487160333 0.4851944216731364 0
1085 4.907692307672627 0.4851944216731364 0
1086 5.228205128184923 0.4851944216731364 0
1087 5.548717948697219 0.4851944216731364 0
1088 5.869230769209515 0.4851944216731365 0
1089 6.189743589721813 0.4851944216731364 0
1090 6.510256410234108 0.4851944216731364 0
1091 6.830769230746405 0.4851944216731364 0
1092 7.151282051258701 0.4851944216731364 0
1093 7.471794871770995 0.4851944216731364 0
1094 7.792307692283293 0.4851944216731364 0
1095 8.112820512795972 0.4851944216731364 0
1096 8.433333333310543 0.4851944216731364 0
1097 8.753846153825117 0.4851944216731364 0
1098 9.074358974339692 0.4851944216731364 0
1099 9.394871794854264 0.4851944216731364 0
1100 9.715384615368837 0.4851944216731364 0
1101 10.03589743588341 0.4851944216731364 0
1102 10.35641025639799 0.4851944216731364 0
1103 10.67692307691256 0.4851944216731364 0
1104 10.99743589742713 0.4851944216731364 0
1105 11.31794871794171 0.4851944216731364 0
1106 11.63846153845628 0.4851944216731364 0
1107 11.95897435897085 0.4851944216731364 0
1108 12.27948717948543 0.4851944216731364 0
1109 0.4205128205115565 0.4882851323600508 0
1110 0.7410256410230491 0.4882851323600509 0
1111 1.061538461534651 0.4882851323600509 0
1112 1.382051282046376 0.4882851323600508 0
1113 1.702564102558006 0.4882851323600508 0
1114 2.023076923069188 0.4882851323600508 0
1115 2.343589743580343 0.4882851323600509 0
1116 2.664102564091499 0.4882851323600508 0
1117 2.984615384602656 0.4882851323600509 0
1118 3.305128205113812 0.4882851323600508 0
1119 3.62564102562497 0.4882851323600508 0
1120 3.946153846136127 0.4882851323600508 0
1121 4.266666666648037 0.4882851323600508 0
1122 4.587179487160333 0.4882851323600508 0
1123 4.907692307672627 0.4882851323600508 0
1124 5.228205128184923 0.4882851323600508 0
1125 5.548717948697219 0.4882851323600509 0
1126 5.869230769209515 0.4882851323600509 0
1127 6.189743589721813 0.4882851323600509 0
1128 6.510256410234109 0.4882851323600508 0
1129 6.830769230746404 0.4882851323600508 0
1130 7.151282051258701 0.4882851323600509 0
1131 7.471794871770994 0.4882851323600508 0
1132 7.792307692283294 0.4882851323600509 0
1133 8.112820512795972 0.4882851323600508 0
1134 8.433333333310545 0.4882851323600509 0
1135 8.753846153825117 0.4882851323600509 0
1136 9.074358974339692 0.4882851323600509 0
1137 9.394871794854263 0.4882851323600509 0
1138 9.715384615368837 0.4882851323600509 0
1139 10.03589743588341 0.4882851323600509 0
1140 10.35641025639799 0.4882851323600509 0
1141 10.67692307691255 0.4882851323600508 0
1142 10.99743589742713 0.4882851323600509 0
1143 11.31794871794171 0.4882851323600509 0
1144 11.63846153845628 0.4882851323600509 0
1145 11.95897435897085 0.4882851323600509 0
1146 12.27948717948543 0.4882851323600509 0
1147 0.4205128205115565 0.4909740507714186 0
1148 0.7410256410230491 0.4909740507714186 0
1149 1.061538461534651 0.4909740507714186 0
1150 1.382051282046376 0.4909740507714186 0
1151 1.702564102558006 0.4909740507714186 0
1152 2.023076923069188 0.4909740507714186 0
1153 2.343589743580343 0.4909740507714188 0
1154 2.664102564091499 0.4909740507714186 0
1155 2.984615384602656 0.4909740507714186 0
1156 3.305128205113812 0.4909740507714186 0
1157 3.62564102562497 0.4909740507714186 0
1158 3.946153846136127 0.4909740507714188 0
1159 4.266666666648037 0.4909740507714186 0
1160 4.587179487160333 0.4909740507714187 0
1161 4.907692307672627 0.4909740507714186 0
1162 5.228205128184923 0.4909740507714186 0
1163 5.54871794869722 0.4909740507714186 0
1164 5.869230769209515 0.4909740507714186 0
1165 6.189743589721813 0.4909740507714185 0
1166 6.510256410234107 0.4909740507714186 0
1167 6.830769230746405 0.4909740507714186 0
1168 7.151282051258701 0.4909740507714186 0
1169 7.471794871770996 0.4909740507714186 0
1170 7.792307692283294 0.4909740507714186 0
1171 8.112820512795972 0.4909740507714186 0
1172 8.433333333310543 0.4909740507714186 0
1173 8.753846153825117 0.4909740507714186 0
1174 9.07435897433969 0.4909740507714186 0
1175 9.394871794854264 0.4909740507714186 0
1176 9.715384615368837 0.4909740507714186 0
1177 10.03589743588341 0.4909740507714186 0
1178 10.35641025639799 0.4909740507714186 0
1179 10.67692307691255 0.4909740507714186 0
1180 10.99743589742713 0.4909740507714186 0
1181 11.31794871794171 0.4909740507714186 0
1182 11.63846153845628 0.4909740507714186 0
1183 11.95897435897085 0.4909740507714186 0
1184 12.27948717948543 0.4909740507714186 0
1185 0.4205128205115565 0.4933134093340096 0
1186 0.7410256410230491 0.4933134093340097 0
1187 1.061538461534651 0.4933134093340096 0
1188 1.382051282046376 0.4933134093340096 0
1189 1.702564102558006 0.4933134093340096 0
1190 2.023076923069188 0.4933134093340096 0
1191 2.343589743580343 0.4933134093340096 0
1192 2.6641025640915 0.4933134093340097 0
1193 2.984615384602656 0.4933134093340096 0
1194 3.305128205113812 0.4933134093340096 0
1195 3.62564102562497 0.4933134093340096 0
1196 3.946153846136128 0.4933134093340096 0
1197 4.266666666648037 0.4933134093340096 0
1198 4.587179487160333 0.4933134093340096 0
1199 4.907692307672627 0.4933134093340096 0
1200 5.228205128184923 0.4933134093340096 0
1201 5.54871794869722 0.4933134093340096 0
1202 5.869230769209515 0.4933134093340096 0
1203 6.189743589721813 0.4933134093340096 0
1204 6.510256410234109 0.4933134093340096 0
1205 6.830769230746403 0.4933134093340096 0
1206 7.151282051258701 0.4933134093340096 0
1207 7.471794871770995 0.4933134093340096 0
1208 7.792307692283294 0.4933134093340096 0
1209 8.112820512795972 0.4933134093340096 0
1210 8.433333333310543 0.4933134093340096 0
1211 8.753846153825117 0.4933134093340096 0
1212 9.074358974339692 0.4933134093340096 0
1213 9.394871794854264 0.4933134093340096 0
1214 9.715384615368837 0.4933134093340096 0
1215 10.03589743588341 0.4933134093340096 0
1216 10.35641025639798 0.4933134093340096 0
1217 10.67692307691255 0.4933134093340096 0
1218 10.99743589742713 0.4933134093340096 0
1219 11.31794871794171 0.4933134093340096 0
1220 11.63846153845628 0.4933134093340096 0
1221 11.95897435897085 0.4933134093340096 0
1222 12.27948717948543 0.4933134093340096 0
1223 0.4205128205115564 0.495348651296538 0
1224 0.741025641023049 0.4953486512965378 0
1225 1.061538461534652 0.4953486512965379 0
1226 1.382051282046376 0.495348651296538 0
1227 1.702564102558006 0.495348651296538 0
1228 2.023076923069187 0.4953486512965378 0
1229 2.343589743580343 0.495348651296538 0
1230 2.6641025640915 0.4953486512965378 0
1231 2.984615384602656 0.4953486512965379 0
1232 3.305128205113812 0.4953486512965379 0
1233 3.62564102562497 0.4953486512965378 0
1234 3.946153846136127 0.4953486512965378 0
1235 4.266666666648038 0.495348651296538 0
1236 4.587179487160334 0.4953486512965379 0
1237 4.907692307672627 0.4953486512965378 0
1238 5.228205128184922 0.495348651296538 0
1239 5.54871794869722 0.495348651296538 0
1240 5.869230769209516 0.4953486512965378 0
1241 6.189743589721814 0.4953486512965378 0
1242 6.510256410234109 0.4953486512965378 0
1243 6.830769230746405 0.4953486512965379 0
1244 7.1512820512587 0.4953486512965378 0
1245 7.471794871770994 0.4953486512965378 0
1246 7.792307692283294 0.4953486512965379 0
1247 8.112820512795974 0.4953486512965379 0
1248 8.433333333310543 0.495348651296538 0
1249 8.753846153825117 0.4953486512965378 0
1250 9.074358974339692 0.495348651296538 0
1251 9.394871794854264 0.4953486512965379 0
1252 9.715384615368837 0.4953486512965379 0
1253 10.03589743588341 0.4953486512965379 0
1254 10.35641025639799 0.4953486512965379 0
1255 10.67692307691256 0.4953486512965378 0
1256 10.99743589742713 0.4953486512965379 0
1257 11.31794871794171 0.4953486512965379 0
1258 11.63846153845628 0.4953486512965379 0
1259 11.95897435897085 0.4953486512965378 0
1260 12.27948717948543 0.4953486512965378 0
1261 0.4205128205115565 0.4971193119537613 0
1262 0.7410256410230491 0.4971193119537613 0
1263 1.061538461534651 0.4971193119537613 0
1264 1.382051282046376 0.4971193119537613 0
1265 1.702564102558006 0.4971193119537613 0
1266 2.023076923069187 0.4971193119537612 0
1267 2.343589743580342 0.4971193119537613 0
1268 2.6641025640915 0.4971193119537613 0
1269 2.984615384602656 0.4971193119537613 0
1270 3.305128205113812 0.4971193119537612 0
1271 3.625641025624971 0.4971193119537612 0
1272 3.946153846136128 0.4971193119537613 0
1273 4.266666666648037 0.4971193119537614 0
1274 4.587179487160333 0.4971193119537612 0
1275 4.907692307672627 0.4971193119537612 0
1276 5.228205128184923 0.4971193119537614 0
1277 5.54871794869722 0.4971193119537612 0
1278 5.869230769209516 0.4971193119537614 0
1279 6.189743589721813 0.4971193119537613 0
1280 6.510256410234107 0.4971193119537612 0
1281 6.830769230746403 0.4971193119537612 0
1282 7.1512820512587 0.4971193119537612 0
1283 7.471794871770994 0.4971193119537614 0
1284 7.792307692283293 0.4971193119537614 0
1285 8.112820512795972 0.4971193119537613 0
1286 8.433333333310543 0.4971193119537612 0
1287 8.753846153825117 0.4971193119537613 0
1288 9.074358974339692 0.4971193119537614 0
1289 9.394871794854264 0.4971193119537612 0
1290 9.715384615368837 0.4971193119537613 0
1291 10.03589743588341 0.4971193119537614 0
1292 10.35641025639799 0.4971193119537614 0
1293 10.67692307691255 0.4971193119537614 0
1294 10.99743589742713 0.4971193119537613 0
1295 11.31794871794171 0.4971193119537614 0
1296 11.63846153845628 0.4971193119537612 0
1297 11.95897435897085 0.4971193119537613 0
1298 12.27948717948543 0.4971193119537613 0
1299 0.4205128205115565 0.4986597866769909 0
1300 0.7410256410230491 0.4986597866769909 0
1301 1.061538461534651 0.4986597866769909 0
1302 1.382051282046376 0.4986597866769909 0
1303 1.702564102558006 0.498659786676991 0
1304 2.023076923069187 0.4986597866769909 0
1305 2.343589743580343 0.498659786676991 0
1306 2.6641025640915 0.4986597866769908 0
1307 2.984615384602656 0.498659786676991 0
1308 3.305128205113812 0.4986597866769908 0
1309 3.62564102562497 0.4986597866769908 0
1310 3.946153846136128 0.4986597866769908 0
1311 4.266666666648038 0.4986597866769909 0
1312 4.587179487160333 0.4986597866769909 0
1313 4.907692307672627 0.498659786676991 0
1314 5.228205128184923 0.498659786676991 0
1315 5.548717948697219 0.4986597866769908 0
1316 5.869230769209515 0.498659786676991 0
1317 6.189743589721814 0.4986597866769908 0
1318 6.510256410234109 0.498659786676991 0
1319 6.830769230746405 0.4986597866769909 0
1320 7.1512820512587 0.4986597866769909 0
1321 7.471794871770996 0.498659786676991 0
1322 7.792307692283294 0.4986597866769909 0
1323 8.112820512795972 0.4986597866769909 0
1324 8.433333333310543 0.498659786676991 0
1325 8.753846153825116 0.4986597866769908 0
1326 9.074358974339692 0.4986597866769908 0
1327 9.394871794854264 0.4986597866769909 0
1328 9.715384615368839 0.4986597866769908 0
1329 10.03589743588341 0.498659786676991 0
1330 10.35641025639799 0.4986597866769909 0
1331 10.67692307691256 0.4986597866769909 0
1332 10.99743589742713 0.498659786676991 0
1333 11.31794871794171 0.4986597866769909 0
1334 11.63846153845628 0.4986597866769908 0
1335 11.95897435897085 0.4986597866769909 0
1336 12.27948717948543 0.4986597866769909 0
1337 0.4205128205115561 0.5023230122209091 0
1338 0.7410256410230498 0.502323012220909 0
1339 1.061538461534651 0.502323012220909 0
1340 1.382051282046376 0.502323012220909 0
1341 1.702564102558006 0.502323012220909 0
1342 2.023076923069187 0.502323012220909 0
1343 2.343589743580344 0.502323012220909 0
1344 2.664102564091499 0.5023230122209091 0
1345 2.984615384602656 0.502323012220909 0
1346 3.305128205113812 0.502323012220909 0
1347 3.62564102562497 0.502323012220909 0
1348 3.946153846136126 0.5023230122209091 0
1349 4.266666666648035 0.5023230122209091 0
1350 4.587179487160333 0.502323012220909 0
1351 4.907692307672629 0.502323012220909 0
1352 5.228205128184923 0.5023230122209091 0
1353 5.548717948697222 0.502323012220909 0
1354 5.869230769209517 0.502323012220909 0
1355 6.189743589721812 0.502323012220909 0
1356 6.510256410234109 0.502323012220909 0
1357 6.830769230746403 0.502323012220909 0
1358 7.151282051258702 0.502323012220909 0
1359 7.471794871770997 0.502323012220909 0
1360 7.792307692283292 0.502323012220909 0
1361 8.112820512795972 0.502323012220909 0
1362 8.433333333310548 0.502323012220909 0
1363 8.753846153825117 0.502323012220909 0
1364 9.074358974339694 0.502323012220909 0
1365 9.394871794854266 0.502323012220909 0
1366 9.715384615368839 0.502323012220909 0
1367 10.03589743588341 0.502323012220909 0
1368 10.35641025639798 0.502323012220909 0
1369 10.67692307691255 0.502323012220909 0
1370 10.99743589742713 0.502323012220909 0
1371 11.31794871794171 0.502323012220909 0
1372 11.63846153845628 0.502323012220909 0
1373 11.95897435897085 0.502323012220909 0
1374 12.27948717948543 0.502323012220909 0
1375 0.4205128205115561 0.5038444757984352 0
1376 0.7410256410230499 0.5038444757984352 0
1377 1.061538461534651 0.5038444757984352 0
1378 1.382051282046377 0.5038444757984351 0
1379 1.702564102558005 0.5038444757984352 0
1380 2.023076923069187 0.5038444757984352 0
1381 2.343589743580344 0.5038444757984352 0
1382 2.664102564091499 0.5038444757984352 0
1383 2.984615384602656 0.5038444757984352 0
1384 3.305128205113812 0.5038444757984352 0
1385 3.62564102562497 0.5038444757984352 0
1386 3.946153846136127 0.5038444757984353 0
1387 4.266666666648034 0.5038444757984352 0
1388 4.587179487160333 0.5038444757984352 0
1389 4.907692307672629 0.5038444757984351 0
1390 5.228205128184922 0.5038444757984352 0
1391 5.548717948697221 0.5038444757984352 0
1392 5.869230769209516 0.5038444757984352 0
1393 6.189743589721811 0.5038444757984352 0
1394 6.510256410234108 0.5038444757984351 0
1395 6.830769230746405 0.5038444757984352 0
1396 7.151282051258701 0.5038444757984352 0
1397 7.471794871770996 0.5038444757984351 0
1398 7.792307692283292 0.5038444757984352 0
1399 8.112820512795974 0.5038444757984352 0
1400 8.433333333310548 0.5038444757984353 0
1401 8.753846153825117 0.5038444757984352 0
1402 9.074358974339692 0.5038444757984352 0
1403 9.394871794854263 0.5038444757984352 0
1404 9.715384615368837 0.5038444757984352 0
1405 10.03589743588341 0.5038444757984352 0
1406 10.35641025639798 0.5038444757984352 0
1407 10.67692307691255 0.5038444757984352 0
1408 10.99743589742713 0.5038444757984352 0
1409 11.31794871794171 0.5038444757984352 0
1410 11.63846153845628 0.5038444757984351 0
1411 11.95897435897085 0.5038444757984352 0
1412 12.27948717948543 0.5038444757984352 0
1413 0.4205128205115561 0.505594158769227 0
1414 0.7410256410230497 0.5055941587692268 0
1415 1.061538461534651 0.5055941587692269 0
1416 1.382051282046377 0.5055941587692269 0
1417 1.702564102558006 0.505594158769227 0
1418 2.023076923069188 0.5055941587692269 0
1419 2.343589743580344 0.5055941587692269 0
1420 2.6641025640915 0.5055941587692269 0
1421 2.984615384602656 0.5055941587692269 0
1422 3.305128205113812 0.5055941587692269 0
1423 3.62564102562497 0.5055941587692269 0
1424 3.946153846136126 0.5055941587692269 0
1425 4.266666666648035 0.505594158769227 0
1426 4.587179487160333 0.5055941587692271 0
1427 4.907692307672629 0.5055941587692268 0
1428 5.228205128184922 0.5055941587692268 0
1429 5.54871794869722 0.5055941587692269 0
1430 5.869230769209516 0.505594158769227 0
1431 6.189743589721811 0.5055941587692269 0
1432 6.510256410234109 0.5055941587692269 0
1433 6.830769230746405 0.5055941587692269 0
1434 7.151282051258701 0.5055941587692269 0
1435 7.471794871770997 0.5055941587692269 0
1436 7.792307692283291 0.5055941587692269 0
1437 8.112820512795974 0.5055941587692269 0
1438 8.433333333310548 0.5055941587692269 0
1439 8.753846153825117 0.5055941587692269 0
1440 9.074358974339692 0.5055941587692269 0
1441 9.394871794854264 0.5055941587692268 0
1442 9.715384615368839 0.5055941587692269 0
1443 10.03589743588341 0.5055941587692269 0
1444 10.35641025639798 0.505594158769227 0
1445 10.67692307691255 0.5055941587692269 0
1446 10.99743589742713 0.5055941587692269 0
1447 11.31794871794171 0.5055941587692269 0
1448 11.63846153845628 0.5055941587692269 0
1449 11.95897435897085 0.5055941587692269 0
1450 12.27948717948543 0.5055941587692269 0
1451 0.4205128205115561 0.5076062945304628 0
1452 0.7410256410230497 0.5076062945304628 0
1453 1.061538461534651 0.5076062945304628 0
1454 1.382051282046377 0.5076062945304627 0
1455 1.702564102558006 0.5076062945304628 0
1456 2.023076923069187 0.5076062945304628 0
1457 2.343589743580344 0.5076062945304628 0
1458 2.6641025640915 0.5076062945304628 0
1459 2.984615384602656 0.5076062945304628 0
1460 3.305128205113812 0.5076062945304628 0
1461 3.625641025624969 0.5076062945304628 0
1462 3.946153846136126 0.5076062945304628 0
1463 4.266666666648035 0.5076062945304629 0
1464 4.587179487160333 0.5076062945304628 0
1465 4.907692307672629 0.5076062945304628 0
1466 5.228205128184922 0.5076062945304628 0
1467 5.548717948697221 0.5076062945304627 0
1468 5.869230769209516 0.5076062945304627 0
1469 6.189743589721811 0.5076062945304628 0
1470 6.510256410234108 0.5076062945304627 0
1471 6.830769230746403 0.5076062945304627 0
1472 7.151282051258701 0.5076062945304628 0
1473 7.471794871770996 0.5076062945304628 0
1474 7.792307692283292 0.5076062945304628 0
1475 8.112820512795976 0.5076062945304628 0
1476 8.433333333310546 0.5076062945304628 0
1477 8.753846153825119 0.5076062945304628 0
1478 9.07435897433969 0.5076062945304627 0
1479 9.394871794854263 0.5076062945304628 0
1480 9.715384615368839 0.5076062945304628 0
1481 10.03589743588341 0.5076062945304628 0
1482 10.35641025639798 0.5076062945304628 0
1483 10.67692307691256 0.5076062945304628 0
1484 10.99743589742713 0.5076062945304628 0
1485 11.31794871794171 0.5076062945304627 0
1486 11.63846153845628 0.5076062945304628 0
1487 11.95897435897085 0.5076062945304628 0
1488 12.27948717948543 0.5076062945304628 0
1489 0.4205128205115561 0.5099202506127796 0
1490 0.74102564102305 0.5099202506127796 0
1491 1.061538461534651 0.5099202506127796 0
1492 1.382051282046377 0.5099202506127796 0
1493 1.702564102558006 0.5099202506127796 0
1494 2.023076923069187 0.5099202506127796 0
1495 2.343589743580344 0.5099202506127796 0
1496 2.664102564091499 0.5099202506127796 0
1497 2.984615384602656 0.5099202506127795 0
1498 3.305128205113812 0.5099202506127796 0
1499 3.62564102562497 0.5099202506127796 0
1500 3.946153846136126 0.5099202506127796 0
1501 4.266666666648035 0.5099202506127796 0
1502 4.587179487160333 0.5099202506127796 0
1503 4.907692307672628 0.5099202506127796 0
1504 5.228205128184925 0.5099202506127796 0
1505 5.548717948697221 0.5099202506127796 0
1506 5.869230769209516 0.5099202506127796 0
1507 6.189743589721811 0.5099202506127796 0
1508 6.510256410234108 0.5099202506127796 0
1509 6.830769230746405 0.5099202506127796 0
1510 7.151282051258701 0.5099202506127796 0
1511 7.471794871770996 0.5099202506127796 0
1512 7.792307692283292 0.5099202506127796 0
1513 8.112820512795972 0.5099202506127796 0
1514 8.433333333310546 0.5099202506127796 0
1515 8.753846153825119 0.5099202506127796 0
1516 9.07435897433969 0.5099202506127796 0
1517 9.394871794854263 0.5099202506127796 0
1518 9.715384615368839 0.5099202506127796 0
1519 10.03589743588341 0.5099202506127796 0
1520 10.35641025639798 0.5099202506127796 0
1521 10.67692307691256 0.5099202506127796 0
1522 10.99743589742713 0.5099202506127796 0
1523 11.31794871794171 0.5099202506127796 0
1524 11.63846153845628 0.5099202506127796 0
1525 11.95897435897085 0.5099202506127795 0
1526 12.27948717948543 0.5099202506127796 0
1527 0.4205128205115561 0.5125813001162297 0
1528 0.7410256410230498 0.5125813001162297 0
1529 1.061538461534651 0.5125813001162297 0
1530 1.382051282046377 0.5125813001162297 0
1531 1.702564102558005 0.5125813001162298 0
1532 2.023076923069187 0.5125813001162297 0
1533 2.343589743580344 0.5125813001162298 0
1534 2.6641025640915 0.5125813001162297 0
1535 2.984615384602655 0.5125813001162297 0
1536 3.305128205113812 0.5125813001162298 0
1537 3.62564102562497 0.5125813001162297 0
1538 3.946153846136126 0.5125813001162298 0
1539 4.266666666648034 0.5125813001162297 0
1540 4.587179487160333 0.5125813001162297 0
1541 4.907692307672629 0.5125813001162297 0
1542 5.228205128184924 0.5125813001162298 0
1543 5.548717948697219 0.5125813001162297 0
1544 5.869230769209516 0.5125813001162297 0
1545 6.189743589721811 0.5125813001162297 0
1546 6.510256410234108 0.5125813001162298 0
1547 6.830769230746405 0.5125813001162298 0
1548 7.151282051258701 0.5125813001162297 0
1549 7.471794871770998 0.5125813001162298 0
1550 7.792307692283292 0.5125813001162297 0
1551 8.112820512795972 0.5125813001162297 0
1552 8.433333333310545 0.5125813001162298 0
1553 8.753846153825117 0.5125813001162297 0
1554 9.074358974339692 0.5125813001162297 0
1555 9.394871794854264 0.5125813001162297 0
1556 9.715384615368839 0.5125813001162297 0
1557 10.03589743588341 0.5125813001162298 0
1558 10.35641025639798 0.5125813001162297 0
1559 10.67692307691255 0.5125813001162297 0
1560 10.99743589742713 0.5125813001162298 0
1561 11.3179487179417 0.5125813001162297 0
1562 11.63846153845628 0.5125813001162297 0
1563 11.95897435897085 0.5125813001162297 0
1564 12.27948717948543 0.5125813001162297 0
1565 0.4205128205115561 0.5156415070771603 0
1566 0.7410256410230498 0.5156415070771605 0
1567 1.061538461534651 0.5156415070771605 0
1568 1.382051282046377 0.5156415070771605 0
1569 1.702564102558006 0.5156415070771606 0
1570 2.023076923069188 0.5156415070771606 0
1571 2.343589743580344 0.5156415070771605 0
1572 2.664102564091499 0.5156415070771605 0
1573 2.984615384602656 0.5156415070771605 0
1574 3.305128205113812 0.5156415070771605 0
1575 3.62564102562497 0.5156415070771605 0
1576 3.946153846136126 0.5156415070771605 0
1577 4.266666666648035 0.5156415070771605 0
1578 4.587179487160333 0.5156415070771605 0
1579 4.907692307672629 0.5156415070771605 0
1580 5.228205128184923 0.5156415070771605 0
1581 5.54871794869722 0.5156415070771605 0
1582 5.869230769209516 0.5156415070771605 0
1583 6.189743589721811 0.5156415070771605 0
1584 6.510256410234108 0.5156415070771605 0
1585 6.830769230746405 0.5156415070771605 0
1586 7.1512820512587 0.5156415070771605 0
1587 7.471794871770997 0.5156415070771605 0
1588 7.792307692283291 0.5156415070771605 0
1589 8.112820512795972 0.5156415070771605 0
1590 8.433333333310548 0.5156415070771605 0
1591 8.753846153825117 0.5156415070771605 0
1592 9.074358974339692 0.5156415070771605 0
1593 9.394871794854264 0.5156415070771605 0
1594 9.715384615368839 0.5156415070771605 0
1595 10.03589743588341 0.5156415070771605 0
1596 10.35641025639798 0.5156415070771605 0
1597 10.67692307691255 0.5156415070771605 0
1598 10.99743589742713 0.5156415070771605 0
1599 11.31794871794171 0.5156415070771605 0
1600 11.63846153845628 0.5156415070771605 0
1601 11.95897435897085 0.5156415070771605 0
1602 12.27948717948543 0.5156415070771605 0
1603 0.4205128205115561 0.5191607449403789 0
1604 0.7410256410230498 0.5191607449403788 0
1605 1.061538461534651 0.5191607449403788 0
1606 1.382051282046377 0.5191607449403788 0
1607 1.702564102558006 0.5191607449403789 0
1608 2.023076923069187 0.5191607449403788 0
1609 2.343589743580343 0.5191607449403788 0
1610 2.664102564091499 0.5191607449403788 0
1611 2.984615384602656 0.5191607449403788 0
1612 3.305128205113812 0.5191607449403788 0
1613 3.62564102562497 0.5191607449403788 0
1614 3.946153846136126 0.5191607449403789 0
1615 4.266666666648035 0.5191607449403788 0
1616 4.587179487160332 0.5191607449403788 0
1617 4.907692307672629 0.5191607449403788 0
1618 5.228205128184923 0.5191607449403788 0
1619 5.548717948697222 0.5191607449403788 0
1620 5.869230769209517 0.5191607449403788 0
1621 6.189743589721811 0.5191607449403788 0
1622 6.510256410234108 0.5191607449403788 0
1623 6.830769230746404 0.5191607449403788 0
1624 7.151282051258701 0.5191607449403788 0
1625 7.471794871770998 0.5191607449403788 0
1626 7.792307692283292 0.5191607449403788 0
1627 8.112820512795974 0.5191607449403788 0
1628 8.433333333310548 0.5191607449403788 0
1629 8.753846153825119 0.5191607449403788 0
1630 9.074358974339692 0.5191607449403788 0
1631 9.394871794854264 0.5191607449403788 0
1632 9.715384615368839 0.5191607449403788 0
1633 10.03589743588341 0.5191607449403788 0
1634 10.35641025639798 0.5191607449403788 0
1635 10.67692307691255 0.5191607449403788 0
1636 10.99743589742713 0.5191607449403788 0
1637 11.31794871794171 0.5191607449403788 0
1638 11.63846153845628 0.5191607449403788 0
1639 11.95897435897085 0.5191607449403788 0
1640 12.27948717948543 0.5191607449403788 0
1641 0.4205128205115561 0.5232078685791018 0
1642 0.7410256410230497 0.523207868579102 0
1643 1.061538461534651 0.5232078685791017 0
1644 1.382051282046377 0.5232078685791017 0
1645 1.702564102558006 0.5232078685791017 0
1646 2.023076923069188 0.5232078685791017 0
1647 2.343589743580344 0.5232078685791017 0
1648 2.6641025640915 0.5232078685791017 0
1649 2.984615384602656 0.5232078685791017 0
1650 3.305128205113812 0.5232078685791017 0
1651 3.62564102562497 0.5232078685791017 0
1652 3.946153846136127 0.5232078685791017 0
1653 4.266666666648035 0.5232078685791018 0
1654 4.587179487160332 0.5232078685791017 0
1655 4.907692307672629 0.5232078685791017 0
1656 5.228205128184923 0.5232078685791017 0
1657 5.548717948697221 0.5232078685791017 0
1658 5.869230769209516 0.5232078685791017 0
1659 6.189743589721811 0.5232078685791017 0
1660 6.510256410234108 0.5232078685791017 0
1661 6.830769230746404 0.5232078685791017 0
1662 7.151282051258701 0.5232078685791017 0
1663 7.471794871770998 0.5232078685791017 0
1664 7.792307692283292 0.5232078685791017 0
1665 8.112820512795974 0.5232078685791017 0
1666 8.433333333310545 0.5232078685791017 0
1667 8.753846153825117 0.5232078685791017 0
1668 9.07435897433969 0.5232078685791017 0
1669 9.394871794854264 0.5232078685791017 0
1670 9.715384615368839 0.5232078685791017 0
1671 10.03589743588341 0.5232078685791017 0
1672 10.35641025639798 0.5232078685791017 0
1673 10.67692307691256 0.5232078685791017 0
1674 10.99743589742713 0.5232078685791017 0
1675 11.3179487179417 0.5232078685791017 0
1676 11.63846153845628 0.5232078685791017 0
1677 11.95897435897085 0.5232078685791017 0
1678 12.27948717948543 0.5232078685791017 0
1679 0.4205128205115562 0.5278620603991391 0
1680 0.7410256410230498 0.5278620603991392 0
1681 1.061538461534651 0.527862060399139 0
1682 1.382051282046377 0.527862060399139 0
1683 1.702564102558006 0.527862060399139 0
1684 2.023076923069187 0.5278620603991391 0
1685 2.343589743580344 0.527862060399139 0
1686 2.664102564091499 0.527862060399139 0
1687 2.984615384602655 0.527862060399139 0
1688 3.305128205113812 0.527862060399139 0
1689 3.62564102562497 0.5278620603991391 0
1690 3.946153846136126 0.527862060399139 0
1691 4.266666666648035 0.527862060399139 0
1692 4.587179487160333 0.527862060399139 0
1693 4.907692307672629 0.527862060399139 0
1694 5.228205128184923 0.527862060399139 0
1695 5.548717948697221 0.527862060399139 0
1696 5.869230769209516 0.527862060399139 0
1697 6.189743589721811 0.527862060399139 0
1698 6.510256410234108 0.527862060399139 0
1699 6.830769230746403 0.527862060399139 0
1700 7.151282051258701 0.527862060399139 0
1701 7.471794871770997 0.527862060399139 0
1702 7.792307692283291 0.5278620603991389 0
1703 8.112820512795972 0.5278620603991391 0
1704 8.433333333310546 0.527862060399139 0
1705 8.753846153825119 0.5278620603991391 0
1706 9.074358974339692 0.527862060399139 0
1707 9.394871794854264 0.527862060399139 0
1708 9.715384615368839 0.527862060399139 0
1709 10.03589743588341 0.527862060399139 0
1710 10.35641025639798 0.527862060399139 0
1711 10.67692307691255 0.527862060399139 0
1712 10.99743589742713 0.527862060399139 0
1713 11.3179487179417 0.527862060399139 0
1714 11.63846153845628 0.527862060399139 0
1715 11.95897435897085 0.527862060399139 0
1716 12.27948717948543 0.527862060399139 0
1717 0.4205128205115561 0.5332143809720997 0
1718 0.7410256410230497 0.5332143809720997 0
1719 1.061538461534651 0.5332143809720996 0
1720 1.382051282046377 0.5332143809720996 0
1721 1.702564102558006 0.5332143809720996 0
1722 2.023076923069187 0.5332143809720996 0
1723 2.343589743580344 0.5332143809720996 0
1724 2.6641025640915 0.5332143809720997 0
1725 2.984615384602655 0.5332143809720996 0
1726 3.305128205113812 0.5332143809720996 0
1727 3.62564102562497 0.5332143809720996 0
1728 3.946153846136126 0.5332143809720996 0
1729 4.266666666648035 0.5332143809720996 0
1730 4.587179487160333 0.5332143809720995 0
1731 4.907692307672629 0.5332143809720997 0
1732 5.228205128184922 0.5332143809720996 0
1733 5.548717948697221 0.5332143809720996 0
1734 5.869230769209516 0.5332143809720996 0
1735 6.189743589721812 0.5332143809720997 0
1736 6.510256410234108 0.5332143809720996 0
1737 6.830769230746404 0.5332143809720996 0
1738 7.151282051258701 0.5332143809720996 0
1739 7.471794871770997 0.5332143809720996 0
1740 7.792307692283291 0.5332143809720996 0
1741 8.112820512795974 0.5332143809720996 0
1742 8.433333333310548 0.5332143809720996 0
1743 8.753846153825117 0.5332143809720995 0
1744 9.074358974339692 0.5332143809720997 0
1745 9.394871794854264 0.5332143809720996 0
1746 9.715384615368837 0.5332143809720996 0
1747 10.03589743588341 0.5332143809720996 0
1748 10.35641025639798 0.5332143809720996 0
1749 10.67692307691256 0.5332143809720996 0
1750 10.99743589742713 0.5332143809720996 0
1751 11.31794871794171 0.5332143809720996 0
1752 11.63846153845628 0.5332143809720996 0
1753 11.95897435897085 0.5332143809720996 0
1754 12.27948717948543 0.5332143809720996 0
1755 0.4205128205115561 0.5393695497511789 0
1756 0.7410256410230498 0.539369549751179 0
1757 1.061538461534651 0.539369549751179 0
1758 1.382051282046377 0.5393695497511789 0
1759 1.702564102558006 0.539369549751179 0
1760 2.023076923069187 0.539369549751179 0
1761 2.343589743580344 0.539369549751179 0
1762 2.6641025640915 0.539369549751179 0
1763 2.984615384602656 0.539369549751179 0
1764 3.305128205113812 0.539369549751179 0
1765 3.62564102562497 0.5393695497511791 0
1766 3.946153846136126 0.539369549751179 0
1767 4.266666666648035 0.539369549751179 0
1768 4.587179487160333 0.539369549751179 0
1769 4.907692307672628 0.539369549751179 0
1770 5.228205128184924 0.539369549751179 0
1771 5.548717948697221 0.539369549751179 0
1772 5.869230769209516 0.539369549751179 0
1773 6.189743589721811 0.539369549751179 0
1774 6.510256410234108 0.539369549751179 0
1775 6.830769230746406 0.539369549751179 0
1776 7.1512820512587 0.539369549751179 0
1777 7.471794871770997 0.539369549751179 0
1778 7.79230769228329 0.539369549751179 0
1779 8.112820512795972 0.539369549751179 0
1780 8.433333333310546 0.539369549751179 0
1781 8.753846153825117 0.539369549751179 0
1782 9.074358974339692 0.539369549751179 0
1783 9.394871794854264 0.539369549751179 0
1784 9.715384615368837 0.539369549751179 0
1785 10.03589743588341 0.539369549751179 0
1786 10.35641025639798 0.539369549751179 0
1787 10.67692307691255 0.539369549751179 0
1788 10.99743589742713 0.539369549751179 0
1789 11.31794871794171 0.539369549751179 0
1790 11.63846153845628 0.539369549751179 0
1791 11.95897435897085 0.539369549751179 0
1792 12.27948717948543 0.539369549751179 0
1793 0.4205128205115561 0.5464479941428172 0
1794 0.74102564102305 0.5464479941428171 0
1795 1.061538461534651 0.5464479941428168 0
1796 1.382051282046377 0.5464479941428169 0
1797 1.702564102558006 0.5464479941428169 0
1798 2.023076923069187 0.5464479941428169 0
1799 2.343589743580344 0.5464479941428169 0
1800 2.664102564091499 0.5464479941428169 0
1801 2.984615384602656 0.5464479941428169 0
1802 3.305128205113813 0.5464479941428169 0
1803 3.62564102562497 0.5464479941428169 0
1804 3.946153846136126 0.5464479941428169 0
1805 4.266666666648035 0.5464479941428169 0
1806 4.587179487160333 0.5464479941428168 0
1807 4.907692307672628 0.5464479941428169 0
1808 5.228205128184923 0.5464479941428169 0
1809 5.548717948697221 0.5464479941428169 0
1810 5.869230769209516 0.5464479941428169 0
1811 6.18974358972181 0.5464479941428168 0
1812 6.510256410234108 0.5464479941428169 0
1813 6.830769230746404 0.5464479941428169 0
1814 7.151282051258701 0.5464479941428169 0
1815 7.471794871770996 0.5464479941428169 0
1816 7.792307692283291 0.5464479941428169 0
1817 8.112820512795972 0.5464479941428169 0
1818 8.433333333310548 0.5464479941428169 0
1819 8.753846153825117 0.5464479941428169 0
1820 9.07435897433969 0.5464479941428169 0
1821 9.394871794854264 0.5464479941428169 0
1822 9.715384615368837 0.5464479941428169 0
1823 10.03589743588341 0.5464479941428169 0
1824 10.35641025639798 0.5464479941428169 0
1825 10.67692307691256 0.5464479941428169 0
1826 10.99743589742713 0.5464479941428169 0
1827 11.31794871794171 0.5464479941428169 0
1828 11.63846153845628 0.5464479941428169 0
1829 11.95897435897085 0.5464479941428169 0
1830 12.27948717948543 0.5464479941428169 0
1831 0.4205128205115561 0.5545882049578278 0
1832 0.7410256410230498 0.5545882049578278 0
1833 1.061538461534651 0.554588204957828 0
1834 1.382051282046377 0.5545882049578278 0
1835 1.702564102558006 0.5545882049578279 0
1836 2.023076923069187 0.5545882049578279 0
1837 2.343589743580344 0.5545882049578279 0
1838 2.6641025640915 0.5545882049578279 0
1839 2.984615384602657 0.5545882049578279 0
1840 3.305128205113813 0.5545882049578279 0
1841 3.625641025624969 0.5545882049578279 0
1842 3.946153846136126 0.5545882049578279 0
1843 4.266666666648035 0.5545882049578279 0
1844 4.587179487160333 0.5545882049578279 0
1845 4.907692307672629 0.5545882049578279 0
1846 5.228205128184923 0.5545882049578279 0
1847 5.548717948697221 0.5545882049578279 0
1848 5.869230769209516 0.5545882049578279 0
1849 6.189743589721811 0.5545882049578279 0
1850 6.510256410234108 0.5545882049578279 0
1851 6.830769230746407 0.5545882049578279 0
1852 7.151282051258701 0.5545882049578279 0
1853 7.471794871770997 0.5545882049578279 0
1854 7.79230769228329 0.5545882049578279 0
1855 8.112820512795972 0.5545882049578279 0
1856 8.433333333310548 0.5545882049578279 0
1857 8.753846153825117 0.5545882049578279 0
1858 9.07435897433969 0.5545882049578279 0
1859 9.394871794854264 0.5545882049578279 0
1860 9.715384615368839 0.5545882049578279 0
1861 10.03589743588341 0.5545882049578279 0
1862 10.35641025639798 0.5545882049578279 0
1863 10.67692307691255 0.5545882049578279 0
1864 10.99743589742713 0.5545882049578279 0
1865 11.31794871794171 0.5545882049578279 0
1866 11.63846153845628 0.5545882049578279 0
1867 11.95897435897085 0.5545882049578279 0
1868 12.27948717948543 0.5545882049578279 0
1869 0.4205128205115561 0.5639494479156928 0
1870 0.7410256410230498 0.5639494479156927 0
1871 1.061538461534651 0.5639494479156927 0
1872 1.382051282046377 0.5639494479156928 0
1873 1.702564102558006 0.5639494479156928 0
1874 2.023076923069187 0.5639494479156928 0
1875 2.343589743580344 0.5639494479156928 0
1876 2.6641025640915 0.5639494479156928 0
1877 2.984615384602656 0.5639494479156928 0
1878 3.305128205113812 0.5639494479156928 0
1879 3.625641025624969 0.5639494479156928 0
1880 3.946153846136126 0.5639494479156928 0
1881 4.266666666648035 0.5639494479156928 0
1882 4.587179487160333 0.5639494479156928 0
1883 4.907692307672629 0.5639494479156928 0
1884 5.228205128184923 0.5639494479156928 0
1885 5.54871794869722 0.5639494479156928 0
1886 5.869230769209517 0.5639494479156928 0
1887 6.189743589721811 0.5639494479156928 0
1888 6.510256410234108 0.5639494479156928 0
1889 6.830769230746404 0.5639494479156928 0
1890 7.151282051258701 0.5639494479156928 0
1891 7.471794871770997 0.5639494479156928 0
1892 7.792307692283291 0.5639494479156928 0
1893 8.11282051279597 0.5639494479156928 0
1894 8.433333333310548 0.5639494479156928 0
1895 8.753846153825117 0.5639494479156928 0
1896 9.074358974339692 0.5639494479156928 0
1897 9.394871794854264 0.5639494479156928 0
1898 9.715384615368839 0.5639494479156928 0
1899 10.03589743588341 0.5639494479156928 0
1900 10.35641025639798 0.5639494479156928 0
1901 10.67692307691256 0.5639494479156928 0
1902 10.99743589742713 0.5639494479156928 0
1903 11.31794871794171 0.5639494479156928 0
1904 11.63846153845628 0.5639494479156928 0
1905 11.95897435897085 0.5639494479156928 0
1906 12.27948717948543 0.5639494479156928 0
1907 0.4205128205115561 0.5747148775049422 0
1908 0.7410256410230498 0.5747148775049424 0
1909 1.061538461534651 0.5747148775049427 0
1910 1.382051282046377 0.5747148775049424 0
1911 1.702564102558006 0.5747148775049424 0
1912 2.023076923069187 0.5747148775049422 0
1913 2.343589743580344 0.5747148775049424 0
1914 2.664102564091499 0.5747148775049424 0
1915 2.984615384602656 0.5747148775049424 0
1916 3.305128205113812 0.5747148775049424 0
1917 3.62564102562497 0.5747148775049424 0
1918 3.946153846136127 0.5747148775049425 0
1919 4.266666666648035 0.5747148775049424 0
1920 4.587179487160333 0.5747148775049424 0
1921 4.907692307672629 0.5747148775049424 0
1922 5.228205128184922 0.5747148775049424 0
1923 5.548717948697221 0.5747148775049424 0
1924 5.869230769209517 0.5747148775049424 0
1925 6.189743589721811 0.5747148775049424 0
1926 6.510256410234108 0.5747148775049424 0
1927 6.830769230746407 0.5747148775049424 0
1928 7.151282051258701 0.5747148775049424 0
1929 7.471794871770997 0.5747148775049424 0
1930 7.792307692283292 0.5747148775049424 0
1931 8.112820512795972 0.5747148775049424 0
1932 8.433333333310546 0.5747148775049424 0
1933 8.753846153825117 0.5747148775049424 0
1934 9.07435897433969 0.5747148775049424 0
1935 9.394871794854264 0.5747148775049424 0
1936 9.715384615368842 0.5747148775049424 0
1937 10.03589743588341 0.5747148775049424 0
1938 10.35641025639798 0.5747148775049424 0
1939 10.67692307691255 0.5747148775049424 0
1940 10.99743589742713 0.5747148775049424 0
1941 11.31794871794171 0.5747148775049424 0
1942 11.63846153845628 0.5747148775049424 0
1943 11.95897435897085 0.5747148775049424 0
1944 12.27948717948543 0.5747148775049424 0
1945 0.4205128205115561 0.587095120915619 0
1946 0.7410256410230498 0.587095120915619 0
1947 1.061538461534651 0.587095120915619 0
1948 1.382051282046377 0.587095120915619 0
1949 1.702564102558006 0.587095120915619 0
1950 2.023076923069187 0.5870951209156189 0
1951 2.343589743580344 0.587095120915619 0
1952 2.664102564091499 0.587095120915619 0
1953 2.984615384602656 0.587095120915619 0
1954 3.305128205113812 0.587095120915619 0
1955 3.62564102562497 0.587095120915619 0
1956 3.946153846136126 0.587095120915619 0
1957 4.266666666648035 0.587095120915619 0
1958 4.587179487160332 0.587095120915619 0
1959 4.907692307672628 0.587095120915619 0
1960 5.228205128184923 0.587095120915619 0
1961 5.548717948697221 0.587095120915619 0
1962 5.869230769209516 0.587095120915619 0
1963 6.189743589721811 0.587095120915619 0
1964 6.510256410234108 0.587095120915619 0
1965 6.830769230746405 0.587095120915619 0
1966 7.151282051258701 0.587095120915619 0
1967 7.471794871770997 0.587095120915619 0
1968 7.79230769228329 0.587095120915619 0
1969 8.112820512795972 0.587095120915619 0
1970 8.433333333310548 0.587095120915619 0
1971 8.753846153825117 0.587095120915619 0
1972 9.074358974339692 0.587095120915619 0
1973 9.394871794854264 0.587095120915619 0
1974 9.715384615368839 0.587095120915619 0
1975 10.03589743588341 0.587095120915619 0
1976 10.35641025639798 0.587095120915619 0
1977 10.67692307691255 0.587095120915619 0
1978 10.99743589742713 0.587095120915619 0
1979 11.31794871794171 0.587095120915619 0
1980 11.63846153845628 0.587095120915619 0
1981 11.95897435897085 0.587095120915619 0
1982 12.27948717948543 0.587095120915619 0
1983 0.4205128205115561 0.6013324010787375 0
1984 0.7410256410230498 0.6013324010787375 0
1985 1.061538461534651 0.6013324010787374 0
1986 1.382051282046377 0.6013324010787375 0
1987 1.702564102558006 0.6013324010787374 0
1988 2.023076923069187 0.6013324010787376 0
1989 2.343589743580344 0.6013324010787375 0
1990 2.664102564091499 0.6013324010787376 0
1991 2.984615384602656 0.6013324010787376 0
1992 3.305128205113813 0.6013324010787374 0
1993 3.62564102562497 0.6013324010787376 0
1994 3.946153846136126 0.6013324010787376 0
1995 4.266666666648034 0.6013324010787374 0
1996 4.587179487160333 0.6013324010787376 0
1997 4.907692307672628 0.6013324010787376 0
1998 5.228205128184923 0.6013324010787376 0
1999 5.548717948697221 0.6013324010787376 0
2000 5.869230769209516 0.6013324010787376 0
2001 6.18974358972181 0.6013324010787375 0
2002 6.510256410234108 0.6013324010787376 0
2003 6.830769230746405 0.6013324010787376 0
2004 7.151282051258701 0.6013324010787376 0
2005 7.471794871770996 0.6013324010787376 0
2006 7.792307692283293 0.6013324010787376 0
2007 8.112820512795974 0.6013324010787378 0
2008 8.433333333310546 0.6013324010787375 0
2009 8.753846153825116 0.6013324010787375 0
2010 9.07435897433969 0.6013324010787375 0
2011 9.394871794854264 0.6013324010787375 0
2012 9.715384615368837 0.6013324010787375 0
2013 10.03589743588341 0.6013324010787375 0
2014 10.35641025639798 0.6013324010787375 0
2015 10.67692307691256 0.6013324010787375 0
2016 10.99743589742713 0.6013324010787376 0
2017 11.31794871794171 0.6013324010787375 0
2018 11.63846153845628 0.6013324010787375 0
2019 11.95897435897085 0.6013324010787376 0
2020 12.27948717948543 0.6013324010787376 0
2021 0.4205128205115561 0.6177052733279444 0
2022 0.74102564102305 0.6177052733279444 0
2023 1.061538461534651 0.6177052733279446 0
2024 1.382051282046377 0.6177052733279447 0
2025 1.702564102558006 0.6177052733279446 0
2026 2.023076923069187 0.6177052733279443 0
2027 2.343589743580344 0.6177052733279443 0
2028 2.664102564091499 0.6177052733279444 0
2029 2.984615384602656 0.6177052733279446 0
2030 3.305128205113813 0.6177052733279446 0
2031 3.62564102562497 0.6177052733279443 0
2032 3.946153846136127 0.6177052733279446 0
2033 4.266666666648037 0.6177052733279446 0
2034 4.587179487160333 0.6177052733279447 0
2035 4.907692307672628 0.6177052733279446 0
2036 5.228205128184923 0.6177052733279446 0
2037 5.54871794869722 0.6177052733279444 0
2038 5.869230769209516 0.6177052733279444 0
2039 6.189743589721812 0.6177052733279446 0
2040 6.510256410234108 0.6177052733279446 0
2041 6.830769230746406 0.6177052733279444 0
2042 7.1512820512587 0.6177052733279446 0
2043 7.471794871770996 0.6177052733279446 0
2044 7.79230769228329 0.6177052733279444 0
2045 8.112820512795972 0.6177052733279446 0
2046 8.433333333310546 0.6177052733279446 0
2047 8.753846153825121 0.6177052733279446 0
2048 9.07435897433969 0.6177052733279446 0
2049 9.394871794854264 0.6177052733279446 0
2050 9.715384615368841 0.6177052733279446 0
2051 10.03589743588341 0.6177052733279446 0
2052 10.35641025639798 0.6177052733279446 0
2053 10.67692307691256 0.6177052733279446 0
2054 10.99743589742713 0.6177052733279444 0
2055 11.31794871794171 0.6177052733279446 0
2056 11.63846153845628 0.6177052733279442 0
2057 11.95897435897085 0.6177052733279444 0
2058 12.27948717948543 0.6177052733279446 0
2059 0.4205128205115561 0.636534076927993 0
2060 0.7410256410230498 0.6365340769279929 0
2061 1.061538461534651 0.6365340769279931 0
2062 1.382051282046377 0.6365340769279932 0
2063 1.702564102558006 0.6365340769279928 0
2064 2.023076923069187 0.6365340769279928 0
2065 2.343589743580344 0.636534076927993 0
2066 2.6641025640915 0.6365340769279931 0
2067 2.984615384602656 0.636534076927993 0
2068 3.305128205113812 0.636534076927993 0
2069 3.62564102562497 0.636534076927993 0
2070 3.946153846136126 0.636534076927993 0
2071 4.266666666648035 0.636534076927993 0
2072 4.587179487160333 0.636534076927993 0
2073 4.907692307672629 0.636534076927993 0
2074 5.228205128184923 0.636534076927993 0
2075 5.54871794869722 0.636534076927993 0
2076 5.869230769209516 0.636534076927993 0
2077 6.189743589721811 0.636534076927993 0
2078 6.510256410234108 0.636534076927993 0
2079 6.830769230746405 0.636534076927993 0
2080 7.151282051258701 0.636534076927993 0
2081 7.471794871770998 0.636534076927993 0
2082 7.792307692283291 0.636534076927993 0
2083 8.112820512795972 0.636534076927993 0
2084 8.433333333310546 0.636534076927993 0
2085 8.753846153825119 0.636534076927993 0
2086 9.074358974339692 0.636534076927993 0
2087 9.394871794854264 0.636534076927993 0
2088 9.715384615368837 0.636534076927993 0
2089 10.03589743588341 0.636534076927993 0
2090 10.35641025639798 0.636534076927993 0
2091 10.67692307691255 0.636534076927993 0
2092 10.99743589742713 0.636534076927993 0
2093 11.31794871794171 0.636534076927993 0
2094 11.63846153845627 0.636534076927993 0
2095 11.95897435897085 0.636534076927993 0
2096 12.27948717948543 0.636534076927993 0
2097 0.4205128205115561 0.6581872010000377 0
2098 0.7410256410230498 0.6581872010000372 0
2099 1.061538461534651 0.6581872010000375 0
2100 1.382051282046377 0.6581872010000372 0
2101 1.702564102558006 0.6581872010000375 0
2102 2.023076923069188 0.6581872010000372 0
2103 2.343589743580344 0.6581872010000375 0
2104 2.664102564091499 0.6581872010000374 0
2105 2.984615384602655 0.6581872010000372 0
2106 3.305128205113812 0.6581872010000376 0
2107 3.62564102562497 0.6581872010000372 0
2108 3.946153846136126 0.6581872010000375 0
2109 4.266666666648035 0.6581872010000375 0
2110 4.587179487160333 0.6581872010000375 0
2111 4.907692307672628 0.6581872010000375 0
2112 5.228205128184923 0.6581872010000375 0
2113 5.548717948697221 0.6581872010000375 0
2114 5.869230769209516 0.6581872010000375 0
2115 6.189743589721811 0.6581872010000375 0
2116 6.510256410234108 0.6581872010000375 0
2117 6.830769230746404 0.6581872010000375 0
2118 7.151282051258701 0.6581872010000375 0
2119 7.471794871770998 0.6581872010000375 0
2120 7.792307692283291 0.6581872010000375 0
2121 8.112820512795972 0.6581872010000376 0
2122 8.433333333310548 0.6581872010000375 0
2123 8.753846153825117 0.6581872010000375 0
2124 9.074358974339692 0.6581872010000375 0
2125 9.394871794854264 0.6581872010000375 0
2126 9.715384615368839 0.6581872010000375 0
2127 10.03589743588341 0.6581872010000378 0
2128 10.35641025639798 0.6581872010000375 0
2129 10.67692307691255 0.6581872010000376 0
2130 10.99743589742713 0.6581872010000375 0
2131 11.31794871794171 0.6581872010000375 0
2132 11.63846153845628 0.6581872010000376 0
2133 11.95897435897085 0.6581872010000375 0
2134 12.27948717948543 0.6581872010000376 0
2135 0.4205128205115561 0.6830882938537171 0
2136 0.7410256410230498 0.6830882938537169 0
2137 1.061538461534651 0.6830882938537168 0
2138 1.382051282046377 0.6830882938537171 0
2139 1.702564102558006 0.6830882938537171 0
2140 2.023076923069188 0.6830882938537174 0
2141 2.343589743580344 0.6830882938537171 0
2142 2.6641025640915 0.6830882938537171 0
2143 2.984615384602655 0.6830882938537171 0
2144 3.305128205113812 0.6830882938537171 0
2145 3.62564102562497 0.6830882938537171 0
2146 3.946153846136126 0.6830882938537171 0
2147 4.266666666648035 0.6830882938537171 0
2148 4.587179487160333 0.6830882938537172 0
2149 4.907692307672629 0.6830882938537171 0
2150 5.228205128184923 0.6830882938537171 0
2151 5.548717948697221 0.6830882938537171 0
2152 5.869230769209516 0.6830882938537171 0
2153 6.189743589721811 0.6830882938537171 0
2154 6.510256410234108 0.6830882938537171 0
2155 6.830769230746405 0.6830882938537171 0
2156 7.151282051258701 0.6830882938537171 0
2157 7.471794871770996 0.6830882938537171 0
2158 7.792307692283291 0.6830882938537171 0
2159 8.112820512795972 0.6830882938537171 0
2160 8.433333333310546 0.6830882938537171 0
2161 8.753846153825117 0.6830882938537171 0
2162 9.074358974339692 0.6830882938537171 0
2163 9.394871794854264 0.6830882938537171 0
2164 9.715384615368839 0.6830882938537171 0
2165 10.03589743588341 0.6830882938537171 0
2166 10.35641025639798 0.6830882938537171 0
2167 10.67692307691256 0.6830882938537171 0
2168 10.99743589742713 0.6830882938537171 0
2169 11.3179487179417 0.6830882938537171 0
2170 11.63846153845628 0.6830882938537171 0
2171 11.95897435897085 0.6830882938537171 0
2172 12.27948717948543 0.6830882938537171 0
2173 0.4205128205115561 0.7117245506131531 0
2174 0.7410256410230498 0.711724550613153 0
2175 1.061538461534651 0.7117245506131533 0
2176 1.382051282046377 0.7117245506131533 0
2177 1.702564102558006 0.7117245506131531 0
2178 2.023076923069188 0.7117245506131531 0
2179 2.343589743580344 0.7117245506131534 0
2180 2.664102564091499 0.7117245506131531 0
2181 2.984615384602656 0.7117245506131532 0
2182 3.305128205113812 0.7117245506131531 0
2183 3.62564102562497 0.7117245506131533 0
2184 3.946153846136126 0.7117245506131533 0
2185 4.266666666648035 0.7117245506131532 0
2186 4.587179487160333 0.7117245506131531 0
2187 4.907692307672628 0.7117245506131532 0
2188 5.228205128184923 0.7117245506131531 0
2189 5.548717948697221 0.7117245506131532 0
2190 5.869230769209516 0.7117245506131532 0
2191 6.189743589721811 0.7117245506131532 0
2192 6.510256410234108 0.7117245506131531 0
2193 6.830769230746404 0.7117245506131531 0
2194 7.151282051258701 0.7117245506131532 0
2195 7.471794871770998 0.7117245506131532 0
2196 7.792307692283291 0.7117245506131533 0
2197 8.112820512795972 0.7117245506131532 0
2198 8.433333333310548 0.7117245506131532 0
2199 8.753846153825117 0.7117245506131532 0
2200 9.07435897433969 0.7117245506131533 0
2201 9.394871794854264 0.7117245506131532 0
2202 9.715384615368837 0.7117245506131532 0
2203 10.03589743588341 0.7117245506131532 0
2204 10.35641025639798 0.7117245506131532 0
2205 10.67692307691256 0.7117245506131532 0
2206 10.99743589742713 0.7117245506131532 0
2207 11.31794871794171 0.7117245506131532 0
2208 11.63846153845628 0.7117245506131532 0
2209 11.95897435897085 0.7117245506131532 0
2210 12.27948717948543 0.7117245506131532 0
2211 0.4205128205115561 0.7446562456511568 0
2212 0.7410256410230498 0.7446562456511571 0
2213 1.061538461534651 0.7446562456511571 0
2214 1.382051282046377 0.7446562456511572 0
2215 1.702564102558006 0.7446562456511574 0
2216 2.023076923069187 0.744656245651157 0
2217 2.343589743580344 0.7446562456511571 0
2218 2.664102564091499 0.744656245651157 0
2219 2.984615384602656 0.7446562456511572 0
2220 3.305128205113812 0.7446562456511571 0
2221 3.62564102562497 0.744656245651157 0
2222 3.946153846136126 0.7446562456511574 0
2223 4.266666666648035 0.744656245651157 0
2224 4.587179487160332 0.7446562456511572 0
2225 4.907692307672629 0.7446562456511571 0
2226 5.228205128184923 0.7446562456511572 0
2227 5.548717948697221 0.7446562456511573 0
2228 5.869230769209516 0.7446562456511572 0
2229 6.189743589721811 0.7446562456511571 0
2230 6.510256410234108 0.7446562456511572 0
2231 6.830769230746405 0.7446562456511572 0
2232 7.151282051258701 0.7446562456511572 0
2233 7.471794871770998 0.7446562456511572 0
2234 7.792307692283291 0.7446562456511572 0
2235 8.112820512795972 0.7446562456511572 0
2236 8.433333333310546 0.7446562456511572 0
2237 8.753846153825116 0.7446562456511572 0
2238 9.074358974339692 0.7446562456511572 0
2239 9.394871794854264 0.7446562456511572 0
2240 9.715384615368837 0.7446562456511572 0
2241 10.03589743588341 0.7446562456511572 0
2242 10.35641025639798 0.7446562456511572 0
2243 10.67692307691256 0.7446562456511572 0
2244 10.99743589742713 0.7446562456511572 0
2245 11.31794871794171 0.7446562456511572 0
2246 11.63846153845628 0.7446562456511572 0
2247 11.95897435897085 0.7446562456511572 0
2248 12.27948717948543 0.7446562456511572 0
2249 0.4205128205115561 0.7825276951538914 0
2250 0.7410256410230498 0.7825276951538915 0
2251 1.061538461534651 0.7825276951538914 0
2252 1.382051282046377 0.7825276951538913 0
2253 1.702564102558006 0.7825276951538912 0
2254 2.023076923069187 0.7825276951538914 0
2255 2.343589743580344 0.7825276951538913 0
2256 2.664102564091499 0.7825276951538911 0
2257 2.984615384602656 0.7825276951538915 0
2258 3.305128205113812 0.7825276951538913 0
2259 3.62564102562497 0.7825276951538914 0
2260 3.946153846136126 0.7825276951538914 0
2261 4.266666666648035 0.7825276951538911 0
2262 4.587179487160332 0.7825276951538913 0
2263 4.907692307672628 0.7825276951538914 0
2264 5.228205128184923 0.7825276951538914 0
2265 5.548717948697221 0.7825276951538913 0
2266 5.869230769209516 0.7825276951538914 0
2267 6.18974358972181 0.7825276951538913 0
2268 6.510256410234108 0.7825276951538913 0
2269 6.830769230746404 0.7825276951538913 0
2270 7.151282051258701 0.7825276951538913 0
2271 7.471794871770997 0.7825276951538913 0
2272 7.792307692283291 0.7825276951538913 0
2273 8.112820512795972 0.7825276951538914 0
2274 8.433333333310548 0.7825276951538913 0
2275 8.753846153825117 0.7825276951538913 0
2276 9.074358974339692 0.7825276951538913 0
2277 9.394871794854264 0.7825276951538913 0
2278 9.715384615368839 0.7825276951538914 0
2279 10.03589743588341 0.7825276951538913 0
2280 10.35641025639798 0.7825276951538913 0
2281 10.67692307691255 0.7825276951538913 0
2282 10.99743589742713 0.7825276951538913 0
2283 11.31794871794171 0.7825276951538913 0
2284 11.63846153845628 0.7825276951538913 0
2285 11.95897435897085 0.7825276951538913 0
2286 12.27948717948543 0.7825276951538913 0
2287 0.4205128205115561 0.8260798626878483 0
2288 0.7410256410230498 0.8260798626878483 0
2289 1.061538461534651 0.8260798626878482 0
2290 1.382051282046377 0.8260798626878481 0
2291 1.702564102558006 0.8260798626878482 0
2292 2.023076923069187 0.8260798626878478 0
2293 2.343589743580344 0.8260798626878481 0
2294 2.6641025640915 0.8260798626878482 0
2295 2.984615384602655 0.8260798626878481 0
2296 3.305128205113812 0.8260798626878479 0
2297 3.62564102562497 0.8260798626878481 0
2298 3.946153846136126 0.8260798626878482 0
2299 4.266666666648035 0.8260798626878478 0
2300 4.587179487160332 0.8260798626878481 0
2301 4.907692307672629 0.8260798626878481 0
2302 5.228205128184923 0.8260798626878479 0
2303 5.54871794869722 0.8260798626878481 0
2304 5.869230769209516 0.8260798626878479 0
2305 6.189743589721811 0.8260798626878481 0
2306 6.510256410234108 0.8260798626878481 0
2307 6.830769230746405 0.8260798626878479 0
2308 7.151282051258701 0.8260798626878481 0
2309 7.471794871770998 0.8260798626878481 0
2310 7.79230769228329 0.8260798626878481 0
2311 8.112820512795972 0.8260798626878481 0
2312 8.433333333310548 0.8260798626878482 0
2313 8.753846153825117 0.8260798626878481 0
2314 9.074358974339692 0.8260798626878481 0
2315 9.394871794854264 0.8260798626878481 0
2316 9.715384615368839 0.8260798626878481 0
2317 10.03589743588341 0.8260798626878481 0
2318 10.35641025639798 0.8260798626878481 0
2319 10.67692307691255 0.8260798626878481 0
2320 10.99743589742713 0.8260798626878481 0
2321 11.31794871794171 0.8260798626878482 0
2322 11.63846153845628 0.8260798626878481 0
2323 11.95897435897085 0.8260798626878479 0
2324 12.27948717948543 0.8260798626878481 0
2325 0.4205128205115561 0.8761648553875994 0
2326 0.7410256410230498 0.8761648553875993 0
2327 1.061538461534651 0.8761648553875994 0
2328 1.382051282046377 0.8761648553875994 0
2329 1.702564102558005 0.8761648553875994 0
2330 2.023076923069187 0.8761648553875994 0
2331 2.343589743580344 0.8761648553875994 0
2332 2.664102564091499 0.8761648553875995 0
2333 2.984615384602656 0.8761648553875994 0
2334 3.305128205113812 0.8761648553875994 0
2335 3.625641025624969 0.8761648553875995 0
2336 3.946153846136126 0.8761648553875994 0
2337 4.266666666648035 0.8761648553875994 0
2338 4.587179487160332 0.8761648553875994 0
2339 4.907692307672629 0.8761648553875994 0
2340 5.228205128184923 0.8761648553875994 0
2341 5.54871794869722 0.8761648553875994 0
2342 5.869230769209516 0.8761648553875994 0
2343 6.189743589721811 0.8761648553875994 0
2344 6.510256410234108 0.8761648553875994 0
2345 6.830769230746405 0.8761648553875994 0
2346 7.151282051258701 0.8761648553875994 0
2347 7.471794871770997 0.8761648553875994 0
2348 7.792307692283292 0.8761648553875994 0
2349 8.112820512795972 0.8761648553875995 0
2350 8.433333333310548 0.8761648553875995 0
2351 8.753846153825117 0.8761648553875994 0
2352 9.074358974339692 0.8761648553875993 0
2353 9.394871794854264 0.8761648553875994 0
2354 9.715384615368839 0.8761648553875994 0
2355 10.03589743588341 0.8761648553875994 0
2356 10.35641025639798 0.8761648553875993 0
2357 10.67692307691256 0.8761648553875995 0
2358 10.99743589742713 0.8761648553875994 0
2359 11.3179487179417 0.8761648553875993 0
2360 11.63846153845628 0.8761648553875994 0
2361 11.95897435897085 0.8761648553875994 0
2362 12.27948717948543 0.8761648553875994 0
2363 0.4205128205115562 0.9337625967337789 0
2364 0.7410256410230497 0.9337625967337789 0
2365 1.061538461534651 0.9337625967337789 0
2366 1.382051282046377 0.9337625967337788 0
2367 1.702564102558006 0.9337625967337787 0
2368 2.023076923069187 0.9337625967337789 0
2369 2.343589743580344 0.9337625967337789 0
2370 2.664102564091499 0.933762596733779 0
2371 2.984615384602656 0.9337625967337788 0
2372 3.305128205113812 0.9337625967337789 0
2373 3.62564102562497 0.933762596733779 0
2374 3.946153846136125 0.9337625967337789 0
2375 4.266666666648035 0.9337625967337789 0
2376 4.587179487160332 0.9337625967337789 0
2377 4.907692307672628 0.933762596733779 0
2378 5.228205128184923 0.9337625967337791 0
2379 5.548717948697221 0.9337625967337789 0
2380 5.869230769209516 0.9337625967337787 0
2381 6.189743589721811 0.9337625967337789 0
2382 6.510256410234108 0.9337625967337788 0
2383 6.830769230746404 0.9337625967337791 0
2384 7.151282051258701 0.933762596733779 0
2385 7.471794871770998 0.9337625967337789 0
2386 7.792307692283291 0.9337625967337791 0
2387 8.112820512795972 0.9337625967337791 0
2388 8.433333333310548 0.9337625967337789 0
2389 8.753846153825117 0.9337625967337788 0
2390 9.074358974339692 0.9337625967337793 0
2391 9.394871794854264 0.9337625967337787 0
2392 9.715384615368839 0.9337625967337786 0
2393 10.03589743588341 0.9337625967337789 0
2394 10.35641025639798 0.9337625967337789 0
2395 10.67692307691256 0.9337625967337789 0
2396 10.99743589742713 0.933762596733779 0
2397 11.31794871794171 0.9337625967337786 0
2398 11.63846153845628 0.9337625967337788 0
2399 11.95897435897085 0.9337625967337789 0
2400 12.27948717948543 0.9337625967337789 0
$EndNodes
$Elements
2301
1 3 2 201 1 1 9 273 75
2 3 2 201 1 9 10 274 273
3 3 2 201 1 10 11 275 274
4 3 2 201 1 11 12 276 275
5 3 2 201 1 12 13 277 276
6 3 2 201 1 13 14 278 277
7 3 2 201 1 14 15 279 278
8 3 2 201 1 15 16 280 279
9 3 2 201 1 16 17 281 280
10 3 2 201 1 17 18 282 281
11 3 2 201 1 18 19 283 282
12 3 2 201 1 19 20 284 283
13 3 2 201 1 20 21 285 284
14 3 2 201 1 21 22 286 285
15 3 2 201 1 22 23 287 286
16 3 2 201 1 23 24 288 287
17 3 2 201 1 24 25 289 288
18 3 2 201 1 25 26 290 289
19 3 2 201 1 26 27 291 290
20 3 2 201 1 27 28 292 291
21 3 2 201 1 28 29 293 292
22 3 2 201 1 29 30 294 293
23 3 2 201 1 30 31 295 294
24 3 2 201 1 31 32 296 295
25 3 2 201 1 32 33 297 296
26 3 2 201 1 33 34 298 297
27 3 2 201 1 34 35 299 298
28 3 2 201 1 35 36 300 299
29 3 2 201 1 36 37 301 300
30 3 2 201 1 37 38 302 301
31 3 2 201 1 38 39 303 302
32 3 2 201 1 39 40 304 303
33 3 2 201 1 40 41 305 304
34 3 2 201 1 41 42 306 305
35 3 2 201 1 42 43 307 306
36 3 2 201 1 43 44 308 307
37 3 2 201 1 44 45 309 308
38 3 2 201 1 45 46 310 309
39 3 2 201 1 46 2 47 310
40 3 2 201 1 75 273 311 76
41 3 2 201 1 273 274 312 311
42 3 2 201 1 274 275 313 312
43 3 2 201 1 275 276 314 313
44 3 2 201 1 276 277 315 314
45 3 2 201 1 277 278 316 315
46 3 2 201 1 278 279 317 316
47 3 2 201 1 279 280 318 317
48 3 2 201 1 280 281 319 318
49 3 2 201 1 281 282 320 319
50 3 2 201 1 282 283 321 320
51 3 2 201 1 283 284 322 321
52 3 2 201 1 284 285 323 322
53 3 2 201 1 285 286 324 323
54 3 2 201 1 286 287 325 324
55 3 2 201 1 287 288 326 325
56 3 2 201 1 288 289 327 326
57 3 2 201 1 289 290 328 327
58 3 2 201 1 290 291 329 328
59 3 2 201 1 291 292 330 329
60 3 2 201 1 292 293 331 330
61 3 2 201 1 293 294 332 331
62 3 2 201 1 294 295 333 332
63 3 2 201 1 295 296 334 333
64 3 2 201 1 296 297 335 334
65 3 2 201 1 297 298 336 335
66 3 2 201 1 298 299 337 336
67 3 2 201 1 299 300 338 337
68 3 2 201 1 300 301 339 338
69 3 2 201 1 301 302 340 339
70 3 2 201 1 302 303 341 340
71 3 2 201 1 303 304 342 341
72 3 2 201 1 304 305 343 342
73 3 2 201 1 305 306 344 343
74 3 2 201 1 306 307 345 344
75 3 2 201 1 307 308 346 345
76 3 2 201 1 308 309 347 346
77 3 2 201 1 309 310 348 347
78 3 2 201 1 310 47 48 348
79 3 2 201 1 76 311 349 77
80 3 2 201 1 311 312 350 349
81 3 2 201 1 312 313 351 350
82 3 2 201 1 313 314 352 351
83 3 2 201 1 314 315 353 352
84 3 2 201 1 315 316 354 353
85 3 2 201 1 316 317 355 354
86 3 2 201 1 317 318 356 355
87 3 2 201 1 318 319 357 356
88 3 2 201 1 319 320 358 357
89 3 2 201 1 320 321 359 358
90 3 2 201 1 321 322 360 359
91 3 2 201 1 322 323 361 360
92 3 2 201 1 323 324 362 361
93 3 2 201 1 324 325 363 362
94 3 2 201 1 325 326 364 363
95 3 2 201 1 326 327 365 364
96 3 2 201 1 327 328 366 365
97 3 2 201 1 328 329 367 366
98 3 2 201 1 329 330 368 367
99 3 2 201 1 330 331 369 368
100 3 2 201 1 331 332 370 369
101 3 2 201 1 332 333 371 370
102 3 2 201 1 333 334 372 371
103 3 2 201 1 334 335 373 372
104 3 2 201 1 335 336 374 373
105 3 2 201 1 336 337 375 374
106 3 2 201 1 337 338 376 375
107 3 2 201 1 338 339 377 376
108 3 2 201 1 339 340 378 377
109 3 2 201 1 340 341 379 378
110 3 2 201 1 341 342 380 379
111 3 2 201 1 342 343 381 380
112 3 2 201 1 343 344 382 381
113 3 2 201 1 344 345 383 382
114 3 2 201 1 345 346 384 383
115 3 2 201 1 346 347 385 384
116 3 2 201 1 347 348 386 385
117 3 2 201 1 348 48 49 386
118 3 2 201 1 77 349 387 78
119 3 2 201 1 349 350 388 387
120 3 2 201 1 350 351 389 388
121 3 2 201 1 351 352 390 389
122 3 2 201 1 352 353 391 390
123 3 2 201 1 353 354 392 391
124 3 2 201 1 354 355 393 392
125 3 2 201 1 355 356 394 393
126 3 2 201 1 356 357 395 394
127 3 2 201 1 357 358 396 395
128 3 2 201 1 358 359 397 396
129 3 2 201 1 359 360 398 397
130 3 2 201 1 360 361 399 398
131 3 2 201 1 361 362 400 399
132 3 2 201 1 362 363 401 400
133 3 2 201 1 363 364 402 401
134 3 2 201 1 364 365 403 402
135 3 2 201 1 365 366 404 403
136 3 2 201 1 366 367 405 404
137 3 2 201 1 367 368 406 405
138 3 2 201 1 368 369 407 406
139 3 2 201 1 369 370 408 407
140 3 2 201 1 370 371 409 408
141 3 2 201 1 371 372 410 409
142 3 2 201 1 372 373 411 410
143 3 2 201 1 373 374 412 411
144 3 2 201 1 374 375 413 412
145 3 2 201 1 375 376 414 413
146 3 2 201 1 376 377 415 414
147 3 2 201 1 377 378 416 415
148 3 2 201 1 378 379 417 416
149 3 2 201 1 379 380 418 417
150 3 2 201 1 380 381 419 418
151 3 2 201 1 381 382 420 419
152 3 2 201 1 382 383 421 420
153 3 2 201 1 383 384 422 421
154 3 2 201 1 384 385 423 422
155 3 2 201 1 385 386 424 423
156 3 2 201 1 386 49 50 424
157 3 2 201 1 78 387 425 79
158 3 2 201 1 387 388 426 425
159 3 2 201 1 388 389 427 426
160 3 2 201 1 389 390 428 427
161 3 2 201 1 390 391 429 428
162 3 2 201 1 391 392 430 429
163 3 2 201 1 392 393 431 430
164 3 2 201 1 393 394 432 431
165 3 2 201 1 394 395 433 432
166 3 2 201 1 395 396 434 433
167 3 2 201 1 396 397 435 434
168 3 2 201 1 397 398 436 435
169 3 2 201 1 398 399 437 436
170 3 2 201 1 399 400 438 437
171 3 2 201 1 400 401 439 438
172 3 2 201 1 401 402 440 439
173 3 2 201 1 402 403 441 440
174 3 2 201 1 403 404 442 441
175 3 2 201 1 404 405 443 442
176 3 2 201 1 405 406 444 443
177 3 2 201 1 406 407 445 444
178 3 2 201 1 407 408 446 445
179 3 2 201 1 408 409 447 446
180 3 2 201 1 409 410 448 447
181 3 2 201 1 410 411 449 448
182 3 2 201 1 411 412 450 449
183 3 2 201 1 412 413 451 450
184 3 2 201 1 413 414 452 451
185 3 2 201 1 414 415 453 452
186 3 2 201 1 415 416 454 453
187 3 2 201 1 416 417 455 454
188 3 2 201 1 417 418 456 455
189 3 2 201 1 418 419 457 456
190 3 2 201 1 419 420 458 457
191 3 2 201 1 420 421 459 458
192 3 2 201 1 421 422 460 459
193 3 2 201 1 422 423 461 460
194 3 2 201 1 423 424 462 461
195 3 2 201 1 424 50 51 462
196 3 2 201 1 79 425 463 80
197 3 2 201 1 425 426 464 463
198 3 2 201 1 426 427 465 464
199 3 2 201 1 427 428 466 465
200 3 2 201 1 428 429 467 466
201 3 2 201 1 429 430 468 467
202 3 2 201 1 430 431 469 468
203 3 2 201 1 431 432 470 469
204 3 2 201 1 432 433 471 470
205 3 2 201 1 433 434 472 471
206 3 2 201 1 434 435 473 472
207 3 2 201 1 435 436 474 473
208 3 2 201 1 436 437 475 474
209 3 2 201 1 437 438 476 475
210 3 2 201 1 438 439 477 476
211 3 2 201 1 439 440 478 477
212 3 2 201 1 440 441 479 478
213 3 2 201 1 441 442 480 479
214 3 2 201 1 442 443 481 480
215 3 2 201 1 443 444 482 481
216 3 2 201 1 444 445 483 482
217 3 2 201 1 445 446 484 483
218 3 2 201 1 446 447 485 484
219 3 2 201 1 447 448 486 485
220 3 2 201 1 448 449 487 486
221 3 2 201 1 449 450 488 487
222 3 2 201 1 450 451 489 488
223 3 2 201 1 451 452 490 489
224 3 2 201 1 452 453 491 490
225 3 2 201 1 453 454 492 491
226 3 2 201 1 454 455 493 492
227 3 2 201 1 455 456 494 493
228 3 2 201 1 456 457 495 494
229 3 2 201 1 457 458 496 495
230 3 2 201 1 458 459 497 496
231 3 2 201 1 459 460 498 497
232 3 2 201 1 460 461 499 498
233 3 2 201 1 461 462 500 499
234 3 2 201 1 462 51 52 500
235 3 2 201 1 80 463 501 81
236 3 2 201 1 463 464 502 501
237 3 2 201 1 464 465 503 502
238 3 2 201 1 465 466 504 503
239 3 2 201 1 466 467 505 504
240 3 2 201 1 467 468 506 505
241 3 2 201 1 468 469 507 506
242 3 2 201 1 469 470 508 507
243 3 2 201 1 470 471 509 508
244 3 2 201 1 471 472 510 509
245 3 2 201 1 472 473 511 510
246 3 2 201 1 473 474 512 511
247 3 2 201 1 474 475 513 512
248 3 2 201 1 475 476 514 513
249 3 2 201 1 476 477 515 514
250 3 2 201 1 477 478 516 515
251 3 2 201 1 478 479 517 516
252 3 2 201 1 479 480 518 517
253 3 2 201 1 480 481 519 518
254 3 2 201 1 481 482 520 519
255 3 2 201 1 482 483 521 520
256 3 2 201 1 483 484 522 521
257 3 2 201 1 484 485 523 522
258 3 2 201 1 485 486 524 523
259 3 2 201 1 486 487 525 524
260 3 2 201 1 487 488 526 525
261 3 2 201 1 488 489 527 526
262 3 2 201 1 489 490 528 527
263 3 2 201 1 490 491 529 528
264 3 2 201 1 491 492 530 529
265 3 2 201 1 492 493 531 530
266 3 2 201 1 493 494 532 531
267 3 2 201 1 494 495 533 532
268 3 2 201 1 495 496 534 533
269 3 2 201 1 496 497 535 534
270 3 2 201 1 497 498 536 535
271 3 2 201 1 498 499 537 536
272 3 2 201 1 499 500 538 537
273 3 2 201 1 500 52 53 538
274 3 2 201 1 81 501 539 82
275 3 2 201 1 501 502 540 539
276 3 2 201 1 502 503 541 540
277 3 2 201 1 503 504 542 541
278 3 2 201 1 504 505 543 542
279 3 2 201 1 505 506 544 543
280 3 2 201 1 506 507 545 544
281 3 2 201 1 507 508 546 545
282 3 2 201 1 508 509 547 546
283 3 2 201 1 509 510 548 547
284 3 2 201 1 510 511 549 548
285 3 2 201 1 511 512 550 549
286 3 2 201 1 512 513 551 550
287 3 2 201 1 513 514 552 551
288 3 2 201 1 514 515 553 552
289 3 2 201 1 515 516 554 553
290 3 2 201 1 516 517 555 554
291 3 2 201 1 517 518 556 555
292 3 2 201 1 518 519 557 556
293 3 2 201 1 519 520 558 557
294 3 2 201 1 520 521 559 558
295 3 2 201 1 521 522 560 559
296 3 2 201 1 522 523 561 560
297 3 2 201 1 523 524 562 561
298 3 2 201 1 524 525 563 562
299 3 2 201 1 525 526 564 563
300 3 2 201 1 526 527 565 564
301 3 2 201 1 527 528 566 565
302 3 2 201 1 528 529 567 566
303 3 2 201 1 529 530 568 567
304 3 2 201 1 530 531 569 568
305 3 2 201 1 531 532 570 569
306 3 2 201 1 532 533 571 570
307 3 2 201 1 533 534 572 571
308 3 2 201 1 534 535 573 572
309 3 2 201 1 535 536 574 573
310 3 2 201 1 536 537 575 574
311 3 2 201 1 537 538 576 575
312 3 2 201 1 538 53 54 576
313 3 2 201 1 82 539 577 83
314 3 2 201 1 539 540 578 577
315 3 2 201 1 540 541 579 578
316 3 2 201 1 541 542 580 579
317 3 2 201 1 542 543 581 580
318 3 2 201 1 543 544 582 581
319 3 2 201 1 544 545 583 582
320 3 2 201 1 545 546 584 583
321 3 2 201 1 546 547 585 584
322 3 2 201 1 547 548 586 585
323 3 2 201 1 548 549 587 586
324 3 2 201 1 549 550 588 587
325 3 2 201 1 550 551 589 588
326 3 2 201 1 551 552 590 589
327 3 2 201 1 552 553 591 590
328 3 2 201 1 553 554 592 591
329 3 2 201 1 554 555 593 592
330 3 2 201 1 555 556 594 593
331 3 2 201 1 556 557 595 594
332 3 2 201 1 557 558 596 595
333 3 2 201 1 558 559 597 596
334 3 2 201 1 559 560 598 597
335 3 2 201 1 560 561 599 598
336 3 2 201 1 561 562 600 599
337 3 2 201 1 562 563 601 600
338 3 2 201 1 563 564 602 601
339 3 2 201 1 564 565 603 602
340 3 2 201 1 565 566 604 603
341 3 2 201 1 566 567 605 604
342 3 2 201 1 567 568 606 605
343 3 2 201 1 568 569 607 606
344 3 2 201 1 569 570 608 607
345 3 2 201 1 570 571 609 608
346 3 2 201 1 571 572 610 609
347 3 2 201 1 572 573 611 610
348 3 2 201 1 573 574 612 611
349 3 2 201 1 574 575 613 612
350 3 2 201 1 575 576 614 613
351 3 2 201 1 576 54 55 614
352 3 2 201 1 83 577 615 84
353 3 2 201 1 577 578 616 615
354 3 2 201 1 578 579 617 616
355 3 2 201 1 579 580 618 617
356 3 2 201 1 580 581 619 618
357 3 2 201 1 581 582 620 619
358 3 2 201 1 582 583 621 620
359 3 2 201 1 583 584 622 621
360 3 2 201 1 584 585 623 622
361 3 2 201 1 585 586 624 623
362 3 2 201 1 586 587 625 624
363 3 2 201 1 587 588 626 625
364 3 2 201 1 588 589 627 626
365 3 2 201 1 589 590 628 627
366 3 2 201 1 590 591 629 628
367 3 2 201 1 591 592 630 629
368 3 2 201 1 592 593 631 630
369 3 2 201 1 593 594 632 631
370 3 2 201 1 594 595 633 632
371 3 2 201 1 595 596 634 633
372 3 2 201 1 596 597 635 634
373 3 2 201 1 597 598 636 635
374 3 2 201 1 598 599 637 636
375 3 2 201 1 599 600 638 637
376 3 2 201 1 600 601 639 638
377 3 2 201 1 601 602 640 639
378 3 2 201 1 602 603 641 640
379 3 2 201 1 603 604 642 641
380 3 2 201 1 604 605 643 642
381 3 2 201 1 605 606 644 643
382 3 2 201 1 606 607 645 644
383 3 2 201 1 607 608 646 645
384 3 2 201 1 608 609 647 646
385 3 2 201 1 609 610 648 647
386 3 2 201 1 610 611 649 648
387 3 2 201 1 611 612 650 649
388 3 2 201 1 612 613 651 650
389 3 2 201 1 613 614 652 651
390 3 2 201 1 614 55 56 652
391 3 2 201 1 84 615 653 85
392 3 2 201 1 615 616 654 653
393 3 2 201 1 616 617 655 654
394 3 2 201 1 617 618 656 655
395 3 2 201 1 618 619 657 656
396 3 2 201 1 619 620 658 657
397 3 2 201 1 620 621 659 658
398 3 2 201 1 621 622 660 659
399 3 2 201 1 622 623 661 660
400 3 2 201 1 623 624 662 661
401 3 2 201 1 624 625 663 662
402 3 2 201 1 625 626 664 663
403 3 2 201 1 626 627 665 664
404 3 2 201 1 627 628 666 665
405 3 2 201 1 628 629 667 666
406 3 2 201 1 629 630 668 667
407 3 2 201 1 630 631 669 668
408 3 2 201 1 631 632 670 669
409 3 2 201 1 632 633 671 670
410 3 2 201 1 633 634 672 671
411 3 2 201 1 634 635 673 672
412 3 2 201 1 635 636 674 673
413 3 2 201 1 636 637 675 674
414 3 2 201 1 637 638 676 675
415 3 2 201 1 638 639 677 676
416 3 2 201 1 639 640 678 677
417 3 2 201 1 640 641 679 678
418 3 2 201 1 641 642 680 679
419 3 2 201 1 642 643 681 680
420 3 2 201 1 643 644 682 681
421 3 2 201 1 644 645 683 682
422 3 2 201 1 645 646 684 683
423 3 2 201 1 646 647 685 684
424 3 2 201 1 647 648 686 685
425 3 2 201 1 648 649 687 686
426 3 2 201 1 649 650 688 687
427 3 2 201 1 650 651 689 688
428 3 2 201 1 651 652 690 689
429 3 2 201 1 652 56 57 690
430 3 2 201 1 85 653 691 86
431 3 2 201 1 653 654 692 691
432 3 2 201 1 654 655 693 692
433 3 2 201 1 655 656 694 693
434 3 2 201 1 656 657 695 694
435 3 2 201 1 657 658 696 695
436 3 2 201 1 658 659 697 696
437 3 2 201 1 659 660 698 697
438 3 2 201 1 660 661 699 698
439 3 2 201 1 661 662 700 699
440 3 2 201 1 662 663 701 700
441 3 2 201 1 663 664 702 701
442 3 2 201 1 664 665 703 702
443 3 2 201 1 665 666 704 703
444 3 2 201 1 666 667 705 704
445 3 2 201 1 667 668 706 705
446 3 2 201 1 668 669 707 706
447 3 2 201 1 669 670 708 707
448 3 2 201 1 670 671 709 708
449 3 2 201 1 671 672 710 709
450 3 2 201 1 672 673 711 710
451 3 2 201 1 673 674 712 711
452 3 2 201 1 674 675 713 712
453 3 2 201 1 675 676 714 713
454 3 2 201 1 676 677 715 714
455 3 2 201 1 677 678 716 715
456 3 2 201 1 678 679 717 716
457 3 2 201 1 679 680 718 717
458 3 2 201 1 680 681 719 718
459 3 2 201 1 681 682 720 719
460 3 2 201 1 682 683 721 720
461 3 2 201 1 683 684 722 721
462 3 2 201 1 684 685 723 722
463 3 2 201 1 685 686 724 723
464 3 2 201 1 686 687 725 724
465 3 2 201 1 687 688 726 725
466 3 2 201 1 688 689 727 726
467 3 2 201 1 689 690 728 727
468 3 2 201 1 690 57 58 728
469 3 2 201 1 86 691 729 87
470 3 2 201 1 691 692 730 729
471 3 2 201 1 692 693 731 730
472 3 2 201 1 693 694 732 731
473 3 2 201 1 694 695 733 732
474 3 2 201 1 695 696 734 733
475 3 2 201 1 696 697 735 734
476 3 2 201 1 697 698 736 735
477 3 2 201 1 698 699 737 736
478 3 2 201 1 699 700 738 737
479 3 2 201 1 700 701 739 738
480 3 2 201 1 701 702 740 739
481 3 2 201 1 702 703 741 740
482 3 2 201 1 703 704 742 741
483 3 2 201 1 704 705 743 742
484 3 2 201 1 705 706 744 743
485 3 2 201 1 706 707 745 744
486 3 2 201 1 707 708 746 745
487 3 2 201 1 708 709 747 746
488 3 2 201 1 709 710 748 747
489 3 2 201 1 710 711 749 748
490 3 2 201 1 711 712 750 749
491 3 2 201 1 712 713 751 750
492 3 2 201 1 713 714 752 751
493 3 2 201 1 714 715 753 752
494 3 2 201 1 715 716 754 753
495 3 2 201 1 716 717 755 754
496 3 2 201 1 717 718 756 755
497 3 2 201 1 718 719 757 756
498 3 2 201 1 719 720 758 757
499 3 2 201 1 720 721 759 758
500 3 2 201 1 721 722 760 759
501 3 2 201 1 722 723 761 760
502 3 2 201 1 723 724 762 761
503 3 2 201 1 724 725 763 762
504 3 2 201 1 725 726 764 763
505 3 2 201 1 726 727 765 764
506 3 2 201 1 727 728 766 765
507 3 2 201 1 728 58 59 766
508 3 2 201 1 87 729 767 88
509 3 2 201 1 729 730 768 767
510 3 2 201 1 730 731 769 768
511 3 2 201 1 731 732 770 769
512 3 2 201 1 732 733 771 770
513 3 2 201 1 733 734 772 771
514 3 2 201 1 734 735 773 772
515 3 2 201 1 735 736 774 773
516 3 2 201 1 736 737 775 774
517 3 2 201 1 737 738 776 775
518 3 2 201 1 738 739 777 776
519 3 2 201 1 739 740 778 777
520 3 2 201 1 740 741 779 778
521 3 2 201 1 741 742 780 779
522 3 2 201 1 742 743 781 780
523 3 2 201 1 743 744 782 781
524 3 2 201 1 744 745 783 782
525 3 2 201 1 745 746 784 783
526 3 2 201 1 746 747 785 784
527 3 2 201 1 747 748 786 785
528 3 2 201 1 748 749 787 786
529 3 2 201 1 749 750 788 787
530 3 2 201 1 750 751 789 788
531 3 2 201 1 751 752 790 789
532 3 2 201 1 752 753 791 790
533 3 2 201 1 753 754 792 791
534 3 2 201 1 754 755 793 792
535 3 2 201 1 755 756 794 793
536 3 2 201 1 756 757 795 794
537 3 2 201 1 757 758 796 795
538 3 2 201 1 758 759 797 796
539 3 2 201 1 759 760 798 797
540 3 2 201 1 760 761 799 798
541 3 2 201 1 761 762 800 799
542 3 2 201 1 762 763 801 800
543 3 2 201 1 763 764 802 801
544 3 2 201 1 764 765 803 802
545 3 2 201 1 765 766 804 803
546 3 2 201 1 766 59 60 804
547 3 2 201 1 88 767 805 89
548 3 2 201 1 767 768 806 805
549 3 2 201 1 768 769 807 806
550 3 2 201 1 769 770 808 807
551 3 2 201 1 770 771 809 808
552 3 2 201 1 771 772 810 809
553 3 2 201 1 772 773 811 810
554 3 2 201 1 773 774 812 811
555 3 2 201 1 774 775 813 812
556 3 2 201 1 775 776 814 813
557 3 2 201 1 776 777 815 814
558 3 2 201 1 777 778 816 815
559 3 2 201 1 778 779 817 816
560 3 2 201 1 779 780 818 817
561 3 2 201 1 780 781 819 818
562 3 2 201 1 781 782 820 819
563 3 2 201 1 782 783 821 820
564 3 2 201 1 783 784 822 821
565 3 2 201 1 784 785 823 822
566 3 2 201 1 785 786 824 823
567 3 2 201 1 786 787 825 824
568 3 2 201 1 787 788 826 825
569 3 2 201 1 788 789 827 826
570 3 2 201 1 789 790 828 827
571 3 2 201 1 790 791 829 828
572 3 2 201 1 791 792 830 829
573 3 2 201 1 792 793 831 830
574 3 2 201 1 793 794 832 831
575 3 2 201 1 794 795 833 832
576 3 2 201 1 795 796 834 833
577 3 2 201 1 796 797 835 834
578 3 2 201 1 797 798 836 835
579 3 2 201 1 798 799 837 836
580 3 2 201 1 799 800 838 837
581 3 2 201 1 800 801 839 838
582 3 2 201 1 801 802 840 839
583 3 2 201 1 802 803 841 840
584 3 2 201 1 803 804 842 841
585 3 2 201 1 804 60 61 842
586 3 2 201 1 89 805 843 90
587 3 2 201 1 805 806 844 843
588 3 2 201 1 806 807 845 844
589 3 2 201 1 807 808 846 845
590 3 2 201 1 808 809 847 846
591 3 2 201 1 809 810 848 847
592 3 2 201 1 810 811 849 848
593 3 2 201 1 811 812 850 849
594 3 2 201 1 812 813 851 850
595 3 2 201 1 813 814 852 851
596 3 2 201 1 814 815 853 852
597 3 2 201 1 815 816 854 853
598 3 2 201 1 816 817 855 854
599 3 2 201 1 817 818 856 855
600 3 2 201 1 818 819 857 856
601 3 2 201 1 819 820 858 857
602 3 2 201 1 820 821 859 858
603 3 2 201 1 821 822 860 859
604 3 2 201 1 822 823 861 860
605 3 2 201 1 823 824 862 861
606 3 2 201 1 824 825 863 862
607 3 2 201 1 825 826 864 863
608 3 2 201 1 826 827 865 864
609 3 2 201 1 827 828 866 865
610 3 2 201 1 828 829 867 866
611 3 2 201 1 829 830 868 867
612 3 2 201 1 830 831 869 868
613 3 2 201 1 831 832 870 869
614 3 2 201 1 832 833 871 870
615 3 2 201 1 833 834 872 871
616 3 2 201 1 834 835 873 872
617 3 2 201 1 835 836 874 873
618 3 2 201 1 836 837 875 874
619 3 2 201 1 837 838 876 875
620 3 2 201 1 838 839 877 876
621 3 2 201 1 839 840 878 877
622 3 2 201 1 840 841 879 878
623 3 2 201 1 841 842 880 879
624 3 2 201 1 842 61 62 880
625 3 2 201 1 90 843 881 91
626 3 2 201 1 843 844 882 881
627 3 2 201 1 844 845 883 882
628 3 2 201 1 845 846 884 883
629 3 2 201 1 846 847 885 884
630 3 2 201 1 847 848 886 885
631 3 2 201 1 848 849 887 886
632 3 2 201 1 849 850 888 887
633 3 2 201 1 850 851 889 888
634 3 2 201 1 851 852 890 889
635 3 2 201 1 852 853 891 890
636 3 2 201 1 853 854 892 891
637 3 2 201 1 854 855 893 892
638 3 2 201 1 855 856 894 893
639 3 2 201 1 856 857 895 894
640 3 2 201 1 857 858 896 895
641 3 2 201 1 858 859 897 896
642 3 2 201 1 859 860 898 897
643 3 2 201 1 860 861 899 898
644 3 2 201 1 861 862 900 899
645 3 2 201 1 862 863 901 900
646 3 2 201 1 863 864 902 901
647 3 2 201 1 864 865 903 902
648 3 2 201 1 865 866 904 903
649 3 2 201 1 866 867 905 904
650 3 2 201 1 867 868 906 905
651 3 2 201 1 868 869 907 906
652 3 2 201 1 869 870 908 907
653 3 2 201 1 870 871 909 908
654 3 2 201 1 871 872 910 909
655 3 2 201 1 872 873 911 910
656 3 2 201 1 873 874 912 911
657 3 2 201 1 874 875 913 912
658 3 2 201 1 875 876 914 913
659 3 2 201 1 876 877 915 914
660 3 2 201 1 877 878 916 915
661 3 2 201 1 878 879 917 916
662 3 2 201 1 879 880 918 917
663 3 2 201 1 880 62 63 918
664 3 2 201 1 91 881 919 92
665 3 2 201 1 881 882 920 919
666 3 2 201 1 882 883 921 920
667 3 2 201 1 883 884 922 921
668 3 2 201 1 884 885 923 922
669 3 2 201 1 885 886 924 923
670 3 2 201 1 886 887 925 924
671 3 2 201 1 887 888 926 925
672 3 2 201 1 888 889 927 926
673 3 2 201 1 889 890 928 927
674 3 2 201 1 890 891 929 928
675 3 2 201 1 891 892 930 929
676 3 2 201 1 892 893 931 930
677 3 2 201 1 893 894 932 931
678 3 2 201 1 894 895 933 932
679 3 2 201 1 895 896 934 933
680 3 2 201 1 896 897 935 934
681 3 2 201 1 897 898 936 935
682 3 2 201 1 898 899 937 936
683 3 2 201 1 899 900 938 937
684 3 2 201 1 900 901 939 938
685 3 2 201 1 901 902 940 939
686 3 2 201 1 902 903 941 940
687 3 2 201 1 903 904 942 941
688 3 2 201 1 904 905 943 942
689 3 2 201 1 905 906 944 943
690 3 2 201 1 906 907 945 944
691 3 2 201 1 907 908 946 945
692 3 2 201 1 908 909 947 946
693 3 2 201 1 909 910 948 947
694 3 2 201 1 910 911 949 948
695 3 2 201 1 911 912 950 949
696 3 2 201 1 912 913 951 950
697 3 2 201 1 913 914 952 951
698 3 2 201 1 914 915 953 952
699 3 2 201 1 915 916 954 953
700 3 2 201 1 916 917 955 954
701 3 2 201 1 917 918 956 955
702 3 2 201 1 918 63 64 956
703 3 2 201 1 92 919 957 93
704 3 2 201 1 919 920 958 957
705 3 2 201 1 920 921 959 958
706 3 2 201 1 921 922 960 959
707 3 2 201 1 922 923 961 960
708 3 2 201 1 923 924 962 961
709 3 2 201 1 924 925 963 962
710 3 2 201 1 925 926 964 963
711 3 2 201 1 926 927 965 964
712 3 2 201 1 927 928 966 965
713 3 2 201 1 928 929 967 966
714 3 2 201 1 929 930 968 967
715 3 2 201 1 930 931 969 968
716 3 2 201 1 931 932 970 969
717 3 2 201 1 932 933 971 970
718 3 2 201 1 933 934 972 971
719 3 2 201 1 934 935 973 972
720 3 2 201 1 935 936 974 973
721 3 2 201 1 936 937 975 974
722 3 2 201 1 937 938 976 975
723 3 2 201 1 938 939 977 976
724 3 2 201 1 939 940 978 977
725 3 2 201 1 940 941 979 978
726 3 2 201 1 941 942 980 979
727 3 2 201 1 942 943 981 980
728 3 2 201 1 943 944 982 981
729 3 2 201 1 944 945 983 982
730 3 2 201 1 945 946 984 983
731 3 2 201 1 946 947 985 984
732 3 2 201 1 947 948 986 985
733 3 2 201 1 948 949 987 986
734 3 2 201 1 949 950 988 987
735 3 2 201 1 950 951 989 988
736 3 2 201 1 951 952 990 989
737 3 2 201 1 952 953 991 990
738 3 2 201 1 953 954 992 991
739 3 2 201 1 954 955 993 992
740 3 2 201 1 955 956 994 993
741 3 2 201 1 956 64 65 994
742 3 2 201 1 93 957 995 94
743 3 2 201 1 957 958 996 995
744 3 2 201 1 958 959 997 996
745 3 2 201 1 959 960 998 997
746 3 2 201 1 960 961 999 998
747 3 2 201 1 961 962 1000 999
748 3 2 201 1 962 963 1001 1000
749 3 2 201 1 963 964 1002 1001
750 3 2 201 1 964 965 1003 1002
751 3 2 201 1 965 966 1004 1003
752 3 2 201 1 966 967 1005 1004
753 3 2 201 1 967 968 1006 1005
754 3 2 201 1 968 969 1007 1006
755 3 2 201 1 969 970 1008 1007
756 3 2 201 1 970 971 1009 1008
757 3 2 201 1 971 972 1010 1009
758 3 2 201 1 972 973 1011 1010
759 3 2 201 1 973 974 1012 1011
760 3 2 201 1 974 975 1013 1012
761 3 2 201 1 975 976 1014 1013
762 3 2 201 1 976 977 1015 1014
763 3 2 201 1 977 978 1016 1015
764 3 2 201 1 978 979 1017 1016
765 3 2 201 1 979 980 1018 1017
766 3 2 201 1 980 981 1019 1018
767 3 2 201 1 981 982 1020 1019
768 3 2 201 1 982 983 1021 1020
769 3 2 201 1 983 984 1022 1021
770 3 2 201 1 984 985 1023 1022
771 3 2 201 1 985 986 1024 1023
772 3 2 201 1 986 987 1025 1024
773 3 2 201 1 987 988 1026 1025
774 3 2 201 1 988 989 1027 1026
775 3 2 201 1 989 990 1028 1027
776 3 2 201 1 990 991 1029 1028
777 3 2 201 1 991 992 1030 1029
778 3 2 201 1 992 993 1031 1030
779 3 2 201 1 993 994 1032 1031
780 3 2 201 1 994 65 66 1032
781 3 2 201 1 94 995 1033 95
782 3 2 201 1 995 996 1034 1033
783 3 2 201 1 996 997 1035 1034
784 3 2 201 1 997 998 1036 1035
785 3 2 201 1 998 999 1037 1036
786 3 2 201 1 999 1000 1038 1037
787 3 2 201 1 1000 1001 1039 1038
788 3 2 201 1 1001 1002 1040 1039
789 3 2 201 1 1002 1003 1041 1040
790 3 2 201 1 1003 1004 1042 1041
791 3 2 201 1 1004 1005 1043 1042
792 3 2 201 1 1005 1006 1044 1043
793 3 2 201 1 1006 1007 1045 1044
794 3 2 201 1 1007 1008 1046 1045
795 3 2 201 1 1008 1009 1047 1046
796 3 2 201 1 1009 1010 1048 1047
797 3 2 201 1 1010 1011 1049 1048
798 3 2 201 1 1011 1012 1050 1049
799 3 2 201 1 1012 1013 1051 1050
800 3 2 201 1 1013 1014 1052 1051
801 3 2 201 1 1014 1015 1053 1052
802 3 2 201 1 1015 1016 1054 1053
803 3 2 201 1 1016 1017 1055 1054
804 3 2 201 1 1017 1018 1056 1055
805 3 2 201 1 1018 1019 1057 1056
806 3 2 201 1 1019 1020 1058 1057
807 3 2 201 1 1020 1021 1059 1058
808 3 2 201 1 1021 1022 1060 1059
809 3 2 201 1 1022 1023 1061 1060
810 3 2 201 1 1023 1024 1062 1061
811 3 2 201 1 1024 1025 1063 1062
812 3 2 201 1 1025 1026 1064 1063
813 3 2 201 1 1026 1027 1065 1064
814 3 2 201 1 1027 1028 1066 1065
815 3 2 201 1 1028 1029 1067 1066
816 3 2 201 1 1029 1030 1068 1067
817 3 2 201 1 1030 1031 1069 1068
818 3 2 201 1 1031 1032 1070 1069
819 3 2 201 1 1032 66 67 1070
820 3 2 201 1 95 1033 1071 96
821 3 2 201 1 1033 1034 1072 1071
822 3 2 201 1 1034 1035 1073 1072
823 3 2 201 1 1035 1036 1074 1073
824 3 2 201 1 1036 1037 1075 1074
825 3 2 201 1 1037 1038 1076 1075
826 3 2 201 1 1038 1039 1077 1076
827 3 2 201 1 1039 1040 1078 1077
828 3 2 201 1 1040 1041 1079 1078
829 3 2 201 1 1041 1042 1080 1079
830 3 2 201 1 1042 1043 1081 1080
831 3 2 201 1 1043 1044 1082 1081
832 3 2 201 1 1044 1045 1083 1082
833 3 2 201 1 1045 1046 1084 1083
834 3 2 201 1 1046 1047 1085 1084
835 3 2 201 1 1047 1048 1086 1085
836 3 2 201 1 1048 1049 1087 1086
837 3 2 201 1 1049 1050 1088 1087
838 3 2 201 1 1050 1051 1089 1088
839 3 2 201 1 1051 1052 1090 1089
840 3 2 201 1 1052 1053 1091 1090
841 3 2 201 1 1053 1054 1092 1091
842 3 2 201 1 1054 1055 1093 1092
843 3 2 201 1 1055 1056 1094 1093
844 3 2 201 1 1056 1057 1095 1094
845 3 2 201 1 1057 1058 1096 1095
846 3 2 201 1 1058 1059 1097 1096
847 3 2 201 1 1059 1060 1098 1097
848 3 2 201 1 1060 1061 1099 1098
849 3 2 201 1 1061 1062 1100 1099
850 3 2 201 1 1062 1063 1101 1100
851 3 2 201 1 1063 1064 1102 1101
852 3 2 201 1 1064 1065 1103 1102
853 3 2 201 1 1065 1066 1104 1103
854 3 2 201 1 1066 1067 1105 1104
855 3 2 201 1 1067 1068 1106 1105
856 3 2 201 1 1068 1069 1107 1106
857 3 2 201 1 1069 1070 1108 1107
858 3 2 201 1 1070 67 68 1108
859 3 2 201 1 96 1071 1109 97
860 3 2 201 1 1071 1072 1110 1109
861 3 2 201 1 1072 1073 1111 1110
862 3 2 201 1 1073 1074 1112 1111
863 3 2 201 1 1074 1075 1113 1112
864 3 2 201 1 1075 1076 1114 1113
865 3 2 201 1 1076 1077 1115 1114
866 3 2 201 1 1077 1078 1116 1115
867 3 2 201 1 1078 1079 1117 1116
868 3 2 201 1 1079 1080 1118 1117
869 3 2 201 1 1080 1081 1119 1118
870 3 2 201 1 1081 1082 1120 1119
871 3 2 201 1 1082 1083 1121 1120
872 3 2 201 1 1083 1084 1122 1121
873 3 2 201 1 1084 1085 1123 1122
874 3 2 201 1 1085 1086 1124 1123
875 3 2 201 1 1086 1087 1125 1124
876 3 2 201 1 1087 1088 1126 1125
877 3 2 201 1 1088 1089 1127 1126
878 3 2 201 1 1089 1090 1128 1127
879 3 2 201 1 1090 1091 1129 1128
880 3 2 201 1 1091 1092 1130 1129
881 3 2 201 1 1092 1093 1131 1130
882 3 2 201 1 1093 1094 1132 1131
883 3 2 201 1 1094 1095 1133 1132
884 3 2 201 1 1095 1096 1134 1133
885 3 2 201 1 1096 1097 1135 1134
886 3 2 201 1 1097 1098 1136 1135
887 3 2 201 1 1098 1099 1137 1136
888 3 2 201 1 1099 1100 1138 1137
889 3 2 201 1 1100 1101 1139 1138
890 3 2 201 1 1101 1102 1140 1139
891 3 2 201 1 1102 1103 1141 1140
892 3 2 201 1 1103 1104 1142 1141
893 3 2 201 1 1104 1105 1143 1142
894 3 2 201 1 1105 1106 1144 1143
895 3 2 201 1 1106 1107 1145 1144
896 3 2 201 1 1107 1108 1146 1145
897 3 2 201 1 1108 68 69 1146
898 3 2 201 1 97 1109 1147 98
899 3 2 201 1 1109 1110 1148 1147
900 3 2 201 1 1110 1111 1149 1148
901 3 2 201 1 1111 1112 1150 1149
902 3 2 201 1 1112 1113 1151 1150
903 3 2 201 1 1113 1114 1152 1151
904 3 2 201 1 1114 1115 1153 1152
905 3 2 201 1 1115 1116 1154 1153
906 3 2 201 1 1116 1117 1155 1154
907 3 2 201 1 1117 1118 1156 1155
908 3 2 201 1 1118 1119 1157 1156
909 3 2 201 1 1119 1120 1158 1157
910 3 2 201 1 1120 1121 1159 1158
911 3 2 201 1 1121 1122 1160 1159
912 3 2 201 1 1122 1123 1161 1160
913 3 2 201 1 1123 1124 1162 1161
914 3 2 201 1 1124 1125 1163 1162
915 3 2 201 1 1125 1126 1164 1163
916 3 2 201 1 1126 1127 1165 1164
917 3 2 201 1 1127 1128 1166 1165
918 3 2 201 1 1128 1129 1167 1166
919 3 2 201 1 1129 1130 1168 1167
920 3 2 201 1 1130 1131 1169 1168
921 3 2 201 1 1131 1132 1170 1169
922 3 2 201 1 1132 1133 1171 1170
923 3 2 201 1 1133 1134 1172 1171
924 3 2 201 1 1134 1135 1173 1172
925 3 2 201 1 1135 1136 1174 1173
926 3 2 201 1 1136 1137 1175 1174
927 3 2 201 1 1137 1138 1176 1175
928 3 2 201 1 1138 1139 1177 1176
929 3 2 201 1 1139 1140 1178 1177
930 3 2 201 1 1140 1141 1179 1178
931 3 2 201 1 1141 1142 1180 1179
932 3 2 201 1 1142 1143 1181 1180
933 3 2 201 1 1143 1144 1182 1181
934 3 2 201 1 1144 1145 1183 1182
935 3 2 201 1 1145 1146 1184 1183
936 3 2 201 1 1146 69 70 1184
937 3 2 201 1 98 1147 1185 99
938 3 2 201 1 1147 1148 1186 1185
939 3 2 201 1 1148 1149 1187 1186
940 3 2 201 1 1149 1150 1188 1187
941 3 2 201 1 1150 1151 1189 1188
942 3 2 201 1 1151 1152 1190 1189
943 3 2 201 1 1152 1153 1191 1190
944 3 2 201 1 1153 1154 1192 1191
945 3 2 201 1 1154 1155 1193 1192
946 3 2 201 1 1155 1156 1194 1193
947 3 2 201 1 1156 1157 1195 1194
948 3 2 201 1 1157 1158 1196 1195
949 3 2 201 1 1158 1159 1197 1196
950 3 2 201 1 1159 1160 1198 1197
951 3 2 201 1 1160 1161 1199 1198
952 3 2 201 1 1161 1162 1200 1199
953 3 2 201 1 1162 1163 1201 1200
954 3 2 201 1 1163 1164 1202 1201
955 3 2 201 1 1164 1165 1203 1202
956 3 2 201 1 1165 1166 1204 1203
957 3 2 201 1 1166 1167 1205 1204
958 3 2 201 1 1167 1168 1206 1205
959 3 2 201 1 1168 1169 1207 1206
960 3 2 201 1 1169 1170 1208 1207
961 3 2 201 1 1170 1171 1209 1208
962 3 2 201 1 1171 1172 1210 1209
963 3 2 201 1 1172 1173 1211 1210
964 3 2 201 1 1173 1174 1212 1211
965 3 2 201 1 1174 1175 1213 1212
966 3 2 201 1 1175 1176 1214 1213
967 3 2 201 1 1176 1177 1215 1214
968 3 2 201 1 1177 1178 1216 1215
969 3 2 201 1 1178 1179 1217 1216
970 3 2 201 1 1179 1180 1218 1217
971 3 2 201 1 1180 1181 1219 1218
972 3 2 201 1 1181 1182 1220 1219
973 3 2 201 1 1182 1183 1221 1220
974 3 2 201 1 1183 1184 1222 1221
975 3 2 201 1 1184 70 71 1222
976 3 2 201 1 99 1185 1223 100
977 3 2 201 1 1185 1186 1224 1223
978 3 2 201 1 1186 1187 1225 1224
979 3 2 201 1 1187 1188 1226 1225
980 3 2 201 1 1188 1189 1227 1226
981 3 2 201 1 1189 1190 1228 1227
982 3 2 201 1 1190 1191 1229 1228
983 3 2 201 1 1191 1192 1230 1229
984 3 2 201 1 1192 1193 1231 1230
985 3 2 201 1 1193 1194 1232 1231
986 3 2 201 1 1194 1195 1233 1232
987 3 2 201 1 1195 1196 1234 1233
988 3 2 201 1 1196 1197 1235 1234
989 3 2 201 1 1197 1198 1236 1235
990 3 2 201 1 1198 1199 1237 1236
991 3 2 201 1 1199 1200 1238 1237
992 3 2 201 1 1200 1201 1239 1238
993 3 2 201 1 1201 1202 1240 1239
994 3 2 201 1 1202 1203 1241 1240
995 3 2 201 1 1203 1204 1242 1241
996 3 2 201 1 1204 1205 1243 1242
997 3 2 201 1 1205 1206 1244 1243
998 3 2 201 1 1206 1207 1245 1244
999 3 2 201 1 1207 1208 1246 1245
1000 3 2 201 1 1208 1209 1247 1246
1001 3 2 201 1 1209 1210 1248 1247
1002 3 2 201 1 1210 1211 1249 1248
1003 3 2 201 1 1211 1212 1250 1249
1004 3 2 201 1 1212 1213 1251 1250
1005 3 2 201 1 1213 1214 1252 1251
1006 3 2 201 1 1214 1215 1253 1252
1007 3 2 201 1 1215 1216 1254 1253
1008 3 2 201 1 1216 1217 1255 1254
1009 3 2 201 1 1217 1218 1256 1255
1010 3 2 201 1 1218 1219 1257 1256
1011 3 2 201 1 1219 1220 1258 1257
1012 3 2 201 1 1220 1221 1259 1258
1013 3 2 201 1 1221 1222 1260 1259
1014 3 2 201 1 1222 71 72 1260
1015 3 2 201 1 100 1223 1261 101
1016 3 2 201 1 1223 1224 1262 1261
1017 3 2 201 1 1224 1225 1263 1262
1018 3 2 201 1 1225 1226 1264 1263
1019 3 2 201 1 1226 1227 1265 1264
1020 3 2 201 1 1227 1228 1266 1265
1021 3 2 201 1 1228 1229 1267 1266
1022 3 2 201 1 1229 1230 1268 1267
1023 3 2 201 1 1230 1231 1269 1268
1024 3 2 201 1 1231 1232 1270 1269
1025 3 2 201 1 1232 1233 1271 1270
1026 3 2 201 1 1233 1234 1272 1271
1027 3 2 201 1 1234 1235 1273 1272
1028 3 2 201 1 1235 1236 1274 1273
1029 3 2 201 1 1236 1237 1275 1274
1030 3 2 201 1 1237 1238 1276 1275
1031 3 2 201 1 1238 1239 1277 1276
1032 3 2 201 1 1239 1240 1278 1277
1033 3 2 201 1 1240 1241 1279 1278
1034 3 2 201 1 1241 1242 1280 1279
1035 3 2 201 1 1242 1243 1281 1280
1036 3 2 201 1 1243 1244 1282 1281
1037 3 2 201 1 1244 1245 1283 1282
1038 3 2 201 1 1245 1246 1284 1283
1039 3 2 201 1 1246 1247 1285 1284
1040 3 2 201 1 1247 1248 1286 1285
1041 3 2 201 1 1248 1249 1287 1286
1042 3 2 201 1 1249 1250 1288 1287
1043 3 2 201 1 1250 1251 1289 1288
1044 3 2 201 1 1251 1252 1290 1289
1045 3 2 201 1 1252 1253 1291 1290
1046 3 2 201 1 1253 1254 1292 1291
1047 3 2 201 1 1254 1255 1293 1292
1048 3 2 201 1 1255 1256 1294 1293
1049 3 2 201 1 1256 1257 1295 1294
1050 3 2 201 1 1257 1258 1296 1295
1051 3 2 201 1 1258 1259 1297 1296
1052 3 2 201 1 1259 1260 1298 1297
1053 3 2 201 1 1260 72 73 1298
1054 3 2 201 1 101 1261 1299 102
1055 3 2 201 1 1261 1262 1300 1299
1056 3 2 201 1 1262 1263 1301 1300
1057 3 2 201 1 1263 1264 1302 1301
1058 3 2 201 1 1264 1265 1303 1302
1059 3 2 201 1 1265 1266 1304 1303
1060 3 2 201 1 1266 1267 1305 1304
1061 3 2 201 1 1267 1268 1306 1305
1062 3 2 201 1 1268 1269 1307 1306
1063 3 2 201 1 1269 1270 1308 1307
1064 3 2 201 1 1270 1271 1309 1308
1065 3 2 201 1 1271 1272 1310 1309
1066 3 2 201 1 1272 1273 1311 1310
1067 3 2 201 1 1273 1274 1312 1311
1068 3 2 201 1 1274 1275 1313 1312
1069 3 2 201 1 1275 1276 1314 1313
1070 3 2 201 1 1276 1277 1315 1314
1071 3 2 201 1 1277 1278 1316 1315
1072 3 2 201 1 1278 1279 1317 1316
1073 3 2 201 1 1279 1280 1318 1317
1074 3 2 201 1 1280 1281 1319 1318
1075 3 2 201 1 1281 1282 1320 1319
1076 3 2 201 1 1282 1283 1321 1320
1077 3 2 201 1 1283 1284 1322 1321
1078 3 2 201 1 1284 1285 1323 1322
1079 3 2 201 1 1285 1286 1324 1323
1080 3 2 201 1 1286 1287 1325 1324
1081 3 2 201 1 1287 1288 1326 1325
1082 3 2 201 1 1288 1289 1327 1326
1083 3 2 201 1 1289 1290 1328 1327
1084 3 2 201 1 1290 1291 1329 1328
1085 3 2 201 1 1291 1292 1330 1329
1086 3 2 201 1 1292 1293 1331 1330
1087 3 2 201 1 1293 1294 1332 1331
1088 3 2 201 1 1294 1295 1333 1332
1089 3 2 201 1 1295 1296 1334 1333
1090 3 2 201 1 1296 1297 1335 1334
1091 3 2 201 1 1297 1298 1336 1335
1092 3 2 201 1 1298 73 74 1336
1093 3 2 201 1 102 1299 103 7
1094 3 2 201 1 1299 1300 104 103
1095 3 2 201 1 1300 1301 105 104
1096 3 2 201 1 1301 1302 106 105
1097 3 2 201 1 1302 1303 107 106
1098 3 2 201 1 1303 1304 108 107
1099 3 2 201 1 1304 1305 109 108
1100 3 2 201 1 1305 1306 110 109
1101 3 2 201 1 1306 1307 111 110
1102 3 2 201 1 1307 1308 112 111
1103 3 2 201 1 1308 1309 113 112
1104 3 2 201 1 1309 1310 114 113
1105 3 2 201 1 1310 1311 115 114
1106 3 2 201 1 1311 1312 116 115
1107 3 2 201 1 1312 1313 117 116
1108 3 2 201 1 1313 1314 118 117
1109 3 2 201 1 1314 1315 119 118
1110 3 2 201 1 1315 1316 120 119
1111 3 2 201 1 1316 1317 121 120
1112 3 2 201 1 1317 1318 122 121
1113 3 2 201 1 1318 1319 123 122
1114 3 2 201 1 1319 1320 124 123
1115 3 2 201 1 1320 1321 125 124
1116 3 2 201 1 1321 1322 126 125
1117 3 2 201 1 1322 1323 127 126
1118 3 2 201 1 1323 1324 128 127
1119 3 2 201 1 1324 1325 129 128
1120 3 2 201 1 1325 1326 130 129
1121 3 2 201 1 1326 1327 131 130
1122 3 2 201 1 1327 1328 132 131
1123 3 2 201 1 1328 1329 133 132
1124 3 2 201 1 1329 1330 134 133
1125 3 2 201 1 1330 1331 135 134
1126 3 2 201 1 1331 1332 136 135
1127 3 2 201 1 1332 1333 137 136
1128 3 2 201 1 1333 1334 138 137
1129 3 2 201 1 1334 1335 139 138
1130 3 2 201 1 1335 1336 140 139
1131 3 2 201 1 1336 74 5 140
1132 3 2 101 2 7 103 141 8
1133 3 2 101 2 103 104 142 141
1134 3 2 101 2 104 105 143 142
1135 3 2 101 2 105 106 144 143
1136 3 2 101 2 106 107 145 144
1137 3 2 101 2 107 108 146 145
1138 3 2 101 2 108 109 147 146
1139 3 2 101 2 109 110 148 147
1140 3 2 101 2 110 111 149 148
1141 3 2 101 2 111 112 150 149
1142 3 2 101 2 112 113 151 150
1143 3 2 101 2 113 114 152 151
1144 3 2 101 2 114 115 153 152
1145 3 2 101 2 115 116 154 153
1146 3 2 101 2 116 117 155 154
1147 3 2 101 2 117 118 156 155
1148 3 2 101 2 118 119 157 156
1149 3 2 101 2 119 120 158 157
1150 3 2 101 2 120 121 159 158
1151 3 2 101 2 121 122 160 159
1152 3 2 101 2 122 123 161 160
1153 3 2 101 2 123 124 162 161
1154 3 2 101 2 124 125 163 162
1155 3 2 101 2 125 126 164 163
1156 3 2 101 2 126 127 165 164
1157 3 2 101 2 127 128 166 165
1158 3 2 101 2 128 129 167 166
1159 3 2 101 2 129 130 168 167
1160 3 2 101 2 130 131 169 168
1161 3 2 101 2 131 132 170 169
1162 3 2 101 2 132 133 171 170
1163 3 2 101 2 133 134 172 171
1164 3 2 101 2 134 135 173 172
1165 3 2 101 2 135 136 174 173
1166 3 2 101 2 136 137 175 174
1167 3 2 101 2 137 138 176 175
1168 3 2 101 2 138 139 177 176
1169 3 2 101 2 139 140 178 177
1170 3 2 101 2 140 5 6 178
1171 3 2 201 3 8 141 1337 207
1172 3 2 201 3 141 142 1338 1337
1173 3 2 201 3 142 143 1339 1338
1174 3 2 201 3 143 144 1340 1339
1175 3 2 201 3 144 145 1341 1340
1176 3 2 201 3 145 146 1342 1341
1177 3 2 201 3 146 147 1343 1342
1178 3 2 201 3 147 148 1344 1343
1179 3 2 201 3 148 149 1345 1344
1180 3 2 201 3 149 150 1346 1345
1181 3 2 201 3 150 151 1347 1346
1182 3 2 201 3 151 152 1348 1347
1183 3 2 201 3 152 153 1349 1348
1184 3 2 201 3 153 154 1350 1349
1185 3 2 201 3 154 155 1351 1350
1186 3 2 201 3 155 156 1352 1351
1187 3 2 201 3 156 157 1353 1352
1188 3 2 201 3 157 158 1354 1353
1189 3 2 201 3 158 159 1355 1354
1190 3 2 201 3 159 160 1356 1355
1191 3 2 201 3 160 161 1357 1356
1192 3 2 201 3 161 162 1358 1357
1193 3 2 201 3 162 163 1359 1358
1194 3 2 201 3 163 164 1360 1359
1195 3 2 201 3 164 165 1361 1360
1196 3 2 201 3 165 166 1362 1361
1197 3 2 201 3 166 167 1363 1362
1198 3 2 201 3 167 168 1364 1363
1199 3 2 201 3 168 169 1365 1364
1200 3 2 201 3 169 170 1366 1365
1201 3 2 201 3 170 171 1367 1366
1202 3 2 201 3 171 172 1368 1367
1203 3 2 201 3 172 173 1369 1368
1204 3 2 201 3 173 174 1370 1369
1205 3 2 201 3 174 175 1371 1370
1206 3 2 201 3 175 176 1372 1371
1207 3 2 201 3 176 177 1373 1372
1208 3 2 201 3 177 178 1374 1373
1209 3 2 201 3 178 6 179 1374
1210 3 2 201 3 207 1337 1375 208
1211 3 2 201 3 1337 1338 1376 1375
1212 3 2 201 3 1338 1339 1377 1376
1213 3 2 201 3 1339 1340 1378 1377
1214 3 2 201 3 1340 1341 1379 1378
1215 3 2 201 3 1341 1342 1380 1379
1216 3 2 201 3 1342 1343 1381 1380
1217 3 2 201 3 1343 1344 1382 1381
1218 3 2 201 3 1344 1345 1383 1382
1219 3 2 201 3 1345 1346 1384 1383
1220 3 2 201 3 1346 1347 1385 1384
1221 3 2 201 3 1347 1348 1386 1385
1222 3 2 201 3 1348 1349 1387 1386
1223 3 2 201 3 1349 1350 1388 1387
1224 3 2 201 3 1350 1351 1389 1388
1225 3 2 201 3 1351 1352 1390 1389
1226 3 2 201 3 1352 1353 1391 1390
1227 3 2 201 3 1353 1354 1392 1391
1228 3 2 201 3 1354 1355 1393 1392
1229 3 2 201 3 1355 1356 1394 1393
1230 3 2 201 3 1356 1357 1395 1394
1231 3 2 201 3 1357 1358 1396 1395
1232 3 2 201 3 1358 1359 1397 1396
1233 3 2 201 3 1359 1360 1398 1397
1234 3 2 201 3 1360 1361 1399 1398
1235 3 2 201 3 1361 1362 1400 1399
1236 3 2 201 3 1362 1363 1401 1400
1237 3 2 201 3 1363 1364 1402 1401
1238 3 2 201 3 1364 1365 1403 1402
1239 3 2 201 3 1365 1366 1404 1403
1240 3 2 201 3 1366 1367 1405 1404
1241 3 2 201 3 1367 1368 1406 1405
1242 3 2 201 3 1368 1369 1407 1406
1243 3 2 201 3 1369 1370 1408 1407
1244 3 2 201 3 1370 1371 1409 1408
1245 3 2 201 3 1371 1372 1410 1409
1246 3 2 201 3 1372 1373 1411 1410
1247 3 2 201 3 1373 1374 1412 1411
1248 3 2 201 3 1374 179 180 1412
1249 3 2 201 3 208 1375 1413 209
1250 3 2 201 3 1375 1376 1414 1413
1251 3 2 201 3 1376 1377 1415 1414
1252 3 2 201 3 1377 1378 1416 1415
1253 3 2 201 3 1378 1379 1417 1416
1254 3 2 201 3 1379 1380 1418 1417
1255 3 2 201 3 1380 1381 1419 1418
1256 3 2 201 3 1381 1382 1420 1419
1257 3 2 201 3 1382 1383 1421 1420
1258 3 2 201 3 1383 1384 1422 1421
1259 3 2 201 3 1384 1385 1423 1422
1260 3 2 201 3 1385 1386 1424 1423
1261 3 2 201 3 1386 1387 1425 1424
1262 3 2 201 3 1387 1388 1426 1425
1263 3 2 201 3 1388 1389 1427 1426
1264 3 2 201 3 1389 1390 1428 1427
1265 3 2 201 3 1390 1391 1429 1428
1266 3 2 201 3 1391 1392 1430 1429
1267 3 2 201 3 1392 1393 1431 1430
1268 3 2 201 3 1393 1394 1432 1431
1269 3 2 201 3 1394 1395 1433 1432
1270 3 2 201 3 1395 1396 1434 1433
1271 3 2 201 3 1396 1397 1435 1434
1272 3 2 201 3 1397 1398 1436 1435
1273 3 2 201 3 1398 1399 1437 1436
1274 3 2 201 3 1399 1400 1438 1437
1275 3 2 201 3 1400 1401 1439 1438
1276 3 2 201 3 1401 1402 1440 1439
1277 3 2 201 3 1402 1403 1441 1440
1278 3 2 201 3 1403 1404 1442 1441
1279 3 2 201 3 1404 1405 1443 1442
1280 3 2 201 3 1405 1406 1444 1443
1281 3 2 201 3 1406 1407 1445 1444
1282 3 2 201 3 1407 1408 1446 1445
1283 3 2 201 3 1408 1409 1447 1446
1284 3 2 201 3 1409 1410 1448 1447
1285 3 2 201 3 1410 1411 1449 1448
1286 3 2 201 3 1411 1412 1450 1449
1287 3 2 201 3 1412 180 181 1450
1288 3 2 201 3 209 1413 1451 210
1289 3 2 201 3 1413 1414 1452 1451
1290 3 2 201 3 1414 1415 1453 1452
1291 3 2 201 3 1415 1416 1454 1453
1292 3 2 201 3 1416 1417 1455 1454
1293 3 2 201 3 1417 1418 1456 1455
1294 3 2 201 3 1418 1419 1457 1456
1295 3 2 201 3 1419 1420 1458 1457
1296 3 2 201 3 1420 1421 1459 1458
1297 3 2 201 3 1421 1422 1460 1459
1298 3 2 201 3 1422 1423 1461 1460
1299 3 2 201 3 1423 1424 1462 1461
1300 3 2 201 3 1424 1425 1463 1462
1301 3 2 201 3 1425 1426 1464 1463
1302 3 2 201 3 1426 1427 1465 1464
1303 3 2 201 3 1427 1428 1466 1465
1304 3 2 201 3 1428 1429 1467 1466
1305 3 2 201 3 1429 1430 1468 1467
1306 3 2 201 3 1430 1431 1469 1468
1307 3 2 201 3 1431 1432 1470 1469
1308 3 2 201 3 1432 1433 1471 1470
1309 3 2 201 3 1433 1434 1472 1471
1310 3 2 201 3 1434 1435 1473 1472
1311 3 2 201 3 1435 1436 1474 1473
1312 3 2 201 3 1436 1437 1475 1474
1313 3 2 201 3 1437 1438 1476 1475
1314 3 2 201 3 1438 1439 1477 1476
1315 3 2 201 3 1439 1440 1478 1477
1316 3 2 201 3 1440 1441 1479 1478
1317 3 2 201 3 1441 1442 1480 1479
1318 3 2 201 3 1442 1443 1481 1480
1319 3 2 201 3 1443 1444 1482 1481
1320 3 2 201 3 1444 1445 1483 1482
1321 3 2 201 3 1445 1446 1484 1483
1322 3 2 201 3 1446 1447 1485 1484
1323 3 2 201 3 1447 1448 1486 1485
1324 3 2 201 3 1448 1449 1487 1486
1325 3 2 201 3 1449 1450 1488 1487
1326 3 2 201 3 1450 181 182 1488
1327 3 2 201 3 210 1451 1489 211
1328 3 2 201 3 1451 1452 1490 1489
1329 3 2 201 3 1452 1453 1491 1490
1330 3 2 201 3 1453 1454 1492 1491
1331 3 2 201 3 1454 1455 1493 1492
1332 3 2 201 3 1455 1456 1494 1493
1333 3 2 201 3 1456 1457 1495 1494
1334 3 2 201 3 1457 1458 1496 1495
1335 3 2 201 3 1458 1459 1497 1496
1336 3 2 201 3 1459 1460 1498 1497
1337 3 2 201 3 1460 1461 1499 1498
1338 3 2 201 3 1461 1462 1500 1499
1339 3 2 201 3 1462 1463 1501 1500
1340 3 2 201 3 1463 1464 1502 1501
1341 3 2 201 3 1464 1465 1503 1502
1342 3 2 201 3 1465 1466 1504 1503
1343 3 2 201 3 1466 1467 1505 1504
1344 3 2 201 3 1467 1468 1506 1505
1345 3 2 201 3 1468 1469 1507 1506
1346 3 2 201 3 1469 1470 1508 1507
1347 3 2 201 3 1470 1471 1509 1508
1348 3 2 201 3 1471 1472 1510 1509
1349 3 2 201 3 1472 1473 1511 1510
1350 3 2 201 3 1473 1474 1512 1511
1351 3 2 201 3 1474 1475 1513 1512
1352 3 2 201 3 1475 1476 1514 1513
1353 3 2 201 3 1476 1477 1515 1514
1354 3 2 201 3 1477 1478 1516 1515
1355 3 2 201 3 1478 1479 1517 1516
1356 3 2 201 3 1479 1480 1518 1517
1357 3 2 201 3 1480 1481 1519 1518
1358 3 2 201 3 1481 1482 1520 1519
1359 3 2 201 3 1482 1483 1521 1520
1360 3 2 201 3 1483 1484 1522 1521
1361 3 2 201 3 1484 1485 1523 1522
1362 3 2 201 3 1485 1486 1524 1523
1363 3 2 201 3 1486 1487 1525 1524
1364 3 2 201 3 1487 1488 1526 1525
1365 3 2 201 3 1488 182 183 1526
1366 3 2 201 3 211 1489 1527 212
1367 3 2 201 3 1489 1490 1528 1527
1368 3 2 201 3 1490 1491 1529 1528
1369 3 2 201 3 1491 1492 1530 1529
1370 3 2 201 3 1492 1493 1531 1530
1371 3 2 201 3 1493 1494 1532 1531
1372 3 2 201 3 1494 1495 1533 1532
1373 3 2 201 3 1495 1496 1534 1533
1374 3 2 201 3 1496 1497 1535 1534
1375 3 2 201 3 1497 1498 1536 1535
1376 3 2 201 3 1498 1499 1537 1536
1377 3 2 201 3 1499 1500 1538 1537
1378 3 2 201 3 1500 1501 1539 1538
1379 3 2 201 3 1501 1502 1540 1539
1380 3 2 201 3 1502 1503 1541 1540
1381 3 2 201 3 1503 1504 1542 1541
1382 3 2 201 3 1504 1505 1543 1542
1383 3 2 201 3 1505 1506 1544 1543
1384 3 2 201 3 1506 1507 1545 1544
1385 3 2 201 3 1507 1508 1546 1545
1386 3 2 201 3 1508 1509 1547 1546
1387 3 2 201 3 1509 1510 1548 1547
1388 3 2 201 3 1510 1511 1549 1548
1389 3 2 201 3 1511 1512 1550 1549
1390 3 2 201 3 1512 1513 1551 1550
1391 3 2 201 3 1513 1514 1552 1551
1392 3 2 201 3 1514 1515 1553 1552
1393 3 2 201 3 1515 1516 1554 1553
1394 3 2 201 3 1516 1517 1555 1554
1395 3 2 201 3 1517 1518 1556 1555
1396 3 2 201 3 1518 1519 1557 1556
1397 3 2 201 3 1519 1520 1558 1557
1398 3 2 201 3 1520 1521 1559 1558
1399 3 2 201 3 1521 1522 1560 1559
1400 3 2 201 3 1522 1523 1561 1560
1401 3 2 201 3 1523 1524 1562 1561
1402 3 2 201 3 1524 1525 1563 1562
1403 3 2 201 3 1525 1526 1564 1563
1404 3 2 201 3 1526 183 184 1564
1405 3 2 201 3 212 1527 1565 213
1406 3 2 201 3 1527 1528 1566 1565
1407 3 2 201 3 1528 1529 1567 1566
1408 3 2 201 3 1529 1530 1568 1567
1409 3 2 201 3 1530 1531 1569 1568
1410 3 2 201 3 1531 1532 1570 1569
1411 3 2 201 3 1532 1533 1571 1570
1412 3 2 201 3 1533 1534 1572 1571
1413 3 2 201 3 1534 1535 1573 1572
1414 3 2 201 3 1535 1536 1574 1573
1415 3 2 201 3 1536 1537 1575 1574
1416 3 2 201 3 1537 1538 1576 1575
1417 3 2 201 3 1538 1539 1577 1576
1418 3 2 201 3 1539 1540 1578 1577
1419 3 2 201 3 1540 1541 1579 1578
1420 3 2 201 3 1541 1542 1580 1579
1421 3 2 201 3 1542 1543 1581 1580
1422 3 2 201 3 1543 1544 1582 1581
1423 3 2 201 3 1544 1545 1583 1582
1424 3 2 201 3 1545 1546 1584 1583
1425 3 2 201 3 1546 1547 1585 1584
1426 3 2 201 3 1547 1548 1586 1585
1427 3 2 201 3 1548 1549 1587 1586
1428 3 2 201 3 1549 1550 1588 1587
1429 3 2 201 3 1550 1551 1589 1588
1430 3 2 201 3 1551 1552 1590 1589
1431 3 2 201 3 1552 1553 1591 1590
1432 3 2 201 3 1553 1554 1592 1591
1433 3 2 201 3 1554 1555 1593 1592
1434 3 2 201 3 1555 1556 1594 1593
1435 3 2 201 3 1556 1557 1595 1594
1436 3 2 201 3 1557 1558 1596 1595
1437 3 2 201 3 1558 1559 1597 1596
1438 3 2 201 3 1559 1560 1598 1597
1439 3 2 201 3 1560 1561 1599 1598
1440 3 2 201 3 1561 1562 1600 1599
1441 3 2 201 3 1562 1563 1601 1600
1442 3 2 201 3 1563 1564 1602 1601
1443 3 2 201 3 1564 184 185 1602
1444 3 2 201 3 213 1565 1603 214
1445 3 2 201 3 1565 1566 1604 1603
1446 3 2 201 3 1566 1567 1605 1604
1447 3 2 201 3 1567 1568 1606 1605
1448 3 2 201 3 1568 1569 1607 1606
1449 3 2 201 3 1569 1570 1608 1607
1450 3 2 201 3 1570 1571 1609 1608
1451 3 2 201 3 1571 1572 1610 1609
1452 3 2 201 3 1572 1573 1611 1610
1453 3 2 201 3 1573 1574 1612 1611
1454 3 2 201 3 1574 1575 1613 1612
1455 3 2 201 3 1575 1576 1614 1613
1456 3 2 201 3 1576 1577 1615 1614
1457 3 2 201 3 1577 1578 1616 1615
1458 3 2 201 3 1578 1579 1617 1616
1459 3 2 201 3 1579 1580 1618 1617
1460 3 2 201 3 1580 1581 1619 1618
1461 3 2 201 3 1581 1582 1620 1619
1462 3 2 201 3 1582 1583 1621 1620
1463 3 2 201 3 1583 1584 1622 1621
1464 3 2 201 3 1584 1585 1623 1622
1465 3 2 201 3 1585 1586 1624 1623
1466 3 2 201 3 1586 1587 1625 1624
1467 3 2 201 3 1587 1588 1626 1625
1468 3 2 201 3 1588 1589 1627 1626
1469 3 2 201 3 1589 1590 1628 1627
1470 3 2 201 3 1590 1591 1629 1628
1471 3 2 201 3 1591 1592 1630 1629
1472 3 2 201 3 1592 1593 1631 1630
1473 3 2 201 3 1593 1594 1632 1631
1474 3 2 201 3 1594 1595 1633 1632
1475 3 2 201 3 1595 1596 1634 1633
1476 3 2 201 3 1596 1597 1635 1634
1477 3 2 201 3 1597 1598 1636 1635
1478 3 2 201 3 1598 1599 1637 1636
1479 3 2 201 3 1599 1600 1638 1637
1480 3 2 201 3 1600 1601 1639 1638
1481 3 2 201 3 1601 1602 1640 1639
1482 3 2 201 3 1602 185 186 1640
1483 3 2 201 3 214 1603 1641 215
1484 3 2 201 3 1603 1604 1642 1641
1485 3 2 201 3 1604 1605 1643 1642
1486 3 2 201 3 1605 1606 1644 1643
1487 3 2 201 3 1606 1607 1645 1644
1488 3 2 201 3 1607 1608 1646 1645
1489 3 2 201 3 1608 1609 1647 1646
1490 3 2 201 3 1609 1610 1648 1647
1491 3 2 201 3 1610 1611 1649 1648
1492 3 2 201 3 1611 1612 1650 1649
1493 3 2 201 3 1612 1613 1651 1650
1494 3 2 201 3 1613 1614 1652 1651
1495 3 2 201 3 1614 1615 1653 1652
1496 3 2 201 3 1615 1616 1654 1653
1497 3 2 201 3 1616 1617 1655 1654
1498 3 2 201 3 1617 1618 1656 1655
1499 3 2 201 3 1618 1619 1657 1656
1500 3 2 201 3 1619 1620 1658 1657
1501 3 2 201 3 1620 1621 1659 1658
1502 3 2 201 3 1621 1622 1660 1659
1503 3 2 201 3 1622 1623 1661 1660
1504 3 2 201 3 1623 1624 1662 1661
1505 3 2 201 3 1624 1625 1663 1662
1506 3 2 201 3 1625 1626 1664 1663
1507 3 2 201 3 1626 1627 1665 1664
1508 3 2 201 3 1627 1628 1666 1665
1509 3 2 201 3 1628 1629 1667 1666
1510 3 2 201 3 1629 1630 1668 1667
1511 3 2 201 3 1630 1631 1669 1668
1512 3 2 201 3 1631 1632 1670 1669
1513 3 2 201 3 1632 1633 1671 1670
1514 3 2 201 3 1633 1634 1672 1671
1515 3 2 201 3 1634 1635 1673 1672
1516 3 2 201 3 1635 1636 1674 1673
1517 3 2 201 3 1636 1637 1675 1674
1518 3 2 201 3 1637 1638 1676 1675
1519 3 2 201 3 1638 1639 1677 1676
1520 3 2 201 3 1639 1640 1678 1677
1521 3 2 201 3 1640 186 187 1678
1522 3 2 201 3 215 1641 1679 216
1523 3 2 201 3 1641 1642 1680 1679
1524 3 2 201 3 1642 1643 1681 1680
1525 3 2 201 3 1643 1644 1682 1681
1526 3 2 201 3 1644 1645 1683 1682
1527 3 2 201 3 1645 1646 1684 1683
1528 3 2 201 3 1646 1647 1685 1684
1529 3 2 201 3 1647 1648 1686 1685
1530 3 2 201 3 1648 1649 1687 1686
1531 3 2 201 3 1649 1650 1688 1687
1532 3 2 201 3 1650 1651 1689 1688
1533 3 2 201 3 1651 1652 1690 1689
1534 3 2 201 3 1652 1653 1691 1690
1535 3 2 201 3 1653 1654 1692 1691
1536 3 2 201 3 1654 1655 1693 1692
1537 3 2 201 3 1655 1656 1694 1693
1538 3 2 201 3 1656 1657 1695 1694
1539 3 2 201 3 1657 1658 1696 1695
1540 3 2 201 3 1658 1659 1697 1696
1541 3 2 201 3 1659 1660 1698 1697
1542 3 2 201 3 1660 1661 1699 1698
1543 3 2 201 3 1661 1662 1700 1699
1544 3 2 201 3 1662 1663 1701 1700
1545 3 2 201 3 1663 1664 1702 1701
1546 3 2 201 3 1664 1665 1703 1702
1547 3 2 201 3 1665 1666 1704 1703
1548 3 2 201 3 1666 1667 1705 1704
1549 3 2 201 3 1667 1668 1706 1705
1550 3 2 201 3 1668 1669 1707 1706
1551 3 2 201 3 1669 1670 1708 1707
1552 3 2 201 3 1670 1671 1709 1708
1553 3 2 201 3 1671 1672 1710 1709
1554 3 2 201 3 1672 1673 1711 1710
1555 3 2 201 3 1673 1674 1712 1711
1556 3 2 201 3 1674 1675 1713 1712
1557 3 2 201 3 1675 1676 1714 1713
1558 3 2 201 3 1676 1677 1715 1714
1559 3 2 201 3 1677 1678 1716 1715
1560 3 2 201 3 1678 187 188 1716
1561 3 2 201 3 216 1679 1717 217
1562 3 2 201 3 1679 1680 1718 1717
1563 3 2 201 3 1680 1681 1719 1718
1564 3 2 201 3 1681 1682 1720 1719
1565 3 2 201 3 1682 1683 1721 1720
1566 3 2 201 3 1683 1684 1722 1721
1567 3 2 201 3 1684 1685 1723 1722
1568 3 2 201 3 1685 1686 1724 1723
1569 3 2 201 3 1686 1687 1725 1724
1570 3 2 201 3 1687 1688 1726 1725
1571 3 2 201 3 1688 1689 1727 1726
1572 3 2 201 3 1689 1690 1728 1727
1573 3 2 201 3 1690 1691 1729 1728
1574 3 2 201 3 1691 1692 1730 1729
1575 3 2 201 3 1692 1693 1731 1730
1576 3 2 201 3 1693 1694 1732 1731
1577 3 2 201 3 1694 1695 1733 1732
1578 3 2 201 3 1695 1696 1734 1733
1579 3 2 201 3 1696 1697 1735 1734
1580 3 2 201 3 1697 1698 1736 1735
1581 3 2 201 3 1698 1699 1737 1736
1582 3 2 201 3 1699 1700 1738 1737
1583 3 2 201 3 1700 1701 1739 1738
1584 3 2 201 3 1701 1702 1740 1739
1585 3 2 201 3 1702 1703 1741 1740
1586 3 2 201 3 1703 1704 1742 1741
1587 3 2 201 3 1704 1705 1743 1742
1588 3 2 201 3 1705 1706 1744 1743
1589 3 2 201 3 1706 1707 1745 1744
1590 3 2 201 3 1707 1708 1746 1745
1591 3 2 201 3 1708 1709 1747 1746
1592 3 2 201 3 1709 1710 1748 1747
1593 3 2 201 3 1710 1711 1749 1748
1594 3 2 201 3 1711 1712 1750 1749
1595 3 2 201 3 1712 1713 1751 1750
1596 3 2 201 3 1713 1714 1752 1751
1597 3 2 201 3 1714 1715 1753 1752
1598 3 2 201 3 1715 1716 1754 1753
1599 3 2 201 3 1716 188 189 1754
1600 3 2 201 3 217 1717 1755 218
1601 3 2 201 3 1717 1718 1756 1755
1602 3 2 201 3 1718 1719 1757 1756
1603 3 2 201 3 1719 1720 1758 1757
1604 3 2 201 3 1720 1721 1759 1758
1605 3 2 201 3 1721 1722 1760 1759
1606 3 2 201 3 1722 1723 1761 1760
1607 3 2 201 3 1723 1724 1762 1761
1608 3 2 201 3 1724 1725 1763 1762
1609 3 2 201 3 1725 1726 1764 1763
1610 3 2 201 3 1726 1727 1765 1764
1611 3 2 201 3 1727 1728 1766 1765
1612 3 2 201 3 1728 1729 1767 1766
1613 3 2 201 3 1729 1730 1768 1767
1614 3 2 201 3 1730 1731 1769 1768
1615 3 2 201 3 1731 1732 1770 1769
1616 3 2 201 3 1732 1733 1771 1770
1617 3 2 201 3 1733 1734 1772 1771
1618 3 2 201 3 1734 1735 1773 1772
1619 3 2 201 3 1735 1736 1774 1773
1620 3 2 201 3 1736 1737 1775 1774
1621 3 2 201 3 1737 1738 1776 1775
1622 3 2 201 3 1738 1739 1777 1776
1623 3 2 201 3 1739 1740 1778 1777
1624 3 2 201 3 1740 1741 1779 1778
1625 3 2 201 3 1741 1742 1780 1779
1626 3 2 201 3 1742 1743 1781 1780
1627 3 2 201 3 1743 1744 1782 1781
1628 3 2 201 3 1744 1745 1783 1782
1629 3 2 201 3 1745 1746 1784 1783
1630 3 2 201 3 1746 1747 1785 1784
1631 3 2 201 3 1747 1748 1786 1785
1632 3 2 201 3 1748 1749 1787 1786
1633 3 2 201 3 1749 1750 1788 1787
1634 3 2 201 3 1750 1751 1789 1788
1635 3 2 201 3 1751 1752 1790 1789
1636 3 2 201 3 1752 1753 1791 1790
1637 3 2 201 3 1753 1754 1792 1791
1638 3 2 201 3 1754 189 190 1792
1639 3 2 201 3 218 1755 1793 219
1640 3 2 201 3 1755 1756 1794 1793
1641 3 2 201 3 1756 1757 1795 1794
1642 3 2 201 3 1757 1758 1796 1795
1643 3 2 201 3 1758 1759 1797 1796
1644 3 2 201 3 1759 1760 1798 1797
1645 3 2 201 3 1760 1761 1799 1798
1646 3 2 201 3 1761 1762 1800 1799
1647 3 2 201 3 1762 1763 1801 1800
1648 3 2 201 3 1763 1764 1802 1801
1649 3 2 201 3 1764 1765 1803 1802
1650 3 2 201 3 1765 1766 1804 1803
1651 3 2 201 3 1766 1767 1805 1804
1652 3 2 201 3 1767 1768 1806 1805
1653 3 2 201 3 1768 1769 1807 1806
1654 3 2 201 3 1769 1770 1808 1807
1655 3 2 201 3 1770 1771 1809 1808
1656 3 2 201 3 1771 1772 1810 1809
1657 3 2 201 3 1772 1773 1811 1810
1658 3 2 201 3 1773 1774 1812 1811
1659 3 2 201 3 1774 1775 1813 1812
1660 3 2 201 3 1775 1776 1814 1813
1661 3 2 201 3 1776 1777 1815 1814
1662 3 2 201 3 1777 1778 1816 1815
1663 3 2 201 3 1778 1779 1817 1816
1664 3 2 201 3 1779 1780 1818 1817
1665 3 2 201 3 1780 1781 1819 1818
1666 3 2 201 3 1781 1782 1820 1819
1667 3 2 201 3 1782 1783 1821 1820
1668 3 2 201 3 1783 1784 1822 1821
1669 3 2 201 3 1784 1785 1823 1822
1670 3 2 201 3 1785 1786 1824 1823
1671 3 2 201 3 1786 1787 1825 1824
1672 3 2 201 3 1787 1788 1826 1825
1673 3 2 201 3 1788 1789 1827 1826
1674 3 2 201 3 1789 1790 1828 1827
1675 3 2 201 3 1790 1791 1829 1828
1676 3 2 201 3 1791 1792 1830 1829
1677 3 2 201 3 1792 190 191 1830
1678 3 2 201 3 219 1793 1831 220
1679 3 2 201 3 1793 1794 1832 1831
1680 3 2 201 3 1794 1795 1833 1832
1681 3 2 201 3 1795 1796 1834 1833
1682 3 2 201 3 1796 1797 1835 1834
1683 3 2 201 3 1797 1798 1836 1835
1684 3 2 201 3 1798 1799 1837 1836
1685 3 2 201 3 1799 1800 1838 1837
1686 3 2 201 3 1800 1801 1839 1838
1687 3 2 201 3 1801 1802 1840 1839
1688 3 2 201 3 1802 1803 1841 1840
1689 3 2 201 3 1803 1804 1842 1841
1690 3 2 201 3 1804 1805 1843 1842
1691 3 2 201 3 1805 1806 1844 1843
1692 3 2 201 3 1806 1807 1845 1844
1693 3 2 201 3 1807 1808 1846 1845
1694 3 2 201 3 1808 1809 1847 1846
1695 3 2 201 3 1809 1810 1848 1847
1696 3 2 201 3 1810 1811 1849 1848
1697 3 2 201 3 1811 1812 1850 1849
1698 3 2 201 3 1812 1813 1851 1850
1699 3 2 201 3 1813 1814 1852 1851
1700 3 2 201 3 1814 1815 1853 1852
1701 3 2 201 3 1815 1816 1854 1853
1702 3 2 201 3 1816 1817 1855 1854
1703 3 2 201 3 1817 1818 1856 1855
1704 3 2 201 3 1818 1819 1857 1856
1705 3 2 201 3 1819 1820 1858 1857
1706 3 2 201 3 1820 1821 1859 1858
1707 3 2 201 3 1821 1822 1860 1859
1708 3 2 201 3 1822 1823 1861 1860
1709 3 2 201 3 1823 1824 1862 1861
1710 3 2 201 3 1824 1825 1863 1862
1711 3 2 201 3 1825 1826 1864 1863
1712 3 2 201 3 1826 1827 1865 1864
1713 3 2 201 3 1827 1828 1866 1865
1714 3 2 201 3 1828 1829 1867 1866
1715 3 2 201 3 1829 1830 1868 1867
1716 3 2 201 3 1830 191 192 1868
1717 3 2 201 3 220 1831 1869 221
1718 3 2 201 3 1831 1832 1870 1869
1719 3 2 201 3 1832 1833 1871 1870
1720 3 2 201 3 1833 1834 1872 1871
1721 3 2 201 3 1834 1835 1873 1872
1722 3 2 201 3 1835 1836 1874 1873
1723 3 2 201 3 1836 1837 1875 1874
1724 3 2 201 3 1837 1838 1876 1875
1725 3 2 201 3 1838 1839 1877 1876
1726 3 2 201 3 1839 1840 1878 1877
1727 3 2 201 3 1840 1841 1879 1878
1728 3 2 201 3 1841 1842 1880 1879
1729 3 2 201 3 1842 1843 1881 1880
1730 3 2 201 3 1843 1844 1882 1881
1731 3 2 201 3 1844 1845 1883 1882
1732 3 2 201 3 1845 1846 1884 1883
1733 3 2 201 3 1846 1847 1885 1884
1734 3 2 201 3 1847 1848 1886 1885
1735 3 2 201 3 1848 1849 1887 1886
1736 3 2 201 3 1849 1850 1888 1887
1737 3 2 201 3 1850 1851 1889 1888
1738 3 2 201 3 1851 1852 1890 1889
1739 3 2 201 3 1852 1853 1891 1890
1740 3 2 201 3 1853 1854 1892 1891
1741 3 2 201 3 1854 1855 1893 1892
1742 3 2 201 3 1855 1856 1894 1893
1743 3 2 201 3 1856 1857 1895 1894
1744 3 2 201 3 1857 1858 1896 1895
1745 3 2 201 3 1858 1859 1897 1896
1746 3 2 201 3 1859 1860 1898 1897
1747 3 2 201 3 1860 1861 1899 1898
1748 3 2 201 3 1861 1862 1900 1899
1749 3 2 201 3 1862 1863 1901 1900
1750 3 2 201 3 1863 1864 1902 1901
1751 3 2 201 3 1864 1865 1903 1902
1752 3 2 201 3 1865 1866 1904 1903
1753 3 2 201 3 1866 1867 1905 1904
1754 3 2 201 3 1867 1868 1906 1905
1755 3 2 201 3 1868 192 193 1906
1756 3 2 201 3 221 1869 1907 222
1757 3 2 201 3 1869 1870 1908 1907
1758 3 2 201 3 1870 1871 1909 1908
1759 3 2 201 3 1871 1872 1910 1909
1760 3 2 201 3 1872 1873 1911 1910
1761 3 2 201 3 1873 1874 1912 1911
1762 3 2 201 3 1874 1875 1913 1912
1763 3 2 201 3 1875 1876 1914 1913
1764 3 2 201 3 1876 1877 1915 1914
1765 3 2 201 3 1877 1878 1916 1915
1766 3 2 201 3 1878 1879 1917 1916
1767 3 2 201 3 1879 1880 1918 1917
1768 3 2 201 3 1880 1881 1919 1918
1769 3 2 201 3 1881 1882 1920 1919
1770 3 2 201 3 1882 1883 1921 1920
1771 3 2 201 3 1883 1884 1922 1921
1772 3 2 201 3 1884 1885 1923 1922
1773 3 2 201 3 1885 1886 1924 1923
1774 3 2 201 3 1886 1887 1925 1924
1775 3 2 201 3 1887 1888 1926 1925
1776 3 2 201 3 1888 1889 1927 1926
1777 3 2 201 3 1889 1890 1928 1927
1778 3 2 201 3 1890 1891 1929 1928
1779 3 2 201 3 1891 1892 1930 1929
1780 3 2 201 3 1892 1893 1931 1930
1781 3 2 201 3 1893 1894 1932 1931
1782 3 2 201 3 1894 1895 1933 1932
1783 3 2 201 3 1895 1896 1934 1933
1784 3 2 201 3 1896 1897 1935 1934
1785 3 2 201 3 1897 1898 1936 1935
1786 3 2 201 3 1898 1899 1937 1936
1787 3 2 201 3 1899 1900 1938 1937
1788 3 2 201 3 1900 1901 1939 1938
1789 3 2 201 3 1901 1902 1940 1939
1790 3 2 201 3 1902 1903 1941 1940
1791 3 2 201 3 1903 1904 1942 1941
1792 3 2 201 3 1904 1905 1943 1942
1793 3 2 201 3 1905 1906 1944 1943
1794 3 2 201 3 1906 193 194 1944
1795 3 2 201 3 222 1907 1945 223
1796 3 2 201 3 1907 1908 1946 1945
1797 3 2 201 3 1908 1909 1947 1946
1798 3 2 201 3 1909 1910 1948 1947
1799 3 2 201 3 1910 1911 1949 1948
1800 3 2 201 3 1911 1912 1950 1949
1801 3 2 201 3 1912 1913 1951 1950
1802 3 2 201 3 1913 1914 1952 1951
1803 3 2 201 3 1914 1915 1953 1952
1804 3 2 201 3 1915 1916 1954 1953
1805 3 2 201 3 1916 1917 1955 1954
1806 3 2 201 3 1917 1918 1956 1955
1807 3 2 201 3 1918 1919 1957 1956
1808 3 2 201 3 1919 1920 1958 1957
1809 3 2 201 3 1920 1921 1959 1958
1810 3 2 201 3 1921 1922 1960 1959
1811 3 2 201 3 1922 1923 1961 1960
1812 3 2 201 3 1923 1924 1962 1961
1813 3 2 201 3 1924 1925 1963 1962
1814 3 2 201 3 1925 1926 1964 1963
1815 3 2 201 3 1926 1927 1965 1964
1816 3 2 201 3 1927 1928 1966 1965
1817 3 2 201 3 1928 1929 1967 1966
1818 3 2 201 3 1929 1930 1968 1967
1819 3 2 201 3 1930 1931 1969 1968
1820 3 2 201 3 1931 1932 1970 1969
1821 3 2 201 3 1932 1933 1971 1970
1822 3 2 201 3 1933 1934 1972 1971
1823 3 2 201 3 1934 1935 1973 1972
1824 3 2 201 3 1935 1936 1974 1973
1825 3 2 201 3 1936 1937 1975 1974
1826 3 2 201 3 1937 1938 1976 1975
1827 3 2 201 3 1938 1939 1977 1976
1828 3 2 201 3 1939 1940 1978 1977
1829 3 2 201 3 1940 1941 1979 1978
1830 3 2 201 3 1941 1942 1980 1979
1831 3 2 201 3 1942 1943 1981 1980
1832 3 2 201 3 1943 1944 1982 1981
1833 3 2 201 3 1944 194 195 1982
1834 3 2 201 3 223 1945 1983 224
1835 3 2 201 3 1945 1946 1984 1983
1836 3 2 201 3 1946 1947 1985 1984
1837 3 2 201 3 1947 1948 1986 1985
1838 3 2 201 3 1948 1949 1987 1986
1839 3 2 201 3 1949 1950 1988 1987
1840 3 2 201 3 1950 1951 1989 1988
1841 3 2 201 3 1951 1952 1990 1989
1842 3 2 201 3 1952 1953 1991 1990
1843 3 2 201 3 1953 1954 1992 1991
1844 3 2 201 3 1954 1955 1993 1992
1845 3 2 201 3 1955 1956 1994 1993
1846 3 2 201 3 1956 1957 1995 1994
1847 3 2 201 3 1957 1958 1996 1995
1848 3 2 201 3 1958 1959 1997 1996
1849 3 2 201 3 1959 1960 1998 1997
1850 3 2 201 3 1960 1961 1999 1998
1851 3 2 201 3 1961 1962 2000 1999
1852 3 2 201 3 1962 1963 2001 2000
1853 3 2 201 3 1963 1964 2002 2001
1854 3 2 201 3 1964 1965 2003 2002
1855 3 2 201 3 1965 1966 2004 2003
1856 3 2 201 3 1966 1967 2005 2004
1857 3 2 201 3 1967 1968 2006 2005
1858 3 2 201 3 1968 1969 2007 2006
1859 3 2 201 3 1969 1970 2008 2007
1860 3 2 201 3 1970 1971 2009 2008
1861 3 2 201 3 1971 1972 2010 2009
1862 3 2 201 3 1972 1973 2011 2010
1863 3 2 201 3 1973 1974 2012 2011
1864 3 2 201 3 1974 1975 2013 2012
1865 3 2 201 3 1975 1976 2014 2013
1866 3 2 201 3 1976 1977 2015 2014
1867 3 2 201 3 1977 1978 2016 2015
1868 3 2 201 3 1978 1979 2017 2016
1869 3 2 201 3 1979 1980 2018 2017
1870 3 2 201 3 1980 1981 2019 2018
1871 3 2 201 3 1981 1982 2020 2019
1872 3 2 201 3 1982 195 196 2020
1873 3 2 201 3 224 1983 2021 225
1874 3 2 201 3 1983 1984 2022 2021
1875 3 2 201 3 1984 1985 2023 2022
1876 3 2 201 3 1985 1986 2024 2023
1877 3 2 201 3 1986 1987 2025 2024
1878 3 2 201 3 1987 1988 2026 2025
1879 3 2 201 3 1988 1989 2027 2026
1880 3 2 201 3 1989 1990 2028 2027
1881 3 2 201 3 1990 1991 2029 2028
1882 3 2 201 3 1991 1992 2030 2029
1883 3 2 201 3 1992 1993 2031 2030
1884 3 2 201 3 1993 1994 2032 2031
1885 3 2 201 3 1994 1995 2033 2032
1886 3 2 201 3 1995 1996 2034 2033
1887 3 2 201 3 1996 1997 2035 2034
1888 3 2 201 3 1997 1998 2036 2035
1889 3 2 201 3 1998 1999 2037 2036
1890 3 2 201 3 1999 2000 2038 2037
1891 3 2 201 3 2000 2001 2039 2038
1892 3 2 201 3 2001 2002 2040 2039
1893 3 2 201 3 2002 2003 2041 2040
1894 3 2 201 3 2003 2004 2042 2041
1895 3 2 201 3 2004 2005 2043 2042
1896 3 2 201 3 2005 2006 2044 2043
1897 3 2 201 3 2006 2007 2045 2044
1898 3 2 201 3 2007 2008 2046 2045
1899 3 2 201 3 2008 2009 2047 2046
1900 3 2 201 3 2009 2010 2048 2047
1901 3 2 201 3 2010 2011 2049 2048
1902 3 2 201 3 2011 2012 2050 2049
1903 3 2 201 3 2012 2013 2051 2050
1904 3 2 201 3 2013 2014 2052 2051
1905 3 2 201 3 2014 2015 2053 2052
1906 3 2 201 3 2015 2016 2054 2053
1907 3 2 201 3 2016 2017 2055 2054
1908 3 2 201 3 2017 2018 2056 2055
1909 3 2 201 3 2018 2019 2057 2056
1910 3 2 201 3 2019 2020 2058 2057
1911 3 2 201 3 2020 196 197 2058
1912 3 2 201 3 225 2021 2059 226
1913 3 2 201 3 2021 2022 2060 2059
1914 3 2 201 3 2022 2023 2061 2060
1915 3 2 201 3 2023 2024 2062 2061
1916 3 2 201 3 2024 2025 2063 2062
1917 3 2 201 3 2025 2026 2064 2063
1918 3 2 201 3 2026 2027 2065 2064
1919 3 2 201 3 2027 2028 2066 2065
1920 3 2 201 3 2028 2029 2067 2066
1921 3 2 201 3 2029 2030 2068 2067
1922 3 2 201 3 2030 2031 2069 2068
1923 3 2 201 3 2031 2032 2070 2069
1924 3 2 201 3 2032 2033 2071 2070
1925 3 2 201 3 2033 2034 2072 2071
1926 3 2 201 3 2034 2035 2073 2072
1927 3 2 201 3 2035 2036 2074 2073
1928 3 2 201 3 2036 2037 2075 2074
1929 3 2 201 3 2037 2038 2076 2075
1930 3 2 201 3 2038 2039 2077 2076
1931 3 2 201 3 2039 2040 2078 2077
1932 3 2 201 3 2040 2041 2079 2078
1933 3 2 201 3 2041 2042 2080 2079
1934 3 2 201 3 2042 2043 2081 2080
1935 3 2 201 3 2043 2044 2082 2081
1936 3 2 201 3 2044 2045 2083 2082
1937 3 2 201 3 2045 2046 2084 2083
1938 3 2 201 3 2046 2047 2085 2084
1939 3 2 201 3 2047 2048 2086 2085
1940 3 2 201 3 2048 2049 2087 2086
1941 3 2 201 3 2049 2050 2088 2087
1942 3 2 201 3 2050 2051 2089 2088
1943 3 2 201 3 2051 2052 2090 2089
1944 3 2 201 3 2052 2053 2091 2090
1945 3 2 201 3 2053 2054 2092 2091
1946 3 2 201 3 2054 2055 2093 2092
1947 3 2 201 3 2055 2056 2094 2093
1948 3 2 201 3 2056 2057 2095 2094
1949 3 2 201 3 2057 2058 2096 2095
1950 3 2 201 3 2058 197 198 2096
1951 3 2 201 3 226 2059 2097 227
1952 3 2 201 3 2059 2060 2098 2097
1953 3 2 201 3 2060 2061 2099 2098
1954 3 2 201 3 2061 2062 2100 2099
1955 3 2 201 3 2062 2063 2101 2100
1956 3 2 201 3 2063 2064 2102 2101
1957 3 2 201 3 2064 2065 2103 2102
1958 3 2 201 3 2065 2066 2104 2103
1959 3 2 201 3 2066 2067 2105 2104
1960 3 2 201 3 2067 2068 2106 2105
1961 3 2 201 3 2068 2069 2107 2106
1962 3 2 201 3 2069 2070 2108 2107
1963 3 2 201 3 2070 2071 2109 2108
1964 3 2 201 3 2071 2072 2110 2109
1965 3 2 201 3 2072 2073 2111 2110
1966 3 2 201 3 2073 2074 2112 2111
1967 3 2 201 3 2074 2075 2113 2112
1968 3 2 201 3 2075 2076 2114 2113
1969 3 2 201 3 2076 2077 2115 2114
1970 3 2 201 3 2077 2078 2116 2115
1971 3 2 201 3 2078 2079 2117 2116
1972 3 2 201 3 2079 2080 2118 2117
1973 3 2 201 3 2080 2081 2119 2118
1974 3 2 201 3 2081 2082 2120 2119
1975 3 2 201 3 2082 2083 2121 2120
1976 3 2 201 3 2083 2084 2122 2121
1977 3 2 201 3 2084 2085 2123 2122
1978 3 2 201 3 2085 2086 2124 2123
1979 3 2 201 3 2086 2087 2125 2124
1980 3 2 201 3 2087 2088 2126 2125
1981 3 2 201 3 2088 2089 2127 2126
1982 3 2 201 3 2089 2090 2128 2127
1983 3 2 201 3 2090 2091 2129 2128
1984 3 2 201 3 2091 2092 2130 2129
1985 3 2 201 3 2092 2093 2131 2130
1986 3 2 201 3 2093 2094 2132 2131
1987 3 2 201 3 2094 2095 2133 2132
1988 3 2 201 3 2095 2096 2134 2133
1989 3 2 201 3 2096 198 199 2134
1990 3 2 201 3 227 2097 2135 228
1991 3 2 201 3 2097 2098 2136 2135
1992 3 2 201 3 2098 2099 2137 2136
1993 3 2 201 3 2099 2100 2138 2137
1994 3 2 201 3 2100 2101 2139 2138
1995 3 2 201 3 2101 2102 2140 2139
1996 3 2 201 3 2102 2103 2141 2140
1997 3 2 201 3 2103 2104 2142 2141
1998 3 2 201 3 2104 2105 2143 2142
1999 3 2 201 3 2105 2106 2144 2143
2000 3 2 201 3 2106 2107 2145 2144
2001 3 2 201 3 2107 2108 2146 2145
2002 3 2 201 3 2108 2109 2147 2146
2003 3 2 201 3 2109 2110 2148 2147
2004 3 2 201 3 2110 2111 2149 2148
2005 3 2 201 3 2111 2112 2150 2149
2006 3 2 201 3 2112 2113 2151 2150
2007 3 2 201 3 2113 2114 2152 2151
2008 3 2 201 3 2114 2115 2153 2152
2009 3 2 201 3 2115 2116 2154 2153
2010 3 2 201 3 2116 2117 2155 2154
2011 3 2 201 3 2117 2118 2156 2155
2012 3 2 201 3 2118 2119 2157 2156
2013 3 2 201 3 2119 2120 2158 2157
2014 3 2 201 3 2120 2121 2159 2158
2015 3 2 201 3 2121 2122 2160 2159
2016 3 2 201 3 2122 2123 2161 2160
2017 3 2 201 3 2123 2124 2162 2161
2018 3 2 201 3 2124 2125 2163 2162
2019 3 2 201 3 2125 2126 2164 2163
2020 3 2 201 3 2126 2127 2165 2164
2021 3 2 201 3 2127 2128 2166 2165
2022 3 2 201 3 2128 2129 2167 2166
2023 3 2 201 3 2129 2130 2168 2167
2024 3 2 201 3 2130 2131 2169 2168
2025 3 2 201 3 2131 2132 2170 2169
2026 3 2 201 3 2132 2133 2171 2170
2027 3 2 201 3 2133 2134 2172 2171
2028 3 2 201 3 2134 199 200 2172
2029 3 2 201 3 228 2135 2173 229
2030 3 2 201 3 2135 2136 2174 2173
2031 3 2 201 3 2136 2137 2175 2174
2032 3 2 201 3 2137 2138 2176 2175
2033 3 2 201 3 2138 2139 2177 2176
2034 3 2 201 3 2139 2140 2178 2177
2035 3 2 201 3 2140 2141 2179 2178
2036 3 2 201 3 2141 2142 2180 2179
2037 3 2 201 3 2142 2143 2181 2180
2038 3 2 201 3 2143 2144 2182 2181
2039 3 2 201 3 2144 2145 2183 2182
2040 3 2 201 3 2145 2146 2184 2183
2041 3 2 201 3 2146 2147 2185 2184
2042 3 2 201 3 2147 2148 2186 2185
2043 3 2 201 3 2148 2149 2187 2186
2044 3 2 201 3 2149 2150 2188 2187
2045 3 2 201 3 2150 2151 2189 2188
2046 3 2 201 3 2151 2152 2190 2189
2047 3 2 201 3 2152 2153 2191 2190
2048 3 2 201 3 2153 2154 2192 2191
2049 3 2 201 3 2154 2155 2193 2192
2050 3 2 201 3 2155 2156 2194 2193
2051 3 2 201 3 2156 2157 2195 2194
2052 3 2 201 3 2157 2158 2196 2195
2053 3 2 201 3 2158 2159 2197 2196
2054 3 2 201 3 2159 2160 2198 2197
2055 3 2 201 3 2160 2161 2199 2198
2056 3 2 201 3 2161 2162 2200 2199
2057 3 2 201 3 2162 2163 2201 2200
2058 3 2 201 3 2163 2164 2202 2201
2059 3 2 201 3 2164 2165 2203 2202
2060 3 2 201 3 2165 2166 2204 2203
2061 3 2 201 3 2166 2167 2205 2204
2062 3 2 201 3 2167 2168 2206 2205
2063 3 2 201 3 2168 2169 2207 2206
2064 3 2 201 3 2169 2170 2208 2207
2065 3 2 201 3 2170 2171 2209 2208
2066 3 2 201 3 2171 2172 2210 2209
2067 3 2 201 3 2172 200 201 2210
2068 3 2 201 3 229 2173 2211 230
2069 3 2 201 3 2173 2174 2212 2211
2070 3 2 201 3 2174 2175 2213 2212
2071 3 2 201 3 2175 2176 2214 2213
2072 3 2 201 3 2176 2177 2215 2214
2073 3 2 201 3 2177 2178 2216 2215
2074 3 2 201 3 2178 2179 2217 2216
2075 3 2 201 3 2179 2180 2218 2217
2076 3 2 201 3 2180 2181 2219 2218
2077 3 2 201 3 2181 2182 2220 2219
2078 3 2 201 3 2182 2183 2221 2220
2079 3 2 201 3 2183 2184 2222 2221
2080 3 2 201 3 2184 2185 2223 2222
2081 3 2 201 3 2185 2186 2224 2223
2082 3 2 201 3 2186 2187 2225 2224
2083 3 2 201 3 2187 2188 2226 2225
2084 3 2 201 3 2188 2189 2227 2226
2085 3 2 201 3 2189 2190 2228 2227
2086 3 2 201 3 2190 2191 2229 2228
2087 3 2 201 3 2191 2192 2230 2229
2088 3 2 201 3 2192 2193 2231 2230
2089 3 2 201 3 2193 2194 2232 2231
2090 3 2 201 3 2194 2195 2233 2232
2091 3 2 201 3 2195 2196 2234 2233
2092 3 2 201 3 2196 2197 2235 2234
2093 3 2 201 3 2197 2198 2236 2235
2094 3 2 201 3 2198 2199 2237 2236
2095 3 2 201 3 2199 2200 2238 2237
2096 3 2 201 3 2200 2201 2239 2238
2097 3 2 201 3 2201 2202 2240 2239
2098 3 2 201 3 2202 2203 2241 2240
2099 3 2 201 3 2203 2204 2242 2241
2100 3 2 201 3 2204 2205 2243 2242
2101 3 2 201 3 2205 2206 2244 2243
2102 3 2 201 3 2206 2207 2245 2244
2103 3 2 201 3 2207 2208 2246 2245
2104 3 2 201 3 2208 2209 2247 2246
2105 3 2 201 3 2209 2210 2248 2247
2106 3 2 201 3 2210 201 202 2248
2107 3 2 201 3 230 2211 2249 231
2108 3 2 201 3 2211 2212 2250 2249
2109 3 2 201 3 2212 2213 2251 2250
2110 3 2 201 3 2213 2214 2252 2251
2111 3 2 201 3 2214 2215 2253 2252
2112 3 2 201 3 2215 2216 2254 2253
2113 3 2 201 3 2216 2217 2255 2254
2114 3 2 201 3 2217 2218 2256 2255
2115 3 2 201 3 2218 2219 2257 2256
2116 3 2 201 3 2219 2220 2258 2257
2117 3 2 201 3 2220 2221 2259 2258
2118 3 2 201 3 2221 2222 2260 2259
2119 3 2 201 3 2222 2223 2261 2260
2120 3 2 201 3 2223 2224 2262 2261
2121 3 2 201 3 2224 2225 2263 2262
2122 3 2 201 3 2225 2226 2264 2263
2123 3 2 201 3 2226 2227 2265 2264
2124 3 2 201 3 2227 2228 2266 2265
2125 3 2 201 3 2228 2229 2267 2266
2126 3 2 201 3 2229 2230 2268 2267
2127 3 2 201 3 2230 2231 2269 2268
2128 3 2 201 3 2231 2232 2270 2269
2129 3 2 201 3 2232 2233 2271 2270
2130 3 2 201 3 2233 2234 2272 2271
2131 3 2 201 3 2234 2235 2273 2272
2132 3 2 201 3 2235 2236 2274 2273
2133 3 2 201 3 2236 2237 2275 2274
2134 3 2 201 3 2237 2238 2276 2275
2135 3 2 201 3 2238 2239 2277 2276
2136 3 2 201 3 2239 2240 2278 2277
2137 3 2 201 3 2240 2241 2279 2278
2138 3 2 201 3 2241 2242 2280 2279
2139 3 2 201 3 2242 2243 2281 2280
2140 3 2 201 3 2243 2244 2282 2281
2141 3 2 201 3 2244 2245 2283 2282
2142 3 2 201 3 2245 2246 2284 2283
2143 3 2 201 3 2246 2247 2285 2284
2144 3 2 201 3 2247 2248 2286 2285
2145 3 2 201 3 2248 202 203 2286
2146 3 2 201 3 231 2249 2287 232
2147 3 2 201 3 2249 2250 2288 2287
2148 3 2 201 3 2250 2251 2289 2288
2149 3 2 201 3 2251 2252 2290 2289
2150 3 2 201 3 2252 2253 2291 2290
2151 3 2 201 3 2253 2254 2292 2291
2152 3 2 201 3 2254 2255 2293 2292
2153 3 2 201 3 2255 2256 2294 2293
2154 3 2 201 3 2256 2257 2295 2294
2155 3 2 201 3 2257 2258 2296 2295
2156 3 2 201 3 2258 2259 2297 2296
2157 3 2 201 3 2259 2260 2298 2297
2158 3 2 201 3 2260 2261 2299 2298
2159 3 2 201 3 2261 2262 2300 2299
2160 3 2 201 3 2262 2263 2301 2300
2161 3 2 201 3 2263 2264 2302 2301
2162 3 2 201 3 2264 2265 2303 2302
2163 3 2 201 3 2265 2266 2304 2303
2164 3 2 201 3 2266 2267 2305 2304
2165 3 2 201 3 2267 2268 2306 2305
2166 3 2 201 3 2268 2269 2307 2306
2167 3 2 201 3 2269 2270 2308 2307
2168 3 2 201 3 2270 2271 2309 2308
2169 3 2 201 3 2271 2272 2310 2309
2170 3 2 201 3 2272 2273 2311 2310
2171 3 2 201 3 2273 2274 2312 2311
2172 3 2 201 3 2274 2275 2313 2312
2173 3 2 201 3 2275 2276 2314 2313
2174 3 2 201 3 2276 2277 2315 2314
2175 3 2 201 3 2277 2278 2316 2315
2176 3 2 201 3 2278 2279 2317 2316
2177 3 2 201 3 2279 2280 2318 2317
2178 3 2 201 3 2280 2281 2319 2318
2179 3 2 201 3 2281 2282 2320 2319
2180 3 2 201 3 2282 2283 2321 2320
2181 3 2 201 3 2283 2284 2322 2321
2182 3 2 201 3 2284 2285 2323 2322
2183 3 2 201 3 2285 2286 2324 2323
2184 3 2 201 3 2286 203 204 2324
2185 3 2 201 3 232 2287 2325 233
2186 3 2 201 3 2287 2288 2326 2325
2187 3 2 201 3 2288 2289 2327 2326
2188 3 2 201 3 2289 2290 2328 2327
2189 3 2 201 3 2290 2291 2329 2328
2190 3 2 201 3 2291 2292 2330 2329
2191 3 2 201 3 2292 2293 2331 2330
2192 3 2 201 3 2293 2294 2332 2331
2193 3 2 201 3 2294 2295 2333 2332
2194 3 2 201 3 2295 2296 2334 2333
2195 3 2 201 3 2296 2297 2335 2334
2196 3 2 201 3 2297 2298 2336 2335
2197 3 2 201 3 2298 2299 2337 2336
2198 3 2 201 3 2299 2300 2338 2337
2199 3 2 201 3 2300 2301 2339 2338
2200 3 2 201 3 2301 2302 2340 2339
2201 3 2 201 3 2302 2303 2341 2340
2202 3 2 201 3 2303 2304 2342 2341
2203 3 2 201 3 2304 2305 2343 2342
2204 3 2 201 3 2305 2306 2344 2343
2205 3 2 201 3 2306 2307 2345 2344
2206 3 2 201 3 2307 2308 2346 2345
2207 3 2 201 3 2308 2309 2347 2346
2208 3 2 201 3 2309 2310 2348 2347
2209 3 2 201 3 2310 2311 2349 2348
2210 3 2 201 3 2311 2312 2350 2349
2211 3 2 201 3 2312 2313 2351 2350
2212 3 2 201 3 2313 2314 2352 2351
2213 3 2 201 3 2314 2315 2353 2352
2214 3 2 201 3 2315 2316 2354 2353
2215 3 2 201 3 2316 2317 2355 2354
2216 3 2 201 3 2317 2318 2356 2355
2217 3 2 201 3 2318 2319 2357 2356
2218 3 2 201 3 2319 2320 2358 2357
2219 3 2 201 3 2320 2321 2359 2358
2220 3 2 201 3 2321 2322 2360 2359
2221 3 2 201 3 2322 2323 2361 2360
2222 3 2 201 3 2323 2324 2362 2361
2223 3 2 201 3 2324 204 205 2362
2224 3 2 201 3 233 2325 2363 234
2225 3 2 201 3 2325 2326 2364 2363
2226 3 2 201 3 2326 2327 2365 2364
2227 3 2 201 3 2327 2328 2366 2365
2228 3 2 201 3 2328 2329 2367 2366
2229 3 2 201 3 2329 2330 2368 2367
2230 3 2 201 3 2330 2331 2369 2368
2231 3 2 201 3 2331 2332 2370 2369
2232 3 2 201 3 2332 2333 2371 2370
2233 3 2 201 3 2333 2334 2372 2371
2234 3 2 201 3 2334 2335 2373 2372
2235 3 2 201 3 2335 2336 2374 2373
2236 3 2 201 3 2336 2337 2375 2374
2237 3 2 201 3 2337 2338 2376 2375
2238 3 2 201 3 2338 2339 2377 2376
2239 3 2 201 3 2339 2340 2378 2377
2240 3 2 201 3 2340 2341 2379 2378
2241 3 2 201 3 2341 2342 2380 2379
2242 3 2 201 3 2342 2343 2381 2380
2243 3 2 201 3 2343 2344 2382 2381
2244 3 2 201 3 2344 2345 2383 2382
2245 3 2 201 3 2345 2346 2384 2383
2246 3 2 201 3 2346 2347 2385 2384
2247 3 2 201 3 2347 2348 2386 2385
2248 3 2 201 3 2348 2349 2387 2386
2249 3 2 201 3 2349 2350 2388 2387
2250 3 2 201 3 2350 2351 2389 2388
2251 3 2 201 3 2351 2352 2390 2389
2252 3 2 201 3 2352 2353 2391 2390
2253 3 2 201 3 2353 2354 2392 2391
2254 3 2 201 3 2354 2355 2393 2392
2255 3 2 201 3 2355 2356 2394 2393
2256 3 2 201 3 2356 2357 2395 2394
2257 3 2 201 3 2357 2358 2396 2395
2258 3 2 201 3 2358 2359 2397 2396
2259 3 2 201 3 2359 2360 2398 2397
2260 3 2 201 3 2360 2361 2399 2398
2261 3 2 201 3 2361 2362 2400 2399
2262 3 2 201 3 2362 205 206 2400
2263 3 2 201 3 234 2363 235 4
2264 3 2 201 3 2363 2364 236 235
2265 3 2 201 3 2364 2365 237 236
2266 3 2 201 3 2365 2366 238 237
2267 3 2 201 3 2366 2367 239 238
2268 3 2 201 3 2367 2368 240 239
2269 3 2 201 3 2368 2369 241 240
2270 3 2 201 3 2369 2370 242 241
2271 3 2 201 3 2370 2371 243 242
2272 3 2 201 3 2371 2372 244 243
2273 3 2 201 3 2372 2373 245 244
2274 3 2 201 3 2373 2374 246 245
2275 3 2 201 3 2374 2375 247 246
2276 3 2 201 3 2375 2376 248 247
2277 3 2 201 3 2376 2377 249 248
2278 3 2 201 3 2377 2378 250 249
2279 3 2 201 3 2378 2379 251 250
2280 3 2 201 3 2379 2380 252 251
2281 3 2 201 3 2380 2381 253 252
2282 3 2 201 3 2381 2382 254 253
2283 3 2 201 3 2382 2383 255 254
2284 3 2 201 3 2383 2384 256 255
2285 3 2 201 3 2384 2385 257 256
2286 3 2 201 3 2385 2386 258 257
2287 3 2 201 3 2386 2387 259 258
2288 3 2 201 3 2387 2388 260 259
2289 3 2 201 3 2388 2389 261 260
2290 3 2 201 3 2389 2390 262 261
2291 3 2 201 3 2390 2391 263 262
2292 3 2 201 3 2391 2392 264 263
2293 3 2 201 3 2392 2393 265 264
2294 3 2 201 3 2393 2394 266 265
2295 3 2 201 3 2394 2395 267 266
2296 3 2 201 3 2395 2396 268 267
2297 3 2 201 3 2396 2397 269 268
2298 3 2 201 3 2397 2398 270 269
2299 3 2 201 3 2398 2399 271 270
2300 3 2 201 3 2399 2400 272 271
2301 3 2 201 3 2400 206 3 272
$EndElements
