$MeshFormat
2.2 0 8
$EndMeshFormat
$PhysicalNames
2
2 101 "FRACTURE"
2 201 "ROCK"
$EndPhysicalNames
$Nodes
1925
1 0.1 0 0
2 12.6 0 0
3 12.6 1 0
4 0.1 1 0
5 12.6 0.3 0
6 12.6 0.301 0
7 0.1 0.3 0
8 0.1 0.301 0
9 12.6 0.7 0
10 12.6 0.701 0
11 0.1 0.7 0
12 0.1 0.701 0
13 0.4676470588220831 0 0
14 0.8352941176440735 0 0
15 1.202941176466295 0 0
16 1.570588235288566 0 0
17 1.938235294110352 0 0
18 2.305882352931973 0 0
19 2.673529411753592 0 0
20 3.041176470575213 0 0
21 3.408823529396834 0 0
22 3.776470588218455 0 0
23 4.144117647040393 0 0
24 4.511764705863321 0 0
25 4.87941176468625 0 0
26 5.247058823509176 0 0
27 5.614705882332105 0 0
28 5.982352941155033 0 0
29 6.34999999997796 0 0
30 6.717647058800887 0 0
31 7.085294117623816 0 0
32 7.452941176446743 0 0
33 7.820588235269672 0 0
34 8.188235294093518 0 0
35 8.555882352919056 0 0
36 8.923529411744598 0 0
37 9.291176470570138 0 0
38 9.658823529395679 0 0
39 10.02647058822122 0 0
40 10.39411764704676 0 0
41 10.7617647058723 0 0
42 11.12941176469784 0 0
43 11.49705882352338 0 0
44 11.86470588234892 0 0
45 12.23235294117446 0 0
46 12.6 0.08485373847370604 0
47 12.6 0.1459484305905523 0
48 12.6 0.1899366090754862 0
49 12.6 0.2216080988511978 0
50 12.6 0.2444115714878129 0
51 12.6 0.2608300713206298 0
52 12.6 0.2726513913920252 0
53 12.6 0.2811627423761259 0
54 12.6 0.2872909153431072 0
55 12.6 0.2917031998256467 0
56 12.6 0.2948800444408063 0
57 12.6 0.2971673728155189 0
58 12.6 0.2988142494824909 0
59 0.1 0.08485373847370604 0
60 0.1 0.1459484305905523 0
61 0.1 0.1899366090754862 0
62 0.1 0.2216080988511978 0
63 0.1 0.2444115714878129 0
64 0.1 0.2608300713206298 0
65 0.1 0.2726513913920252 0
66 0.1 0.2811627423761259 0
67 0.1 0.2872909153431072 0
68 0.1 0.2917031998256467 0
69 0.1 0.2948800444408063 0
70 0.1 0.2971673728155189 0
71 0.1 0.2988142494824909 0
72 0.4676470588220831 0.3 0
73 0.8352941176440735 0.3 0
74 1.202941176466295 0.3 0
75 1.570588235288566 0.3 0
76 1.938235294110352 0.3 0
77 2.305882352931973 0.3 0
78 2.673529411753592 0.3 0
79 3.041176470575213 0.3 0
80 3.408823529396834 0.3 0
81 3.776470588218455 0.3 0
82 4.144117647040393 0.3 0
83 4.511764705863321 0.3 0
84 4.87941176468625 0.3 0
85 5.247058823509176 0.3 0
86 5.614705882332105 0.3 0
87 5.982352941155033 0.3 0
88 6.34999999997796 0.3 0
89 6.717647058800887 0.3 0
90 7.085294117623816 0.3 0
91 7.452941176446743 0.3 0
92 7.820588235269672 0.3 0
93 8.188235294093518 0.3 0
94 8.555882352919056 0.3 0
95 8.923529411744598 0.3 0
96 9.291176470570138 0.3 0
97 9.658823529395679 0.3 0
98 10.02647058822122 0.3 0
99 10.39411764704676 0.3 0
100 10.7617647058723 0.3 0
101 11.12941176469784 0.3 0
102 11.49705882352338 0.3 0
103 11.86470588234892 0.3 0
104 12.23235294117446 0.3 0
105 0.4676470588220831 0.301 0
106 0.8352941176440735 0.301 0
107 1.202941176466295 0.301 0
108 1.570588235288566 0.301 0
109 1.938235294110352 0.301 0
110 2.305882352931973 0.301 0
111 2.673529411753592 0.301 0
112 3.041176470575213 0.301 0
113 3.408823529396834 0.301 0
114 3.776470588218455 0.301 0
115 4.144117647040393 0.301 0
116 4.511764705863321 0.301 0
117 4.87941176468625 0.301 0
118 5.247058823509176 0.301 0
119 5.614705882332105 0.301 0
120 5.982352941155033 0.301 0
121 6.34999999997796 0.301 0
122 6.717647058800887 0.301 0
123 7.085294117623816 0.301 0
124 7.452941176446743 0.301 0
125 7.820588235269672 0.301 0
126 8.188235294093518 0.301 0
127 8.555882352919056 0.301 0
128 8.923529411744598 0.301 0
129 9.291176470570138 0.301 0
130 9.658823529395679 0.301 0
131 10.02647058822122 0.301 0
132 10.39411764704676 0.301 0
133 10.7617647058723 0.301 0
134 11.12941176469784 0.301 0
135 11.49705882352338 0.301 0
136 11.86470588234892 0.301 0
137 12.23235294117446 0.301 0
138 0.1 0.301890228717192 0
139 0.1 0.3032991683951136 0
140 0.1 0.3055215522396317 0
141 0.1 0.3090084446263882 0
142 0.1 0.3144339901206716 0
143 0.1 0.3227676756986346 0
144 0.1 0.3353176105038787 0
145 0.1 0.353665021057416 0
146 0.1 0.379358189993379 0
147 0.1 0.4132509414632538 0
148 0.1 0.4546009586213928 0
149 0.1 0.500499999998632 0
150 0.1 0.5463990413762545 0
151 0.1 0.5877490585349437 0
152 0.1 0.6216418100053724 0
153 0.1 0.6473349789417899 0
154 0.1 0.6656823894956345 0
155 0.1 0.6782323243010829 0
156 0.1 0.6865660098791755 0
157 0.1 0.6919915553735325 0
158 0.1 0.69547844776033 0
159 0.1 0.6977008316048701 0
160 0.1 0.6991097712828027 0
161 0.4676470588220831 0.7 0
162 0.8352941176440735 0.7 0
163 1.202941176466295 0.7 0
164 1.570588235288566 0.7 0
165 1.938235294110352 0.7 0
166 2.305882352931973 0.7 0
167 2.673529411753592 0.7 0
168 3.041176470575213 0.7 0
169 3.408823529396834 0.7 0
170 3.776470588218455 0.7 0
171 4.144117647040393 0.7 0
172 4.511764705863321 0.7 0
173 4.87941176468625 0.7 0
174 5.247058823509176 0.7 0
175 5.614705882332105 0.7 0
176 5.982352941155033 0.7 0
177 6.34999999997796 0.7 0
178 6.717647058800887 0.7 0
179 7.085294117623816 0.7 0
180 7.452941176446743 0.7 0
181 7.820588235269672 0.7 0
182 8.188235294093518 0.7 0
183 8.555882352919056 0.7 0
184 8.923529411744598 0.7 0
185 9.291176470570138 0.7 0
186 9.658823529395679 0.7 0
187 10.02647058822122 0.7 0
188 10.39411764704676 0.7 0
189 10.7617647058723 0.7 0
190 11.12941176469784 0.7 0
191 11.49705882352338 0.7 0
192 11.86470588234892 0.7 0
193 12.23235294117446 0.7 0
194 12.6 0.301890228717192 0
195 12.6 0.3032991683951136 0
196 12.6 0.3055215522396317 0
197 12.6 0.3090084446263882 0
198 12.6 0.3144339901206716 0
199 12.6 0.3227676756986346 0
200 12.6 0.3353176105038787 0
201 12.6 0.353665021057416 0
202 12.6 0.379358189993379 0
203 12.6 0.4132509414632538 0
204 12.6 0.4546009586213928 0
205 12.6 0.500499999998632 0
206 12.6 0.5463990413762545 0
207 12.6 0.5877490585349437 0
208 12.6 0.6216418100053724 0
209 12.6 0.6473349789417899 0
210 12.6 0.6656823894956345 0
211 12.6 0.6782323243010829 0
212 12.6 0.6865660098791755 0
213 12.6 0.6919915553735325 0
214 12.6 0.69547844776033 0
215 12.6 0.6977008316048701 0
216 12.6 0.6991097712828027 0
217 0.4676470588220831 0.701 0
218 0.8352941176440735 0.701 0
219 1.202941176466295 0.701 0
220 1.570588235288566 0.701 0
221 1.938235294110352 0.701 0
222 2.305882352931973 0.701 0
223 2.673529411753592 0.701 0
224 3.041176470575213 0.701 0
225 3.408823529396834 0.701 0
226 3.776470588218455 0.701 0
227 4.144117647040393 0.701 0
228 4.511764705863321 0.701 0
229 4.87941176468625 0.701 0
230 5.247058823509176 0.701 0
231 5.614705882332105 0.701 0
232 5.982352941155033 0.701 0
233 6.34999999997796 0.701 0
234 6.717647058800887 0.701 0
235 7.085294117623816 0.701 0
236 7.452941176446743 0.701 0
237 7.820588235269672 0.701 0
238 8.188235294093518 0.701 0
239 8.555882352919056 0.701 0
240 8.923529411744598 0.701 0
241 9.291176470570138 0.701 0
242 9.658823529395679 0.701 0
243 10.02647058822122 0.701 0
244 10.39411764704676 0.701 0
245 10.7617647058723 0.701 0
246 11.12941176469784 0.701 0
247 11.49705882352338 0.701 0
248 11.86470588234892 0.701 0
249 12.23235294117446 0.701 0
250 0.1 0.7025908115252494 0
251 0.1 0.7047384064472769 0
252 0.1 0.7076376592644994 0
253 0.1 0.7115516508953799 0
254 0.1 0.7168355400542991 0
255 0.1 0.72396879040068 0
256 0.1 0.7335986782293268 0
257 0.1 0.7465990268127995 0
258 0.1 0.7641494974967266 0
259 0.1 0.7878426328758618 0
260 0.1 0.819828365604543 0
261 0.1 0.8630091048083771 0
262 0.1 0.9213031024173886 0
263 0.4676470588220831 1 0
264 0.8352941176440735 1 0
265 1.202941176466295 1 0
266 1.570588235288566 1 0
267 1.938235294110352 1 0
268 2.305882352931973 1 0
269 2.673529411753592 1 0
270 3.041176470575213 1 0
271 3.408823529396834 1 0
272 3.776470588218455 1 0
273 4.144117647040393 1 0
274 4.511764705863321 1 0
275 4.87941176468625 1 0
276 5.247058823509176 1 0
277 5.614705882332105 1 0
278 5.982352941155033 1 0
279 6.34999999997796 1 0
280 6.717647058800887 1 0
281 7.085294117623816 1 0
282 7.452941176446743 1 0
283 7.820588235269672 1 0
284 8.188235294093518 1 0
285 8.555882352919056 1 0
286 8.923529411744598 1 0
287 9.291176470570138 1 0
288 9.658823529395679 1 0
289 10.02647058822122 1 0
290 10.39411764704676 1 0
291 10.7617647058723 1 0
292 11.12941176469784 1 0
293 11.49705882352338 1 0
294 11.86470588234892 1 0
295 12.23235294117446 1 0
296 12.6 0.7025908115252494 0
297 12.6 0.7047384064472769 0
298 12.6 0.7076376592644994 0
299 12.6 0.7115516508953799 0
300 12.6 0.7168355400542991 0
301 12.6 0.72396879040068 0
302 12.6 0.7335986782293268 0
303 12.6 0.7465990268127995 0
304 12.6 0.7641494974967266 0
305 12.6 0.7878426328758618 0
306 12.6 0.819828365604543 0
307 12.6 0.8630091048083771 0
308 12.6 0.9213031024173886 0
309 0.4676470588220831 0.08485373847370602 0
310 0.8352941176440735 0.08485373847370599 0
311 1.202941176466295 0.084853738473706 0
312 1.570588235288565 0.08485373847370604 0
313 1.938235294110352 0.08485373847370602 0
314 2.305882352931972 0.08485373847370602 0
315 2.673529411753592 0.084853738473706 0
316 3.041176470575213 0.08485373847370602 0
317 3.408823529396835 0.08485373847370602 0
318 3.776470588218455 0.08485373847370602 0
319 4.144117647040392 0.08485373847370602 0
320 4.511764705863321 0.08485373847370602 0
321 4.87941176468625 0.08485373847370602 0
322 5.247058823509176 0.08485373847370602 0
323 5.614705882332106 0.08485373847370602 0
324 5.982352941155032 0.08485373847370602 0
325 6.349999999977961 0.084853738473706 0
326 6.717647058800887 0.08485373847370602 0
327 7.085294117623818 0.08485373847370602 0
328 7.452941176446743 0.08485373847370602 0
329 7.820588235269671 0.08485373847370602 0
330 8.188235294093518 0.08485373847370602 0
331 8.555882352919054 0.08485373847370602 0
332 8.923529411744598 0.08485373847370602 0
333 9.291176470570138 0.08485373847370602 0
334 9.658823529395679 0.08485373847370602 0
335 10.02647058822122 0.08485373847370602 0
336 10.39411764704676 0.08485373847370602 0
337 10.7617647058723 0.08485373847370602 0
338 11.12941176469784 0.08485373847370602 0
339 11.49705882352338 0.08485373847370602 0
340 11.86470588234892 0.08485373847370602 0
341 12.23235294117446 0.08485373847370602 0
342 0.4676470588220831 0.1459484305905523 0
343 0.8352941176440734 0.1459484305905523 0
344 1.202941176466295 0.1459484305905523 0
345 1.570588235288565 0.1459484305905523 0
346 1.938235294110352 0.1459484305905523 0
347 2.305882352931972 0.1459484305905523 0
348 2.673529411753592 0.1459484305905523 0
349 3.041176470575213 0.1459484305905523 0
350 3.408823529396834 0.1459484305905523 0
351 3.776470588218455 0.1459484305905523 0
352 4.144117647040392 0.1459484305905523 0
353 4.511764705863321 0.1459484305905523 0
354 4.87941176468625 0.1459484305905523 0
355 5.247058823509176 0.1459484305905523 0
356 5.614705882332106 0.1459484305905523 0
357 5.982352941155032 0.1459484305905523 0
358 6.34999999997796 0.1459484305905523 0
359 6.717647058800888 0.1459484305905523 0
360 7.085294117623817 0.1459484305905523 0
361 7.452941176446743 0.1459484305905523 0
362 7.820588235269671 0.1459484305905523 0
363 8.188235294093518 0.1459484305905523 0
364 8.555882352919056 0.1459484305905523 0
365 8.9235294117446 0.1459484305905523 0
366 9.291176470570138 0.1459484305905523 0
367 9.658823529395679 0.1459484305905523 0
368 10.02647058822122 0.1459484305905523 0
369 10.39411764704676 0.1459484305905523 0
370 10.7617647058723 0.1459484305905523 0
371 11.12941176469784 0.1459484305905523 0
372 11.49705882352338 0.1459484305905523 0
373 11.86470588234892 0.1459484305905523 0
374 12.23235294117446 0.1459484305905523 0
375 0.4676470588220831 0.1899366090754861 0
376 0.8352941176440735 0.1899366090754861 0
377 1.202941176466295 0.1899366090754861 0
378 1.570588235288565 0.1899366090754861 0
379 1.938235294110352 0.1899366090754861 0
380 2.305882352931972 0.1899366090754861 0
381 2.673529411753592 0.1899366090754861 0
382 3.041176470575213 0.1899366090754861 0
383 3.408823529396834 0.1899366090754862 0
384 3.776470588218456 0.1899366090754861 0
385 4.144117647040392 0.1899366090754861 0
386 4.511764705863322 0.1899366090754861 0
387 4.87941176468625 0.1899366090754861 0
388 5.247058823509176 0.1899366090754862 0
389 5.614705882332107 0.1899366090754862 0
390 5.982352941155032 0.1899366090754861 0
391 6.34999999997796 0.1899366090754861 0
392 6.717647058800889 0.1899366090754861 0
393 7.085294117623816 0.1899366090754861 0
394 7.452941176446743 0.1899366090754861 0
395 7.820588235269673 0.1899366090754861 0
396 8.18823529409352 0.1899366090754861 0
397 8.555882352919056 0.1899366090754861 0
398 8.9235294117446 0.1899366090754862 0
399 9.291176470570138 0.1899366090754861 0
400 9.658823529395679 0.1899366090754862 0
401 10.02647058822122 0.1899366090754861 0
402 10.39411764704676 0.1899366090754862 0
403 10.7617647058723 0.1899366090754862 0
404 11.12941176469784 0.1899366090754861 0
405 11.49705882352338 0.1899366090754862 0
406 11.86470588234892 0.1899366090754861 0
407 12.23235294117446 0.1899366090754861 0
408 0.4676470588220831 0.2216080988511978 0
409 0.8352941176440734 0.2216080988511978 0
410 1.202941176466295 0.2216080988511978 0
411 1.570588235288565 0.2216080988511978 0
412 1.938235294110352 0.2216080988511978 0
413 2.305882352931972 0.2216080988511978 0
414 2.673529411753592 0.2216080988511978 0
415 3.041176470575213 0.2216080988511978 0
416 3.408823529396834 0.2216080988511978 0
417 3.776470588218455 0.2216080988511978 0
418 4.144117647040392 0.2216080988511977 0
419 4.511764705863322 0.2216080988511978 0
420 4.87941176468625 0.2216080988511978 0
421 5.247058823509176 0.2216080988511978 0
422 5.614705882332107 0.2216080988511978 0
423 5.982352941155032 0.2216080988511978 0
424 6.34999999997796 0.2216080988511978 0
425 6.717647058800888 0.2216080988511978 0
426 7.085294117623816 0.2216080988511978 0
427 7.452941176446743 0.2216080988511978 0
428 7.820588235269672 0.2216080988511978 0
429 8.188235294093518 0.2216080988511978 0
430 8.555882352919056 0.2216080988511978 0
431 8.9235294117446 0.2216080988511978 0
432 9.291176470570138 0.2216080988511978 0
433 9.658823529395679 0.2216080988511978 0
434 10.02647058822122 0.2216080988511978 0
435 10.39411764704676 0.2216080988511978 0
436 10.7617647058723 0.2216080988511978 0
437 11.12941176469784 0.2216080988511978 0
438 11.49705882352338 0.2216080988511978 0
439 11.86470588234892 0.2216080988511978 0
440 12.23235294117445 0.2216080988511978 0
441 0.4676470588220831 0.2444115714878129 0
442 0.8352941176440735 0.2444115714878129 0
443 1.202941176466295 0.2444115714878128 0
444 1.570588235288565 0.2444115714878128 0
445 1.938235294110352 0.2444115714878129 0
446 2.305882352931972 0.2444115714878128 0
447 2.673529411753592 0.2444115714878128 0
448 3.041176470575213 0.2444115714878128 0
449 3.408823529396834 0.2444115714878128 0
450 3.776470588218455 0.2444115714878128 0
451 4.144117647040392 0.2444115714878128 0
452 4.511764705863322 0.2444115714878128 0
453 4.87941176468625 0.2444115714878128 0
454 5.247058823509176 0.2444115714878128 0
455 5.614705882332107 0.2444115714878129 0
456 5.982352941155032 0.2444115714878129 0
457 6.34999999997796 0.2444115714878128 0
458 6.717647058800887 0.2444115714878128 0
459 7.085294117623816 0.2444115714878129 0
460 7.452941176446743 0.2444115714878129 0
461 7.820588235269671 0.2444115714878128 0
462 8.18823529409352 0.2444115714878128 0
463 8.555882352919056 0.2444115714878128 0
464 8.923529411744598 0.2444115714878128 0
465 9.291176470570138 0.2444115714878128 0
466 9.658823529395679 0.2444115714878128 0
467 10.02647058822122 0.2444115714878128 0
468 10.39411764704676 0.2444115714878128 0
469 10.7617647058723 0.2444115714878128 0
470 11.12941176469784 0.2444115714878128 0
471 11.49705882352338 0.2444115714878128 0
472 11.86470588234892 0.2444115714878128 0
473 12.23235294117446 0.2444115714878129 0
474 0.4676470588220831 0.2608300713206297 0
475 0.8352941176440735 0.2608300713206296 0
476 1.202941176466295 0.2608300713206297 0
477 1.570588235288565 0.2608300713206297 0
478 1.938235294110352 0.2608300713206297 0
479 2.305882352931972 0.2608300713206297 0
480 2.673529411753592 0.2608300713206296 0
481 3.041176470575212 0.2608300713206296 0
482 3.408823529396834 0.2608300713206297 0
483 3.776470588218455 0.2608300713206296 0
484 4.144117647040392 0.2608300713206297 0
485 4.511764705863322 0.2608300713206297 0
486 4.87941176468625 0.2608300713206297 0
487 5.247058823509176 0.2608300713206297 0
488 5.614705882332107 0.2608300713206297 0
489 5.982352941155032 0.2608300713206297 0
490 6.349999999977961 0.2608300713206296 0
491 6.717647058800889 0.2608300713206297 0
492 7.085294117623817 0.2608300713206297 0
493 7.452941176446743 0.2608300713206297 0
494 7.820588235269673 0.2608300713206297 0
495 8.18823529409352 0.2608300713206297 0
496 8.555882352919056 0.2608300713206297 0
497 8.923529411744598 0.2608300713206297 0
498 9.291176470570139 0.2608300713206297 0
499 9.658823529395679 0.2608300713206297 0
500 10.02647058822122 0.2608300713206296 0
501 10.39411764704676 0.2608300713206297 0
502 10.7617647058723 0.2608300713206297 0
503 11.12941176469784 0.2608300713206297 0
504 11.49705882352338 0.2608300713206296 0
505 11.86470588234892 0.2608300713206296 0
506 12.23235294117446 0.2608300713206297 0
507 0.4676470588220832 0.2726513913920251 0
508 0.8352941176440735 0.2726513913920251 0
509 1.202941176466295 0.2726513913920251 0
510 1.570588235288565 0.2726513913920251 0
511 1.938235294110352 0.2726513913920251 0
512 2.305882352931973 0.2726513913920251 0
513 2.673529411753592 0.2726513913920251 0
514 3.041176470575212 0.2726513913920251 0
515 3.408823529396834 0.2726513913920251 0
516 3.776470588218455 0.2726513913920251 0
517 4.144117647040392 0.2726513913920251 0
518 4.511764705863322 0.2726513913920251 0
519 4.87941176468625 0.272651391392025 0
520 5.247058823509175 0.272651391392025 0
521 5.614705882332107 0.2726513913920251 0
522 5.982352941155034 0.2726513913920251 0
523 6.34999999997796 0.272651391392025 0
524 6.717647058800889 0.2726513913920252 0
525 7.085294117623816 0.2726513913920251 0
526 7.452941176446743 0.2726513913920251 0
527 7.820588235269672 0.2726513913920251 0
528 8.188235294093518 0.2726513913920251 0
529 8.555882352919056 0.2726513913920251 0
530 8.923529411744598 0.2726513913920251 0
531 9.291176470570138 0.2726513913920251 0
532 9.658823529395681 0.2726513913920251 0
533 10.02647058822122 0.2726513913920251 0
534 10.39411764704676 0.2726513913920251 0
535 10.7617647058723 0.2726513913920251 0
536 11.12941176469784 0.2726513913920251 0
537 11.49705882352338 0.2726513913920251 0
538 11.86470588234892 0.2726513913920251 0
539 12.23235294117446 0.2726513913920251 0
540 0.4676470588220831 0.2811627423761259 0
541 0.8352941176440735 0.2811627423761258 0
542 1.202941176466295 0.2811627423761258 0
543 1.570588235288566 0.2811627423761258 0
544 1.938235294110352 0.2811627423761258 0
545 2.305882352931972 0.2811627423761258 0
546 2.673529411753592 0.2811627423761258 0
547 3.041176470575213 0.2811627423761259 0
548 3.408823529396834 0.2811627423761258 0
549 3.776470588218455 0.2811627423761259 0
550 4.144117647040392 0.2811627423761258 0
551 4.511764705863322 0.2811627423761258 0
552 4.87941176468625 0.2811627423761258 0
553 5.247058823509176 0.2811627423761259 0
554 5.614705882332106 0.2811627423761258 0
555 5.982352941155032 0.2811627423761258 0
556 6.349999999977961 0.2811627423761258 0
557 6.717647058800889 0.2811627423761258 0
558 7.085294117623817 0.2811627423761258 0
559 7.452941176446743 0.2811627423761259 0
560 7.820588235269672 0.2811627423761258 0
561 8.188235294093518 0.2811627423761258 0
562 8.555882352919054 0.2811627423761258 0
563 8.923529411744598 0.2811627423761258 0
564 9.291176470570138 0.2811627423761258 0
565 9.658823529395681 0.2811627423761258 0
566 10.02647058822122 0.2811627423761258 0
567 10.39411764704676 0.2811627423761258 0
568 10.7617647058723 0.2811627423761258 0
569 11.12941176469784 0.2811627423761258 0
570 11.49705882352338 0.2811627423761259 0
571 11.86470588234892 0.2811627423761258 0
572 12.23235294117446 0.2811627423761258 0
573 0.4676470588220831 0.2872909153431071 0
574 0.8352941176440735 0.2872909153431071 0
575 1.202941176466295 0.2872909153431071 0
576 1.570588235288566 0.2872909153431071 0
577 1.938235294110352 0.2872909153431071 0
578 2.305882352931972 0.287290915343107 0
579 2.673529411753592 0.287290915343107 0
580 3.041176470575213 0.2872909153431071 0
581 3.408823529396834 0.2872909153431071 0
582 3.776470588218455 0.2872909153431071 0
583 4.144117647040392 0.2872909153431071 0
584 4.511764705863322 0.2872909153431071 0
585 4.87941176468625 0.2872909153431071 0
586 5.247058823509175 0.2872909153431071 0
587 5.614705882332105 0.2872909153431071 0
588 5.982352941155033 0.2872909153431071 0
589 6.34999999997796 0.2872909153431071 0
590 6.717647058800887 0.287290915343107 0
591 7.085294117623816 0.2872909153431071 0
592 7.452941176446743 0.2872909153431071 0
593 7.820588235269673 0.2872909153431071 0
594 8.18823529409352 0.2872909153431071 0
595 8.555882352919056 0.2872909153431071 0
596 8.923529411744598 0.2872909153431071 0
597 9.291176470570138 0.2872909153431071 0
598 9.658823529395681 0.2872909153431071 0
599 10.02647058822122 0.2872909153431071 0
600 10.39411764704676 0.2872909153431071 0
601 10.7617647058723 0.287290915343107 0
602 11.12941176469784 0.2872909153431071 0
603 11.49705882352338 0.287290915343107 0
604 11.86470588234892 0.287290915343107 0
605 12.23235294117446 0.287290915343107 0
606 0.4676470588220831 0.2917031998256466 0
607 0.8352941176440734 0.2917031998256466 0
608 1.202941176466295 0.2917031998256466 0
609 1.570588235288566 0.2917031998256466 0
610 1.938235294110352 0.2917031998256466 0
611 2.305882352931972 0.2917031998256466 0
612 2.673529411753592 0.2917031998256466 0
613 3.041176470575213 0.2917031998256467 0
614 3.408823529396833 0.2917031998256465 0
615 3.776470588218455 0.2917031998256466 0
616 4.144117647040392 0.2917031998256466 0
617 4.511764705863321 0.2917031998256466 0
618 4.87941176468625 0.2917031998256466 0
619 5.247058823509175 0.2917031998256466 0
620 5.614705882332106 0.2917031998256466 0
621 5.982352941155032 0.2917031998256466 0
622 6.349999999977961 0.2917031998256466 0
623 6.717647058800888 0.2917031998256466 0
624 7.085294117623817 0.2917031998256466 0
625 7.452941176446743 0.2917031998256466 0
626 7.820588235269672 0.2917031998256466 0
627 8.188235294093518 0.2917031998256466 0
628 8.555882352919054 0.2917031998256466 0
629 8.923529411744598 0.2917031998256466 0
630 9.291176470570139 0.2917031998256466 0
631 9.658823529395679 0.2917031998256466 0
632 10.02647058822122 0.2917031998256466 0
633 10.39411764704676 0.2917031998256466 0
634 10.7617647058723 0.2917031998256466 0
635 11.12941176469784 0.2917031998256466 0
636 11.49705882352338 0.2917031998256466 0
637 11.86470588234892 0.2917031998256466 0
638 12.23235294117446 0.2917031998256466 0
639 0.467647058822083 0.2948800444408062 0
640 0.8352941176440735 0.2948800444408062 0
641 1.202941176466295 0.2948800444408061 0
642 1.570588235288565 0.2948800444408062 0
643 1.938235294110352 0.2948800444408062 0
644 2.305882352931972 0.2948800444408062 0
645 2.673529411753592 0.2948800444408062 0
646 3.041176470575213 0.2948800444408062 0
647 3.408823529396834 0.2948800444408062 0
648 3.776470588218455 0.2948800444408062 0
649 4.144117647040392 0.2948800444408062 0
650 4.511764705863321 0.2948800444408062 0
651 4.87941176468625 0.2948800444408062 0
652 5.247058823509175 0.2948800444408062 0
653 5.614705882332105 0.2948800444408062 0
654 5.982352941155033 0.2948800444408062 0
655 6.349999999977961 0.2948800444408062 0
656 6.717647058800889 0.2948800444408062 0
657 7.085294117623816 0.2948800444408062 0
658 7.452941176446743 0.2948800444408062 0
659 7.820588235269671 0.2948800444408062 0
660 8.188235294093518 0.2948800444408062 0
661 8.555882352919056 0.2948800444408062 0
662 8.923529411744598 0.2948800444408062 0
663 9.291176470570138 0.2948800444408062 0
664 9.658823529395679 0.2948800444408062 0
665 10.02647058822122 0.2948800444408062 0
666 10.39411764704676 0.2948800444408062 0
667 10.7617647058723 0.2948800444408062 0
668 11.12941176469784 0.2948800444408062 0
669 11.49705882352338 0.2948800444408062 0
670 11.86470588234892 0.2948800444408062 0
671 12.23235294117446 0.2948800444408062 0
672 0.4676470588220831 0.2971673728155188 0
673 0.8352941176440734 0.2971673728155188 0
674 1.202941176466295 0.2971673728155188 0
675 1.570588235288565 0.2971673728155188 0
676 1.938235294110352 0.2971673728155189 0
677 2.305882352931972 0.2971673728155189 0
678 2.673529411753592 0.2971673728155188 0
679 3.041176470575213 0.2971673728155189 0
680 3.408823529396834 0.2971673728155188 0
681 3.776470588218455 0.2971673728155188 0
682 4.144117647040392 0.2971673728155189 0
683 4.511764705863321 0.2971673728155188 0
684 4.87941176468625 0.2971673728155188 0
685 5.247058823509176 0.2971673728155189 0
686 5.614705882332106 0.2971673728155188 0
687 5.982352941155032 0.2971673728155188 0
688 6.34999999997796 0.2971673728155188 0
689 6.717647058800888 0.2971673728155188 0
690 7.085294117623816 0.2971673728155188 0
691 7.452941176446743 0.2971673728155188 0
692 7.820588235269672 0.2971673728155188 0
693 8.188235294093518 0.2971673728155188 0
694 8.555882352919056 0.2971673728155188 0
695 8.923529411744596 0.2971673728155188 0
696 9.291176470570138 0.2971673728155188 0
697 9.658823529395679 0.2971673728155188 0
698 10.02647058822122 0.2971673728155188 0
699 10.39411764704676 0.2971673728155188 0
700 10.7617647058723 0.2971673728155188 0
701 11.12941176469784 0.2971673728155188 0
702 11.49705882352338 0.2971673728155188 0
703 11.86470588234892 0.2971673728155188 0
704 12.23235294117446 0.2971673728155189 0
705 0.4676470588220831 0.2988142494824907 0
706 0.8352941176440735 0.2988142494824908 0
707 1.202941176466295 0.2988142494824909 0
708 1.570588235288566 0.2988142494824908 0
709 1.938235294110352 0.2988142494824907 0
710 2.305882352931972 0.2988142494824908 0
711 2.673529411753592 0.2988142494824908 0
712 3.041176470575213 0.2988142494824908 0
713 3.408823529396834 0.2988142494824908 0
714 3.776470588218455 0.2988142494824908 0
715 4.144117647040392 0.2988142494824907 0
716 4.511764705863321 0.2988142494824907 0
717 4.87941176468625 0.2988142494824908 0
718 5.247058823509176 0.2988142494824908 0
719 5.614705882332106 0.2988142494824908 0
720 5.982352941155032 0.2988142494824908 0
721 6.34999999997796 0.2988142494824907 0
722 6.717647058800889 0.2988142494824909 0
723 7.085294117623816 0.2988142494824908 0
724 7.452941176446743 0.2988142494824908 0
725 7.820588235269672 0.2988142494824908 0
726 8.188235294093518 0.2988142494824908 0
727 8.555882352919056 0.2988142494824908 0
728 8.923529411744598 0.2988142494824908 0
729 9.291176470570136 0.2988142494824908 0
730 9.658823529395679 0.2988142494824908 0
731 10.02647058822122 0.2988142494824908 0
732 10.39411764704676 0.2988142494824908 0
733 10.7617647058723 0.2988142494824909 0
734 11.12941176469784 0.2988142494824908 0
735 11.49705882352338 0.2988142494824908 0
736 11.86470588234892 0.2988142494824907 0
737 12.23235294117446 0.2988142494824908 0
738 0.4676470588220831 0.3018902287171921 0
739 0.8352941176440734 0.3018902287171921 0
740 1.202941176466295 0.3018902287171921 0
741 1.570588235288566 0.301890228717192 0
742 1.938235294110352 0.301890228717192 0
743 2.305882352931972 0.301890228717192 0
744 2.673529411753592 0.3018902287171921 0
745 3.041176470575212 0.3018902287171921 0
746 3.408823529396834 0.301890228717192 0
747 3.776470588218455 0.3018902287171921 0
748 4.144117647040392 0.301890228717192 0
749 4.511764705863321 0.3018902287171921 0
750 4.87941176468625 0.301890228717192 0
751 5.247058823509176 0.301890228717192 0
752 5.614705882332106 0.3018902287171921 0
753 5.982352941155034 0.3018902287171921 0
754 6.34999999997796 0.301890228717192 0
755 6.717647058800888 0.301890228717192 0
756 7.085294117623817 0.3018902287171921 0
757 7.452941176446743 0.3018902287171921 0
758 7.820588235269672 0.301890228717192 0
759 8.188235294093518 0.3018902287171921 0
760 8.555882352919056 0.3018902287171921 0
761 8.923529411744598 0.3018902287171921 0
762 9.291176470570138 0.301890228717192 0
763 9.658823529395677 0.3018902287171921 0
764 10.02647058822122 0.3018902287171921 0
765 10.39411764704676 0.3018902287171921 0
766 10.7617647058723 0.3018902287171921 0
767 11.12941176469784 0.3018902287171921 0
768 11.49705882352338 0.3018902287171921 0
769 11.86470588234892 0.3018902287171921 0
770 12.23235294117446 0.3018902287171921 0
771 0.4676470588220831 0.3032991683951136 0
772 0.8352941176440734 0.3032991683951135 0
773 1.202941176466295 0.3032991683951136 0
774 1.570588235288565 0.3032991683951136 0
775 1.938235294110352 0.3032991683951137 0
776 2.305882352931972 0.3032991683951137 0
777 2.673529411753592 0.3032991683951136 0
778 3.041176470575212 0.3032991683951136 0
779 3.408823529396834 0.3032991683951136 0
780 3.776470588218455 0.3032991683951136 0
781 4.144117647040392 0.3032991683951136 0
782 4.511764705863322 0.3032991683951136 0
783 4.87941176468625 0.3032991683951136 0
784 5.247058823509176 0.3032991683951136 0
785 5.614705882332106 0.3032991683951136 0
786 5.982352941155031 0.3032991683951136 0
787 6.349999999977961 0.3032991683951136 0
788 6.717647058800887 0.3032991683951136 0
789 7.085294117623817 0.3032991683951136 0
790 7.452941176446743 0.3032991683951136 0
791 7.820588235269672 0.3032991683951136 0
792 8.188235294093518 0.3032991683951136 0
793 8.555882352919054 0.3032991683951136 0
794 8.923529411744598 0.3032991683951136 0
795 9.291176470570138 0.3032991683951136 0
796 9.658823529395679 0.3032991683951136 0
797 10.02647058822122 0.3032991683951136 0
798 10.39411764704676 0.3032991683951136 0
799 10.7617647058723 0.3032991683951136 0
800 11.12941176469784 0.3032991683951136 0
801 11.49705882352338 0.3032991683951136 0
802 11.86470588234892 0.3032991683951136 0
803 12.23235294117446 0.3032991683951136 0
804 0.4676470588220831 0.3055215522396317 0
805 0.8352941176440732 0.3055215522396318 0
806 1.202941176466295 0.3055215522396316 0
807 1.570588235288566 0.3055215522396318 0
808 1.938235294110352 0.3055215522396317 0
809 2.305882352931972 0.3055215522396317 0
810 2.673529411753593 0.3055215522396317 0
811 3.041176470575213 0.3055215522396317 0
812 3.408823529396834 0.3055215522396317 0
813 3.776470588218455 0.3055215522396317 0
814 4.144117647040393 0.3055215522396318 0
815 4.511764705863322 0.3055215522396318 0
816 4.87941176468625 0.3055215522396317 0
817 5.247058823509176 0.3055215522396317 0
818 5.614705882332106 0.3055215522396317 0
819 5.982352941155031 0.3055215522396318 0
820 6.349999999977961 0.3055215522396317 0
821 6.717647058800887 0.3055215522396317 0
822 7.085294117623815 0.3055215522396317 0
823 7.452941176446743 0.3055215522396317 0
824 7.820588235269673 0.3055215522396317 0
825 8.188235294093518 0.3055215522396317 0
826 8.555882352919054 0.3055215522396317 0
827 8.9235294117446 0.3055215522396318 0
828 9.291176470570138 0.3055215522396317 0
829 9.658823529395679 0.3055215522396317 0
830 10.02647058822122 0.3055215522396317 0
831 10.39411764704676 0.3055215522396317 0
832 10.7617647058723 0.3055215522396317 0
833 11.12941176469784 0.3055215522396317 0
834 11.49705882352338 0.3055215522396317 0
835 11.86470588234892 0.3055215522396317 0
836 12.23235294117446 0.3055215522396317 0
837 0.4676470588220831 0.309008444626388 0
838 0.8352941176440732 0.3090084446263883 0
839 1.202941176466294 0.3090084446263882 0
840 1.570588235288565 0.3090084446263883 0
841 1.938235294110352 0.3090084446263882 0
842 2.305882352931972 0.3090084446263882 0
843 2.673529411753592 0.3090084446263882 0
844 3.041176470575212 0.3090084446263882 0
845 3.408823529396834 0.3090084446263882 0
846 3.776470588218455 0.3090084446263882 0
847 4.144117647040392 0.3090084446263881 0
848 4.511764705863322 0.3090084446263882 0
849 4.87941176468625 0.3090084446263882 0
850 5.247058823509176 0.3090084446263882 0
851 5.614705882332106 0.3090084446263883 0
852 5.982352941155032 0.3090084446263883 0
853 6.34999999997796 0.3090084446263882 0
854 6.717647058800888 0.3090084446263882 0
855 7.085294117623817 0.3090084446263881 0
856 7.452941176446743 0.3090084446263882 0
857 7.820588235269672 0.3090084446263882 0
858 8.188235294093518 0.3090084446263882 0
859 8.555882352919056 0.3090084446263882 0
860 8.923529411744598 0.3090084446263882 0
861 9.291176470570138 0.3090084446263882 0
862 9.658823529395679 0.3090084446263882 0
863 10.02647058822122 0.3090084446263882 0
864 10.39411764704676 0.3090084446263882 0
865 10.7617647058723 0.3090084446263882 0
866 11.12941176469784 0.3090084446263882 0
867 11.49705882352338 0.3090084446263882 0
868 11.86470588234892 0.3090084446263883 0
869 12.23235294117446 0.3090084446263882 0
870 0.467647058822083 0.3144339901206716 0
871 0.8352941176440736 0.3144339901206716 0
872 1.202941176466295 0.3144339901206716 0
873 1.570588235288566 0.3144339901206716 0
874 1.938235294110352 0.3144339901206715 0
875 2.305882352931973 0.3144339901206716 0
876 2.673529411753592 0.3144339901206716 0
877 3.041176470575213 0.3144339901206716 0
878 3.408823529396834 0.3144339901206715 0
879 3.776470588218456 0.3144339901206715 0
880 4.144117647040392 0.3144339901206715 0
881 4.511764705863321 0.3144339901206715 0
882 4.87941176468625 0.3144339901206716 0
883 5.247058823509177 0.3144339901206715 0
884 5.614705882332106 0.3144339901206716 0
885 5.982352941155032 0.3144339901206716 0
886 6.34999999997796 0.3144339901206715 0
887 6.717647058800888 0.3144339901206715 0
888 7.085294117623816 0.3144339901206715 0
889 7.452941176446743 0.3144339901206715 0
890 7.820588235269671 0.3144339901206716 0
891 8.188235294093516 0.3144339901206715 0
892 8.555882352919054 0.3144339901206716 0
893 8.923529411744598 0.3144339901206716 0
894 9.291176470570138 0.3144339901206715 0
895 9.658823529395679 0.3144339901206716 0
896 10.02647058822122 0.3144339901206716 0
897 10.39411764704676 0.3144339901206716 0
898 10.7617647058723 0.3144339901206716 0
899 11.12941176469784 0.3144339901206715 0
900 11.49705882352338 0.3144339901206715 0
901 11.86470588234892 0.3144339901206716 0
902 12.23235294117446 0.3144339901206716 0
903 0.4676470588220831 0.3227676756986347 0
904 0.8352941176440734 0.3227676756986346 0
905 1.202941176466295 0.3227676756986347 0
906 1.570588235288565 0.3227676756986346 0
907 1.938235294110352 0.3227676756986346 0
908 2.305882352931972 0.3227676756986348 0
909 2.673529411753592 0.3227676756986346 0
910 3.041176470575212 0.3227676756986346 0
911 3.408823529396834 0.3227676756986346 0
912 3.776470588218455 0.3227676756986346 0
913 4.144117647040392 0.3227676756986347 0
914 4.511764705863321 0.3227676756986346 0
915 4.87941176468625 0.3227676756986346 0
916 5.247058823509176 0.3227676756986347 0
917 5.614705882332106 0.3227676756986347 0
918 5.982352941155033 0.3227676756986346 0
919 6.349999999977961 0.3227676756986346 0
920 6.717647058800888 0.3227676756986346 0
921 7.085294117623817 0.3227676756986346 0
922 7.452941176446743 0.3227676756986346 0
923 7.820588235269673 0.3227676756986346 0
924 8.18823529409352 0.3227676756986346 0
925 8.555882352919056 0.3227676756986346 0
926 8.923529411744598 0.3227676756986346 0
927 9.291176470570138 0.3227676756986346 0
928 9.658823529395679 0.3227676756986346 0
929 10.02647058822122 0.3227676756986346 0
930 10.39411764704676 0.3227676756986346 0
931 10.7617647058723 0.3227676756986346 0
932 11.12941176469784 0.3227676756986346 0
933 11.49705882352338 0.3227676756986346 0
934 11.86470588234892 0.3227676756986347 0
935 12.23235294117446 0.3227676756986346 0
936 0.4676470588220831 0.3353176105038787 0
937 0.8352941176440735 0.3353176105038787 0
938 1.202941176466295 0.3353176105038788 0
939 1.570588235288565 0.3353176105038786 0
940 1.938235294110352 0.3353176105038787 0
941 2.305882352931972 0.3353176105038788 0
942 2.673529411753592 0.3353176105038787 0
943 3.041176470575213 0.3353176105038786 0
944 3.408823529396834 0.3353176105038786 0
945 3.776470588218456 0.3353176105038788 0
946 4.144117647040392 0.3353176105038786 0
947 4.511764705863321 0.3353176105038787 0
948 4.87941176468625 0.3353176105038787 0
949 5.247058823509176 0.3353176105038788 0
950 5.614705882332105 0.3353176105038788 0
951 5.982352941155032 0.3353176105038786 0
952 6.34999999997796 0.3353176105038786 0
953 6.717647058800887 0.3353176105038788 0
954 7.085294117623817 0.3353176105038787 0
955 7.452941176446743 0.3353176105038787 0
956 7.820588235269671 0.3353176105038787 0
957 8.188235294093518 0.3353176105038786 0
958 8.555882352919054 0.3353176105038786 0
959 8.923529411744598 0.3353176105038786 0
960 9.291176470570138 0.3353176105038787 0
961 9.658823529395679 0.3353176105038788 0
962 10.02647058822122 0.3353176105038787 0
963 10.39411764704676 0.3353176105038787 0
964 10.7617647058723 0.3353176105038787 0
965 11.12941176469784 0.3353176105038787 0
966 11.49705882352338 0.3353176105038787 0
967 11.86470588234892 0.3353176105038787 0
968 12.23235294117446 0.3353176105038787 0
969 0.4676470588220831 0.3536650210574159 0
970 0.8352941176440735 0.353665021057416 0
971 1.202941176466295 0.353665021057416 0
972 1.570588235288565 0.353665021057416 0
973 1.938235294110352 0.353665021057416 0
974 2.305882352931972 0.3536650210574159 0
975 2.673529411753592 0.3536650210574159 0
976 3.041176470575213 0.3536650210574161 0
977 3.408823529396834 0.353665021057416 0
978 3.776470588218456 0.353665021057416 0
979 4.144117647040392 0.353665021057416 0
980 4.511764705863321 0.353665021057416 0
981 4.87941176468625 0.353665021057416 0
982 5.247058823509175 0.353665021057416 0
983 5.614705882332106 0.353665021057416 0
984 5.982352941155032 0.353665021057416 0
985 6.349999999977961 0.3536650210574161 0
986 6.717647058800888 0.353665021057416 0
987 7.085294117623817 0.353665021057416 0
988 7.452941176446743 0.353665021057416 0
989 7.820588235269671 0.353665021057416 0
990 8.188235294093518 0.353665021057416 0
991 8.555882352919054 0.353665021057416 0
992 8.923529411744598 0.3536650210574159 0
993 9.291176470570138 0.353665021057416 0
994 9.658823529395679 0.353665021057416 0
995 10.02647058822122 0.3536650210574159 0
996 10.39411764704676 0.3536650210574159 0
997 10.7617647058723 0.353665021057416 0
998 11.12941176469784 0.353665021057416 0
999 11.49705882352338 0.353665021057416 0
1000 11.86470588234892 0.353665021057416 0
1001 12.23235294117446 0.353665021057416 0
1002 0.4676470588220831 0.3793581899933789 0
1003 0.8352941176440734 0.3793581899933791 0
1004 1.202941176466295 0.3793581899933792 0
1005 1.570588235288566 0.3793581899933791 0
1006 1.938235294110352 0.379358189993379 0
1007 2.305882352931972 0.379358189993379 0
1008 2.673529411753592 0.379358189993379 0
1009 3.041176470575213 0.3793581899933792 0
1010 3.408823529396834 0.3793581899933791 0
1011 3.776470588218455 0.3793581899933791 0
1012 4.144117647040392 0.3793581899933791 0
1013 4.511764705863321 0.379358189993379 0
1014 4.87941176468625 0.379358189993379 0
1015 5.247058823509176 0.379358189993379 0
1016 5.614705882332107 0.379358189993379 0
1017 5.982352941155032 0.379358189993379 0
1018 6.349999999977961 0.3793581899933791 0
1019 6.717647058800886 0.3793581899933791 0
1020 7.085294117623816 0.379358189993379 0
1021 7.452941176446743 0.379358189993379 0
1022 7.820588235269672 0.379358189993379 0
1023 8.188235294093518 0.379358189993379 0
1024 8.555882352919056 0.3793581899933791 0
1025 8.923529411744598 0.379358189993379 0
1026 9.291176470570139 0.379358189993379 0
1027 9.658823529395679 0.379358189993379 0
1028 10.02647058822122 0.379358189993379 0
1029 10.39411764704676 0.3793581899933791 0
1030 10.7617647058723 0.379358189993379 0
1031 11.12941176469784 0.379358189993379 0
1032 11.49705882352338 0.379358189993379 0
1033 11.86470588234892 0.379358189993379 0
1034 12.23235294117446 0.379358189993379 0
1035 0.4676470588220831 0.4132509414632539 0
1036 0.8352941176440734 0.4132509414632539 0
1037 1.202941176466295 0.4132509414632538 0
1038 1.570588235288565 0.4132509414632538 0
1039 1.938235294110352 0.4132509414632538 0
1040 2.305882352931971 0.4132509414632536 0
1041 2.673529411753592 0.4132509414632538 0
1042 3.041176470575213 0.4132509414632538 0
1043 3.408823529396834 0.4132509414632538 0
1044 3.776470588218455 0.4132509414632538 0
1045 4.144117647040393 0.4132509414632538 0
1046 4.511764705863321 0.4132509414632538 0
1047 4.87941176468625 0.4132509414632538 0
1048 5.247058823509176 0.4132509414632538 0
1049 5.614705882332106 0.4132509414632539 0
1050 5.982352941155031 0.4132509414632538 0
1051 6.349999999977961 0.4132509414632538 0
1052 6.717647058800888 0.4132509414632538 0
1053 7.085294117623816 0.4132509414632538 0
1054 7.452941176446743 0.4132509414632538 0
1055 7.820588235269671 0.4132509414632538 0
1056 8.188235294093518 0.4132509414632538 0
1057 8.555882352919054 0.4132509414632538 0
1058 8.923529411744598 0.4132509414632538 0
1059 9.291176470570136 0.4132509414632538 0
1060 9.658823529395679 0.4132509414632538 0
1061 10.02647058822122 0.4132509414632538 0
1062 10.39411764704676 0.4132509414632538 0
1063 10.7617647058723 0.4132509414632538 0
1064 11.12941176469784 0.4132509414632538 0
1065 11.49705882352338 0.4132509414632538 0
1066 11.86470588234892 0.4132509414632538 0
1067 12.23235294117446 0.4132509414632538 0
1068 0.4676470588220831 0.4546009586213929 0
1069 0.8352941176440736 0.4546009586213927 0
1070 1.202941176466295 0.4546009586213929 0
1071 1.570588235288565 0.4546009586213928 0
1072 1.938235294110352 0.4546009586213928 0
1073 2.305882352931972 0.4546009586213928 0
1074 2.673529411753592 0.4546009586213928 0
1075 3.041176470575212 0.4546009586213927 0
1076 3.408823529396834 0.4546009586213928 0
1077 3.776470588218454 0.4546009586213928 0
1078 4.144117647040392 0.4546009586213929 0
1079 4.511764705863321 0.4546009586213928 0
1080 4.87941176468625 0.4546009586213928 0
1081 5.247058823509175 0.4546009586213928 0
1082 5.614705882332106 0.4546009586213928 0
1083 5.982352941155032 0.4546009586213928 0
1084 6.34999999997796 0.4546009586213928 0
1085 6.717647058800889 0.4546009586213928 0
1086 7.085294117623817 0.4546009586213928 0
1087 7.452941176446743 0.4546009586213928 0
1088 7.820588235269671 0.4546009586213928 0
1089 8.188235294093518 0.4546009586213928 0
1090 8.555882352919054 0.4546009586213928 0
1091 8.923529411744598 0.4546009586213928 0
1092 9.291176470570138 0.4546009586213928 0
1093 9.658823529395679 0.4546009586213928 0
1094 10.02647058822122 0.4546009586213928 0
1095 10.39411764704676 0.4546009586213928 0
1096 10.7617647058723 0.4546009586213928 0
1097 11.12941176469784 0.4546009586213928 0
1098 11.49705882352338 0.4546009586213928 0
1099 11.86470588234892 0.4546009586213928 0
1100 12.23235294117446 0.4546009586213928 0
1101 0.4676470588220831 0.5004999999986322 0
1102 0.8352941176440734 0.500499999998632 0
1103 1.202941176466295 0.500499999998632 0
1104 1.570588235288566 0.500499999998632 0
1105 1.938235294110352 0.500499999998632 0
1106 2.305882352931972 0.5004999999986322 0
1107 2.673529411753592 0.5004999999986322 0
1108 3.041176470575213 0.500499999998632 0
1109 3.408823529396835 0.5004999999986322 0
1110 3.776470588218455 0.5004999999986322 0
1111 4.144117647040392 0.500499999998632 0
1112 4.511764705863322 0.5004999999986322 0
1113 4.879411764686251 0.5004999999986322 0
1114 5.247058823509176 0.5004999999986322 0
1115 5.614705882332107 0.5004999999986322 0
1116 5.982352941155032 0.500499999998632 0
1117 6.349999999977962 0.500499999998632 0
1118 6.717647058800889 0.500499999998632 0
1119 7.085294117623818 0.500499999998632 0
1120 7.452941176446743 0.500499999998632 0
1121 7.820588235269671 0.500499999998632 0
1122 8.18823529409352 0.5004999999986322 0
1123 8.555882352919056 0.500499999998632 0
1124 8.9235294117446 0.500499999998632 0
1125 9.291176470570134 0.5004999999986322 0
1126 9.658823529395679 0.500499999998632 0
1127 10.02647058822122 0.500499999998632 0
1128 10.39411764704676 0.5004999999986322 0
1129 10.7617647058723 0.500499999998632 0
1130 11.12941176469784 0.500499999998632 0
1131 11.49705882352338 0.500499999998632 0
1132 11.86470588234892 0.5004999999986322 0
1133 12.23235294117446 0.500499999998632 0
1134 0.4676470588220831 0.5463990413762545 0
1135 0.8352941176440735 0.5463990413762546 0
1136 1.202941176466295 0.5463990413762545 0
1137 1.570588235288565 0.5463990413762545 0
1138 1.938235294110352 0.5463990413762545 0
1139 2.305882352931972 0.5463990413762545 0
1140 2.673529411753592 0.5463990413762545 0
1141 3.041176470575212 0.5463990413762545 0
1142 3.408823529396834 0.5463990413762546 0
1143 3.776470588218455 0.5463990413762545 0
1144 4.144117647040392 0.5463990413762545 0
1145 4.511764705863322 0.5463990413762545 0
1146 4.87941176468625 0.5463990413762545 0
1147 5.247058823509176 0.5463990413762545 0
1148 5.614705882332106 0.5463990413762545 0
1149 5.982352941155032 0.5463990413762545 0
1150 6.34999999997796 0.5463990413762544 0
1151 6.717647058800888 0.5463990413762545 0
1152 7.085294117623817 0.5463990413762545 0
1153 7.452941176446743 0.5463990413762545 0
1154 7.820588235269673 0.5463990413762545 0
1155 8.188235294093518 0.5463990413762545 0
1156 8.555882352919056 0.5463990413762545 0
1157 8.9235294117446 0.5463990413762545 0
1158 9.291176470570138 0.5463990413762545 0
1159 9.658823529395679 0.5463990413762545 0
1160 10.02647058822122 0.5463990413762545 0
1161 10.39411764704676 0.5463990413762545 0
1162 10.7617647058723 0.5463990413762545 0
1163 11.12941176469784 0.5463990413762545 0
1164 11.49705882352338 0.5463990413762545 0
1165 11.86470588234892 0.5463990413762545 0
1166 12.23235294117446 0.5463990413762545 0
1167 0.4676470588220831 0.587749058534944 0
1168 0.8352941176440734 0.5877490585349437 0
1169 1.202941176466295 0.5877490585349436 0
1170 1.570588235288566 0.5877490585349437 0
1171 1.938235294110352 0.5877490585349437 0
1172 2.305882352931972 0.5877490585349439 0
1173 2.673529411753592 0.5877490585349436 0
1174 3.041176470575213 0.5877490585349437 0
1175 3.408823529396834 0.5877490585349439 0
1176 3.776470588218456 0.5877490585349439 0
1177 4.144117647040392 0.5877490585349439 0
1178 4.511764705863322 0.5877490585349437 0
1179 4.87941176468625 0.5877490585349437 0
1180 5.247058823509175 0.5877490585349437 0
1181 5.614705882332106 0.5877490585349439 0
1182 5.982352941155032 0.5877490585349437 0
1183 6.34999999997796 0.5877490585349437 0
1184 6.717647058800889 0.5877490585349437 0
1185 7.085294117623817 0.5877490585349439 0
1186 7.452941176446743 0.5877490585349439 0
1187 7.820588235269673 0.5877490585349437 0
1188 8.188235294093518 0.5877490585349437 0
1189 8.555882352919056 0.5877490585349437 0
1190 8.9235294117446 0.5877490585349439 0
1191 9.291176470570138 0.5877490585349437 0
1192 9.658823529395679 0.5877490585349437 0
1193 10.02647058822122 0.5877490585349437 0
1194 10.39411764704676 0.5877490585349437 0
1195 10.7617647058723 0.5877490585349437 0
1196 11.12941176469784 0.5877490585349439 0
1197 11.49705882352338 0.5877490585349436 0
1198 11.86470588234892 0.587749058534944 0
1199 12.23235294117446 0.5877490585349439 0
1200 0.4676470588220831 0.6216418100053724 0
1201 0.8352941176440735 0.6216418100053724 0
1202 1.202941176466295 0.6216418100053727 0
1203 1.570588235288566 0.6216418100053723 0
1204 1.938235294110352 0.6216418100053723 0
1205 2.305882352931971 0.6216418100053726 0
1206 2.673529411753592 0.6216418100053724 0
1207 3.041176470575213 0.6216418100053724 0
1208 3.408823529396834 0.6216418100053724 0
1209 3.776470588218455 0.6216418100053724 0
1210 4.144117647040392 0.6216418100053724 0
1211 4.511764705863322 0.6216418100053724 0
1212 4.87941176468625 0.6216418100053724 0
1213 5.247058823509176 0.6216418100053724 0
1214 5.614705882332107 0.6216418100053724 0
1215 5.982352941155032 0.6216418100053724 0
1216 6.34999999997796 0.6216418100053724 0
1217 6.717647058800888 0.6216418100053724 0
1218 7.085294117623816 0.6216418100053726 0
1219 7.452941176446743 0.6216418100053726 0
1220 7.820588235269673 0.6216418100053726 0
1221 8.188235294093518 0.6216418100053724 0
1222 8.555882352919056 0.6216418100053724 0
1223 8.9235294117446 0.6216418100053724 0
1224 9.291176470570138 0.6216418100053724 0
1225 9.658823529395679 0.6216418100053726 0
1226 10.02647058822122 0.6216418100053726 0
1227 10.39411764704676 0.6216418100053724 0
1228 10.7617647058723 0.6216418100053723 0
1229 11.12941176469784 0.6216418100053724 0
1230 11.49705882352338 0.6216418100053726 0
1231 11.86470588234892 0.6216418100053726 0
1232 12.23235294117446 0.6216418100053723 0
1233 0.4676470588220831 0.6473349789417898 0
1234 0.8352941176440735 0.6473349789417898 0
1235 1.202941176466295 0.6473349789417899 0
1236 1.570588235288565 0.6473349789417898 0
1237 1.938235294110352 0.6473349789417899 0
1238 2.305882352931972 0.6473349789417899 0
1239 2.673529411753592 0.64733497894179 0
1240 3.041176470575212 0.6473349789417899 0
1241 3.408823529396834 0.6473349789417899 0
1242 3.776470588218456 0.6473349789417898 0
1243 4.144117647040392 0.6473349789417899 0
1244 4.511764705863322 0.6473349789417899 0
1245 4.87941176468625 0.6473349789417899 0
1246 5.247058823509175 0.6473349789417899 0
1247 5.614705882332105 0.64733497894179 0
1248 5.982352941155032 0.64733497894179 0
1249 6.349999999977961 0.6473349789417899 0
1250 6.717647058800888 0.6473349789417899 0
1251 7.085294117623816 0.6473349789417899 0
1252 7.452941176446743 0.6473349789417899 0
1253 7.820588235269671 0.6473349789417898 0
1254 8.188235294093518 0.6473349789417898 0
1255 8.555882352919056 0.6473349789417899 0
1256 8.923529411744598 0.6473349789417899 0
1257 9.291176470570138 0.6473349789417899 0
1258 9.658823529395679 0.6473349789417899 0
1259 10.02647058822122 0.6473349789417899 0
1260 10.39411764704676 0.6473349789417899 0
1261 10.7617647058723 0.6473349789417899 0
1262 11.12941176469784 0.6473349789417899 0
1263 11.49705882352338 0.6473349789417899 0
1264 11.86470588234892 0.6473349789417899 0
1265 12.23235294117446 0.6473349789417899 0
1266 0.4676470588220831 0.6656823894956345 0
1267 0.8352941176440734 0.6656823894956345 0
1268 1.202941176466295 0.6656823894956344 0
1269 1.570588235288565 0.6656823894956345 0
1270 1.938235294110352 0.6656823894956345 0
1271 2.305882352931972 0.6656823894956345 0
1272 2.673529411753592 0.6656823894956344 0
1273 3.041176470575212 0.6656823894956344 0
1274 3.408823529396834 0.6656823894956346 0
1275 3.776470588218455 0.6656823894956347 0
1276 4.144117647040392 0.6656823894956346 0
1277 4.511764705863322 0.6656823894956346 0
1278 4.87941176468625 0.6656823894956346 0
1279 5.247058823509176 0.6656823894956346 0
1280 5.614705882332106 0.6656823894956346 0
1281 5.982352941155032 0.6656823894956346 0
1282 6.34999999997796 0.6656823894956345 0
1283 6.717647058800888 0.6656823894956346 0
1284 7.085294117623817 0.6656823894956345 0
1285 7.452941176446743 0.6656823894956346 0
1286 7.820588235269673 0.6656823894956345 0
1287 8.188235294093518 0.6656823894956345 0
1288 8.555882352919054 0.6656823894956345 0
1289 8.9235294117446 0.6656823894956345 0
1290 9.291176470570138 0.6656823894956345 0
1291 9.658823529395679 0.6656823894956345 0
1292 10.02647058822122 0.6656823894956344 0
1293 10.39411764704676 0.6656823894956345 0
1294 10.7617647058723 0.6656823894956345 0
1295 11.12941176469784 0.6656823894956345 0
1296 11.49705882352338 0.6656823894956344 0
1297 11.86470588234892 0.6656823894956345 0
1298 12.23235294117446 0.6656823894956346 0
1299 0.4676470588220831 0.6782323243010832 0
1300 0.8352941176440735 0.6782323243010832 0
1301 1.202941176466295 0.678232324301083 0
1302 1.570588235288565 0.6782323243010829 0
1303 1.938235294110352 0.678232324301083 0
1304 2.305882352931972 0.6782323243010829 0
1305 2.673529411753592 0.6782323243010828 0
1306 3.041176470575213 0.6782323243010832 0
1307 3.408823529396834 0.6782323243010832 0
1308 3.776470588218455 0.6782323243010832 0
1309 4.144117647040392 0.6782323243010829 0
1310 4.511764705863322 0.6782323243010832 0
1311 4.87941176468625 0.678232324301083 0
1312 5.247058823509176 0.6782323243010829 0
1313 5.614705882332106 0.6782323243010833 0
1314 5.982352941155033 0.6782323243010833 0
1315 6.34999999997796 0.6782323243010832 0
1316 6.717647058800889 0.6782323243010829 0
1317 7.085294117623816 0.6782323243010833 0
1318 7.452941176446743 0.6782323243010829 0
1319 7.820588235269671 0.6782323243010832 0
1320 8.188235294093518 0.6782323243010829 0
1321 8.555882352919056 0.6782323243010829 0
1322 8.9235294117446 0.6782323243010832 0
1323 9.291176470570138 0.6782323243010832 0
1324 9.658823529395679 0.6782323243010833 0
1325 10.02647058822122 0.678232324301083 0
1326 10.39411764704676 0.6782323243010832 0
1327 10.7617647058723 0.6782323243010832 0
1328 11.12941176469784 0.6782323243010832 0
1329 11.49705882352338 0.6782323243010832 0
1330 11.86470588234892 0.678232324301083 0
1331 12.23235294117446 0.6782323243010832 0
1332 0.4676470588220831 0.6865660098791754 0
1333 0.8352941176440734 0.6865660098791752 0
1334 1.202941176466295 0.6865660098791755 0
1335 1.570588235288565 0.6865660098791753 0
1336 1.938235294110352 0.6865660098791754 0
1337 2.305882352931972 0.6865660098791754 0
1338 2.673529411753592 0.6865660098791754 0
1339 3.041176470575213 0.6865660098791753 0
1340 3.408823529396834 0.6865660098791756 0
1341 3.776470588218455 0.6865660098791753 0
1342 4.144117647040392 0.6865660098791754 0
1343 4.511764705863321 0.6865660098791755 0
1344 4.87941176468625 0.6865660098791755 0
1345 5.247058823509176 0.6865660098791754 0
1346 5.614705882332105 0.6865660098791753 0
1347 5.982352941155032 0.6865660098791755 0
1348 6.349999999977961 0.6865660098791755 0
1349 6.717647058800887 0.6865660098791753 0
1350 7.085294117623816 0.6865660098791754 0
1351 7.452941176446743 0.6865660098791755 0
1352 7.820588235269671 0.6865660098791754 0
1353 8.18823529409352 0.6865660098791755 0
1354 8.555882352919054 0.6865660098791755 0
1355 8.923529411744598 0.6865660098791756 0
1356 9.291176470570138 0.6865660098791755 0
1357 9.658823529395681 0.6865660098791756 0
1358 10.02647058822122 0.6865660098791755 0
1359 10.39411764704676 0.6865660098791755 0
1360 10.7617647058723 0.6865660098791756 0
1361 11.12941176469784 0.6865660098791755 0
1362 11.49705882352338 0.6865660098791756 0
1363 11.86470588234892 0.6865660098791755 0
1364 12.23235294117446 0.6865660098791755 0
1365 0.4676470588220831 0.6919915553735326 0
1366 0.8352941176440734 0.6919915553735326 0
1367 1.202941176466295 0.6919915553735325 0
1368 1.570588235288565 0.6919915553735325 0
1369 1.938235294110352 0.6919915553735325 0
1370 2.305882352931972 0.6919915553735326 0
1371 2.673529411753592 0.6919915553735325 0
1372 3.041176470575213 0.6919915553735325 0
1373 3.408823529396834 0.6919915553735326 0
1374 3.776470588218455 0.6919915553735325 0
1375 4.144117647040392 0.6919915553735326 0
1376 4.511764705863321 0.6919915553735324 0
1377 4.87941176468625 0.6919915553735325 0
1378 5.247058823509176 0.6919915553735325 0
1379 5.614705882332106 0.6919915553735325 0
1380 5.982352941155032 0.6919915553735326 0
1381 6.34999999997796 0.6919915553735324 0
1382 6.717647058800888 0.6919915553735325 0
1383 7.085294117623816 0.6919915553735324 0
1384 7.452941176446743 0.6919915553735325 0
1385 7.820588235269671 0.6919915553735325 0
1386 8.188235294093518 0.6919915553735326 0
1387 8.555882352919056 0.6919915553735325 0
1388 8.923529411744598 0.6919915553735325 0
1389 9.291176470570138 0.6919915553735325 0
1390 9.658823529395679 0.6919915553735324 0
1391 10.02647058822122 0.6919915553735325 0
1392 10.39411764704676 0.6919915553735324 0
1393 10.7617647058723 0.6919915553735325 0
1394 11.12941176469784 0.6919915553735325 0
1395 11.49705882352338 0.6919915553735325 0
1396 11.86470588234892 0.6919915553735324 0
1397 12.23235294117446 0.6919915553735326 0
1398 0.4676470588220831 0.6954784477603297 0
1399 0.8352941176440735 0.6954784477603297 0
1400 1.202941176466295 0.6954784477603299 0
1401 1.570588235288566 0.69547844776033 0
1402 1.938235294110352 0.69547844776033 0
1403 2.305882352931972 0.6954784477603301 0
1404 2.673529411753592 0.69547844776033 0
1405 3.041176470575212 0.69547844776033 0
1406 3.408823529396834 0.69547844776033 0
1407 3.776470588218455 0.69547844776033 0
1408 4.144117647040392 0.6954784477603301 0
1409 4.511764705863321 0.69547844776033 0
1410 4.87941176468625 0.6954784477603301 0
1411 5.247058823509175 0.69547844776033 0
1412 5.614705882332106 0.69547844776033 0
1413 5.982352941155033 0.69547844776033 0
1414 6.34999999997796 0.6954784477603299 0
1415 6.717647058800888 0.6954784477603301 0
1416 7.085294117623816 0.69547844776033 0
1417 7.452941176446743 0.69547844776033 0
1418 7.820588235269672 0.69547844776033 0
1419 8.188235294093518 0.69547844776033 0
1420 8.555882352919056 0.6954784477603301 0
1421 8.923529411744598 0.69547844776033 0
1422 9.291176470570138 0.6954784477603301 0
1423 9.658823529395679 0.69547844776033 0
1424 10.02647058822122 0.69547844776033 0
1425 10.39411764704676 0.69547844776033 0
1426 10.7617647058723 0.69547844776033 0
1427 11.12941176469784 0.6954784477603299 0
1428 11.49705882352338 0.6954784477603299 0
1429 11.86470588234892 0.6954784477603301 0
1430 12.23235294117446 0.69547844776033 0
1431 0.4676470588220831 0.6977008316048701 0
1432 0.8352941176440735 0.6977008316048701 0
1433 1.202941176466295 0.6977008316048701 0
1434 1.570588235288566 0.6977008316048703 0
1435 1.938235294110352 0.69770083160487 0
1436 2.305882352931972 0.6977008316048702 0
1437 2.673529411753592 0.6977008316048701 0
1438 3.041176470575213 0.6977008316048698 0
1439 3.408823529396834 0.6977008316048702 0
1440 3.776470588218455 0.6977008316048701 0
1441 4.144117647040392 0.6977008316048701 0
1442 4.511764705863322 0.6977008316048701 0
1443 4.87941176468625 0.6977008316048701 0
1444 5.247058823509176 0.6977008316048701 0
1445 5.614705882332106 0.6977008316048702 0
1446 5.982352941155033 0.6977008316048702 0
1447 6.34999999997796 0.6977008316048702 0
1448 6.717647058800888 0.69770083160487 0
1449 7.085294117623817 0.69770083160487 0
1450 7.452941176446743 0.69770083160487 0
1451 7.820588235269671 0.69770083160487 0
1452 8.188235294093516 0.6977008316048701 0
1453 8.555882352919054 0.6977008316048701 0
1454 8.923529411744598 0.69770083160487 0
1455 9.291176470570139 0.6977008316048701 0
1456 9.658823529395679 0.6977008316048702 0
1457 10.02647058822122 0.6977008316048701 0
1458 10.39411764704676 0.6977008316048701 0
1459 10.7617647058723 0.6977008316048702 0
1460 11.12941176469784 0.6977008316048701 0
1461 11.49705882352338 0.6977008316048701 0
1462 11.86470588234892 0.6977008316048702 0
1463 12.23235294117446 0.6977008316048701 0
1464 0.4676470588220831 0.6991097712828029 0
1465 0.8352941176440735 0.6991097712828027 0
1466 1.202941176466295 0.6991097712828024 0
1467 1.570588235288565 0.6991097712828026 0
1468 1.938235294110352 0.6991097712828026 0
1469 2.305882352931972 0.6991097712828026 0
1470 2.673529411753592 0.6991097712828026 0
1471 3.041176470575212 0.6991097712828026 0
1472 3.408823529396834 0.6991097712828025 0
1473 3.776470588218456 0.6991097712828028 0
1474 4.144117647040392 0.6991097712828027 0
1475 4.511764705863321 0.6991097712828027 0
1476 4.87941176468625 0.6991097712828027 0
1477 5.247058823509176 0.6991097712828027 0
1478 5.614705882332106 0.6991097712828025 0
1479 5.982352941155032 0.6991097712828027 0
1480 6.34999999997796 0.6991097712828026 0
1481 6.717647058800889 0.6991097712828027 0
1482 7.085294117623817 0.6991097712828027 0
1483 7.452941176446743 0.6991097712828026 0
1484 7.820588235269671 0.6991097712828026 0
1485 8.188235294093518 0.6991097712828027 0
1486 8.555882352919056 0.6991097712828027 0
1487 8.923529411744598 0.6991097712828026 0
1488 9.291176470570138 0.6991097712828027 0
1489 9.658823529395681 0.6991097712828027 0
1490 10.02647058822122 0.6991097712828027 0
1491 10.39411764704676 0.6991097712828027 0
1492 10.7617647058723 0.6991097712828026 0
1493 11.12941176469784 0.6991097712828026 0
1494 11.49705882352338 0.6991097712828026 0
1495 11.86470588234892 0.6991097712828027 0
1496 12.23235294117446 0.6991097712828027 0
1497 0.4676470588220831 0.7025908115252493 0
1498 0.8352941176440735 0.7025908115252496 0
1499 1.202941176466295 0.7025908115252496 0
1500 1.570588235288566 0.7025908115252494 0
1501 1.938235294110352 0.7025908115252497 0
1502 2.305882352931972 0.7025908115252495 0
1503 2.673529411753593 0.7025908115252492 0
1504 3.041176470575212 0.7025908115252493 0
1505 3.408823529396834 0.7025908115252495 0
1506 3.776470588218455 0.7025908115252494 0
1507 4.144117647040392 0.7025908115252494 0
1508 4.511764705863321 0.7025908115252494 0
1509 4.879411764686249 0.7025908115252495 0
1510 5.247058823509176 0.7025908115252495 0
1511 5.614705882332106 0.7025908115252493 0
1512 5.982352941155032 0.7025908115252495 0
1513 6.349999999977961 0.7025908115252493 0
1514 6.717647058800887 0.7025908115252495 0
1515 7.085294117623818 0.7025908115252496 0
1516 7.452941176446743 0.7025908115252495 0
1517 7.820588235269672 0.7025908115252494 0
1518 8.188235294093515 0.7025908115252494 0
1519 8.555882352919056 0.7025908115252494 0
1520 8.923529411744598 0.7025908115252495 0
1521 9.291176470570138 0.7025908115252494 0
1522 9.658823529395681 0.7025908115252495 0
1523 10.02647058822122 0.7025908115252494 0
1524 10.39411764704676 0.7025908115252494 0
1525 10.7617647058723 0.7025908115252495 0
1526 11.12941176469784 0.7025908115252494 0
1527 11.49705882352338 0.7025908115252493 0
1528 11.86470588234892 0.7025908115252494 0
1529 12.23235294117446 0.7025908115252495 0
1530 0.4676470588220831 0.7047384064472769 0
1531 0.8352941176440734 0.7047384064472769 0
1532 1.202941176466295 0.704738406447277 0
1533 1.570588235288565 0.7047384064472771 0
1534 1.938235294110352 0.7047384064472767 0
1535 2.305882352931972 0.7047384064472769 0
1536 2.673529411753592 0.7047384064472771 0
1537 3.041176470575213 0.7047384064472768 0
1538 3.408823529396834 0.7047384064472768 0
1539 3.776470588218457 0.7047384064472769 0
1540 4.144117647040392 0.7047384064472769 0
1541 4.511764705863322 0.7047384064472771 0
1542 4.87941176468625 0.7047384064472768 0
1543 5.247058823509176 0.7047384064472766 0
1544 5.614705882332106 0.7047384064472773 0
1545 5.982352941155032 0.704738406447277 0
1546 6.34999999997796 0.7047384064472767 0
1547 6.717647058800887 0.7047384064472768 0
1548 7.085294117623816 0.7047384064472768 0
1549 7.452941176446743 0.7047384064472768 0
1550 7.820588235269671 0.7047384064472768 0
1551 8.188235294093516 0.7047384064472768 0
1552 8.555882352919054 0.7047384064472769 0
1553 8.923529411744598 0.7047384064472769 0
1554 9.291176470570138 0.7047384064472768 0
1555 9.658823529395677 0.7047384064472769 0
1556 10.02647058822122 0.7047384064472769 0
1557 10.39411764704676 0.7047384064472769 0
1558 10.7617647058723 0.7047384064472769 0
1559 11.12941176469784 0.7047384064472767 0
1560 11.49705882352338 0.7047384064472769 0
1561 11.86470588234892 0.7047384064472769 0
1562 12.23235294117446 0.7047384064472769 0
1563 0.4676470588220831 0.7076376592644994 0
1564 0.8352941176440732 0.7076376592644994 0
1565 1.202941176466295 0.7076376592644996 0
1566 1.570588235288565 0.7076376592644995 0
1567 1.938235294110352 0.7076376592644993 0
1568 2.305882352931972 0.7076376592644995 0
1569 2.673529411753592 0.7076376592644993 0
1570 3.041176470575212 0.7076376592644991 0
1571 3.408823529396834 0.7076376592644996 0
1572 3.776470588218455 0.7076376592644995 0
1573 4.144117647040392 0.7076376592644993 0
1574 4.511764705863321 0.7076376592644994 0
1575 4.87941176468625 0.7076376592644995 0
1576 5.247058823509176 0.7076376592644995 0
1577 5.614705882332106 0.7076376592644993 0
1578 5.982352941155032 0.7076376592644995 0
1579 6.349999999977961 0.7076376592644996 0
1580 6.717647058800888 0.7076376592644993 0
1581 7.085294117623815 0.7076376592644994 0
1582 7.452941176446743 0.7076376592644993 0
1583 7.820588235269673 0.7076376592644994 0
1584 8.188235294093518 0.7076376592644993 0
1585 8.555882352919056 0.7076376592644994 0
1586 8.923529411744598 0.7076376592644994 0
1587 9.291176470570138 0.7076376592644994 0
1588 9.658823529395679 0.7076376592644995 0
1589 10.02647058822122 0.7076376592644994 0
1590 10.39411764704676 0.7076376592644994 0
1591 10.7617647058723 0.7076376592644994 0
1592 11.12941176469784 0.7076376592644994 0
1593 11.49705882352338 0.7076376592644994 0
1594 11.86470588234892 0.7076376592644994 0
1595 12.23235294117446 0.7076376592644994 0
1596 0.4676470588220831 0.71155165089538 0
1597 0.8352941176440736 0.7115516508953796 0
1598 1.202941176466294 0.71155165089538 0
1599 1.570588235288566 0.71155165089538 0
1600 1.938235294110352 0.7115516508953795 0
1601 2.305882352931972 0.7115516508953801 0
1602 2.673529411753592 0.7115516508953799 0
1603 3.041176470575213 0.7115516508953799 0
1604 3.408823529396835 0.7115516508953801 0
1605 3.776470588218455 0.7115516508953799 0
1606 4.144117647040392 0.7115516508953799 0
1607 4.511764705863322 0.7115516508953799 0
1608 4.87941176468625 0.7115516508953799 0
1609 5.247058823509176 0.71155165089538 0
1610 5.614705882332106 0.7115516508953801 0
1611 5.982352941155032 0.7115516508953799 0
1612 6.349999999977961 0.7115516508953801 0
1613 6.717647058800886 0.7115516508953799 0
1614 7.085294117623817 0.71155165089538 0
1615 7.452941176446743 0.7115516508953799 0
1616 7.820588235269672 0.7115516508953799 0
1617 8.188235294093518 0.7115516508953799 0
1618 8.555882352919056 0.7115516508953799 0
1619 8.9235294117446 0.7115516508953799 0
1620 9.291176470570138 0.7115516508953799 0
1621 9.658823529395679 0.7115516508953799 0
1622 10.02647058822122 0.7115516508953799 0
1623 10.39411764704676 0.7115516508953799 0
1624 10.7617647058723 0.7115516508953799 0
1625 11.12941176469784 0.71155165089538 0
1626 11.49705882352338 0.7115516508953799 0
1627 11.86470588234892 0.7115516508953799 0
1628 12.23235294117446 0.71155165089538 0
1629 0.4676470588220831 0.7168355400542991 0
1630 0.8352941176440734 0.7168355400542988 0
1631 1.202941176466295 0.7168355400542991 0
1632 1.570588235288565 0.7168355400542991 0
1633 1.938235294110352 0.7168355400542993 0
1634 2.305882352931972 0.7168355400542991 0
1635 2.673529411753592 0.7168355400542991 0
1636 3.041176470575212 0.7168355400542989 0
1637 3.408823529396834 0.7168355400542989 0
1638 3.776470588218455 0.7168355400542991 0
1639 4.144117647040392 0.7168355400542992 0
1640 4.511764705863322 0.7168355400542993 0
1641 4.87941176468625 0.7168355400542991 0
1642 5.247058823509176 0.7168355400542991 0
1643 5.614705882332106 0.7168355400542992 0
1644 5.982352941155032 0.7168355400542991 0
1645 6.349999999977961 0.7168355400542993 0
1646 6.717647058800888 0.7168355400542993 0
1647 7.085294117623818 0.7168355400542992 0
1648 7.452941176446743 0.7168355400542991 0
1649 7.820588235269672 0.7168355400542991 0
1650 8.188235294093518 0.7168355400542989 0
1651 8.555882352919054 0.7168355400542992 0
1652 8.9235294117446 0.7168355400542991 0
1653 9.291176470570138 0.7168355400542991 0
1654 9.658823529395679 0.7168355400542993 0
1655 10.02647058822122 0.7168355400542991 0
1656 10.39411764704676 0.7168355400542991 0
1657 10.7617647058723 0.7168355400542993 0
1658 11.12941176469784 0.7168355400542991 0
1659 11.49705882352338 0.7168355400542991 0
1660 11.86470588234892 0.7168355400542993 0
1661 12.23235294117446 0.7168355400542991 0
1662 0.4676470588220831 0.7239687904006799 0
1663 0.8352941176440735 0.7239687904006801 0
1664 1.202941176466294 0.72396879040068 0
1665 1.570588235288566 0.72396879040068 0
1666 1.938235294110352 0.7239687904006799 0
1667 2.305882352931972 0.7239687904006802 0
1668 2.673529411753593 0.7239687904006801 0
1669 3.041176470575213 0.7239687904006803 0
1670 3.408823529396834 0.7239687904006801 0
1671 3.776470588218455 0.72396879040068 0
1672 4.144117647040392 0.7239687904006801 0
1673 4.511764705863321 0.72396879040068 0
1674 4.879411764686248 0.72396879040068 0
1675 5.247058823509176 0.72396879040068 0
1676 5.614705882332107 0.72396879040068 0
1677 5.982352941155032 0.72396879040068 0
1678 6.349999999977961 0.7239687904006802 0
1679 6.717647058800888 0.72396879040068 0
1680 7.085294117623817 0.72396879040068 0
1681 7.452941176446743 0.72396879040068 0
1682 7.820588235269673 0.72396879040068 0
1683 8.188235294093518 0.72396879040068 0
1684 8.555882352919056 0.72396879040068 0
1685 8.9235294117446 0.72396879040068 0
1686 9.291176470570134 0.72396879040068 0
1687 9.658823529395681 0.7239687904006801 0
1688 10.02647058822122 0.7239687904006801 0
1689 10.39411764704676 0.72396879040068 0
1690 10.7617647058723 0.7239687904006801 0
1691 11.12941176469784 0.72396879040068 0
1692 11.49705882352338 0.7239687904006801 0
1693 11.86470588234892 0.7239687904006801 0
1694 12.23235294117446 0.7239687904006801 0
1695 0.4676470588220831 0.7335986782293269 0
1696 0.8352941176440731 0.7335986782293267 0
1697 1.202941176466295 0.7335986782293266 0
1698 1.570588235288565 0.7335986782293267 0
1699 1.938235294110352 0.7335986782293269 0
1700 2.305882352931972 0.7335986782293268 0
1701 2.673529411753592 0.7335986782293267 0
1702 3.041176470575213 0.7335986782293269 0
1703 3.408823529396834 0.7335986782293269 0
1704 3.776470588218456 0.7335986782293269 0
1705 4.144117647040392 0.7335986782293267 0
1706 4.511764705863322 0.7335986782293266 0
1707 4.87941176468625 0.7335986782293269 0
1708 5.247058823509176 0.7335986782293267 0
1709 5.614705882332107 0.7335986782293269 0
1710 5.982352941155032 0.7335986782293269 0
1711 6.349999999977961 0.7335986782293267 0
1712 6.717647058800888 0.7335986782293269 0
1713 7.085294117623817 0.7335986782293268 0
1714 7.452941176446743 0.7335986782293268 0
1715 7.820588235269672 0.7335986782293267 0
1716 8.188235294093518 0.7335986782293268 0
1717 8.555882352919056 0.7335986782293268 0
1718 8.923529411744598 0.7335986782293269 0
1719 9.291176470570138 0.7335986782293268 0
1720 9.658823529395679 0.7335986782293268 0
1721 10.02647058822122 0.7335986782293269 0
1722 10.39411764704676 0.7335986782293267 0
1723 10.7617647058723 0.7335986782293269 0
1724 11.12941176469784 0.7335986782293268 0
1725 11.49705882352338 0.7335986782293269 0
1726 11.86470588234892 0.7335986782293268 0
1727 12.23235294117446 0.7335986782293268 0
1728 0.4676470588220831 0.7465990268127993 0
1729 0.8352941176440734 0.7465990268127997 0
1730 1.202941176466295 0.7465990268127995 0
1731 1.570588235288565 0.7465990268127995 0
1732 1.938235294110352 0.7465990268127993 0
1733 2.305882352931972 0.7465990268127997 0
1734 2.673529411753592 0.7465990268127998 0
1735 3.041176470575213 0.7465990268127994 0
1736 3.408823529396834 0.7465990268127995 0
1737 3.776470588218456 0.7465990268127997 0
1738 4.144117647040392 0.7465990268127995 0
1739 4.511764705863321 0.7465990268127997 0
1740 4.87941176468625 0.7465990268127995 0
1741 5.247058823509176 0.7465990268127993 0
1742 5.614705882332106 0.7465990268127995 0
1743 5.982352941155032 0.7465990268127995 0
1744 6.349999999977961 0.7465990268127995 0
1745 6.717647058800889 0.7465990268127995 0
1746 7.085294117623815 0.7465990268127995 0
1747 7.452941176446743 0.7465990268127995 0
1748 7.820588235269673 0.7465990268127995 0
1749 8.188235294093518 0.7465990268127995 0
1750 8.555882352919056 0.7465990268127995 0
1751 8.923529411744598 0.7465990268127995 0
1752 9.291176470570138 0.7465990268127995 0
1753 9.658823529395679 0.7465990268127995 0
1754 10.02647058822122 0.7465990268127995 0
1755 10.39411764704676 0.7465990268127995 0
1756 10.7617647058723 0.7465990268127995 0
1757 11.12941176469784 0.7465990268127995 0
1758 11.49705882352338 0.7465990268127995 0
1759 11.86470588234892 0.7465990268127995 0
1760 12.23235294117446 0.7465990268127995 0
1761 0.4676470588220831 0.7641494974967268 0
1762 0.8352941176440732 0.7641494974967267 0
1763 1.202941176466295 0.7641494974967268 0
1764 1.570588235288565 0.7641494974967266 0
1765 1.938235294110352 0.7641494974967266 0
1766 2.305882352931972 0.7641494974967266 0
1767 2.673529411753592 0.7641494974967264 0
1768 3.041176470575212 0.7641494974967266 0
1769 3.408823529396834 0.7641494974967264 0
1770 3.776470588218455 0.7641494974967267 0
1771 4.144117647040392 0.7641494974967264 0
1772 4.511764705863322 0.7641494974967266 0
1773 4.879411764686251 0.7641494974967268 0
1774 5.247058823509176 0.7641494974967264 0
1775 5.614705882332104 0.7641494974967266 0
1776 5.982352941155032 0.7641494974967268 0
1777 6.349999999977961 0.7641494974967264 0
1778 6.717647058800886 0.7641494974967266 0
1779 7.085294117623815 0.7641494974967268 0
1780 7.452941176446743 0.7641494974967263 0
1781 7.820588235269672 0.7641494974967266 0
1782 8.188235294093518 0.7641494974967266 0
1783 8.555882352919056 0.7641494974967267 0
1784 8.9235294117446 0.7641494974967266 0
1785 9.291176470570138 0.7641494974967264 0
1786 9.658823529395679 0.7641494974967267 0
1787 10.02647058822122 0.7641494974967267 0
1788 10.39411764704676 0.7641494974967266 0
1789 10.7617647058723 0.7641494974967267 0
1790 11.12941176469784 0.7641494974967267 0
1791 11.49705882352338 0.7641494974967266 0
1792 11.86470588234892 0.7641494974967267 0
1793 12.23235294117446 0.7641494974967266 0
1794 0.4676470588220831 0.7878426328758618 0
1795 0.8352941176440736 0.7878426328758619 0
1796 1.202941176466295 0.7878426328758619 0
1797 1.570588235288565 0.787842632875862 0
1798 1.938235294110352 0.787842632875862 0
1799 2.305882352931972 0.7878426328758619 0
1800 2.673529411753592 0.7878426328758619 0
1801 3.041176470575212 0.787842632875862 0
1802 3.408823529396834 0.7878426328758621 0
1803 3.776470588218456 0.7878426328758618 0
1804 4.144117647040392 0.787842632875862 0
1805 4.511764705863321 0.787842632875862 0
1806 4.87941176468625 0.7878426328758619 0
1807 5.247058823509176 0.7878426328758618 0
1808 5.614705882332106 0.787842632875862 0
1809 5.982352941155033 0.7878426328758619 0
1810 6.349999999977961 0.787842632875862 0
1811 6.717647058800887 0.787842632875862 0
1812 7.085294117623817 0.7878426328758619 0
1813 7.452941176446743 0.7878426328758619 0
1814 7.820588235269671 0.7878426328758616 0
1815 8.188235294093518 0.787842632875862 0
1816 8.555882352919056 0.7878426328758619 0
1817 8.923529411744598 0.7878426328758616 0
1818 9.291176470570141 0.787842632875862 0
1819 9.658823529395679 0.7878426328758619 0
1820 10.02647058822122 0.787842632875862 0
1821 10.39411764704676 0.7878426328758619 0
1822 10.7617647058723 0.7878426328758619 0
1823 11.12941176469784 0.7878426328758619 0
1824 11.49705882352338 0.7878426328758619 0
1825 11.86470588234892 0.787842632875862 0
1826 12.23235294117447 0.787842632875862 0
1827 0.4676470588220831 0.8198283656045429 0
1828 0.8352941176440736 0.8198283656045431 0
1829 1.202941176466295 0.819828365604543 0
1830 1.570588235288565 0.8198283656045431 0
1831 1.938235294110352 0.8198283656045428 0
1832 2.305882352931972 0.8198283656045429 0
1833 2.673529411753592 0.8198283656045428 0
1834 3.041176470575213 0.8198283656045431 0
1835 3.408823529396834 0.8198283656045429 0
1836 3.776470588218455 0.819828365604543 0
1837 4.144117647040392 0.819828365604543 0
1838 4.511764705863322 0.8198283656045428 0
1839 4.87941176468625 0.8198283656045429 0
1840 5.247058823509176 0.8198283656045431 0
1841 5.614705882332106 0.8198283656045429 0
1842 5.982352941155032 0.8198283656045429 0
1843 6.349999999977961 0.819828365604543 0
1844 6.717647058800889 0.8198283656045428 0
1845 7.085294117623818 0.8198283656045429 0
1846 7.452941176446744 0.819828365604543 0
1847 7.820588235269672 0.8198283656045429 0
1848 8.188235294093518 0.8198283656045429 0
1849 8.555882352919056 0.8198283656045428 0
1850 8.9235294117446 0.8198283656045429 0
1851 9.291176470570136 0.8198283656045429 0
1852 9.658823529395679 0.8198283656045429 0
1853 10.02647058822122 0.8198283656045429 0
1854 10.39411764704676 0.8198283656045429 0
1855 10.7617647058723 0.8198283656045429 0
1856 11.12941176469784 0.8198283656045428 0
1857 11.49705882352338 0.8198283656045429 0
1858 11.86470588234892 0.8198283656045429 0
1859 12.23235294117446 0.8198283656045428 0
1860 0.4676470588220831 0.8630091048083771 0
1861 0.8352941176440734 0.863009104808377 0
1862 1.202941176466295 0.8630091048083772 0
1863 1.570588235288565 0.8630091048083771 0
1864 1.938235294110352 0.8630091048083772 0
1865 2.305882352931972 0.8630091048083772 0
1866 2.673529411753592 0.863009104808377 0
1867 3.041176470575213 0.8630091048083773 0
1868 3.408823529396834 0.8630091048083772 0
1869 3.776470588218456 0.8630091048083771 0
1870 4.144117647040392 0.8630091048083772 0
1871 4.511764705863322 0.863009104808377 0
1872 4.87941176468625 0.8630091048083772 0
1873 5.247058823509176 0.8630091048083772 0
1874 5.614705882332106 0.8630091048083772 0
1875 5.982352941155032 0.863009104808377 0
1876 6.34999999997796 0.8630091048083771 0
1877 6.717647058800888 0.8630091048083772 0
1878 7.085294117623817 0.8630091048083772 0
1879 7.452941176446743 0.863009104808377 0
1880 7.820588235269672 0.8630091048083773 0
1881 8.18823529409352 0.8630091048083771 0
1882 8.555882352919056 0.8630091048083771 0
1883 8.9235294117446 0.8630091048083773 0
1884 9.291176470570138 0.863009104808377 0
1885 9.658823529395679 0.8630091048083768 0
1886 10.02647058822122 0.8630091048083771 0
1887 10.39411764704676 0.8630091048083772 0
1888 10.7617647058723 0.8630091048083772 0
1889 11.12941176469784 0.8630091048083772 0
1890 11.49705882352338 0.8630091048083772 0
1891 11.86470588234892 0.8630091048083772 0
1892 12.23235294117446 0.8630091048083772 0
1893 0.4676470588220831 0.9213031024173887 0
1894 0.8352941176440737 0.9213031024173886 0
1895 1.202941176466295 0.9213031024173882 0
1896 1.570588235288565 0.9213031024173888 0
1897 1.938235294110352 0.9213031024173886 0
1898 2.305882352931972 0.9213031024173886 0
1899 2.673529411753592 0.9213031024173886 0
1900 3.041176470575213 0.9213031024173886 0
1901 3.408823529396834 0.9213031024173886 0
1902 3.776470588218455 0.9213031024173883 0
1903 4.144117647040392 0.9213031024173886 0
1904 4.511764705863322 0.9213031024173888 0
1905 4.87941176468625 0.9213031024173886 0
1906 5.247058823509176 0.9213031024173886 0
1907 5.614705882332105 0.9213031024173886 0
1908 5.982352941155033 0.9213031024173887 0
1909 6.34999999997796 0.9213031024173887 0
1910 6.717647058800889 0.9213031024173886 0
1911 7.085294117623817 0.9213031024173886 0
1912 7.452941176446743 0.9213031024173886 0
1913 7.820588235269673 0.9213031024173886 0
1914 8.18823529409352 0.9213031024173886 0
1915 8.555882352919056 0.9213031024173886 0
1916 8.923529411744598 0.9213031024173886 0
1917 9.291176470570136 0.9213031024173884 0
1918 9.658823529395679 0.9213031024173886 0
1919 10.02647058822122 0.9213031024173886 0
1920 10.39411764704676 0.9213031024173887 0
1921 10.7617647058723 0.9213031024173886 0
1922 11.12941176469784 0.9213031024173886 0
1923 11.49705882352338 0.9213031024173886 0
1924 11.86470588234892 0.9213031024173886 0
1925 12.23235294117446 0.9213031024173886 0
$EndNodes
$Elements
1836
1 3 2 201 1 1 13 309 59
2 3 2 201 1 13 14 310 309
3 3 2 201 1 14 15 311 310
4 3 2 201 1 15 16 312 311
5 3 2 201 1 16 17 313 312
6 3 2 201 1 17 18 314 313
7 3 2 201 1 18 19 315 314
8 3 2 201 1 19 20 316 315
9 3 2 201 1 20 21 317 316
10 3 2 201 1 21 22 318 317
11 3 2 201 1 22 23 319 318
12 3 2 201 1 23 24 320 319
13 3 2 201 1 24 25 321 320
14 3 2 201 1 25 26 322 321
15 3 2 201 1 26 27 323 322
16 3 2 201 1 27 28 324 323
17 3 2 201 1 28 29 325 324
18 3 2 201 1 29 30 326 325
19 3 2 201 1 30 31 327 326
20 3 2 201 1 31 32 328 327
21 3 2 201 1 32 33 329 328
22 3 2 201 1 33 34 330 329
23 3 2 201 1 34 35 331 330
24 3 2 201 1 35 36 332 331
25 3 2 201 1 36 37 333 332
26 3 2 201 1 37 38 334 333
27 3 2 201 1 38 39 335 334
28 3 2 201 1 39 40 336 335
29 3 2 201 1 40 41 337 336
30 3 2 201 1 41 42 338 337
31 3 2 201 1 42 43 339 338
32 3 2 201 1 43 44 340 339
33 3 2 201 1 44 45 341 340
34 3 2 201 1 45 2 46 341
35 3 2 201 1 59 309 342 60
36 3 2 201 1 309 310 343 342
37 3 2 201 1 310 311 344 343
38 3 2 201 1 311 312 345 344
39 3 2 201 1 312 313 346 345
40 3 2 201 1 313 314 347 346
41 3 2 201 1 314 315 348 347
42 3 2 201 1 315 316 349 348
43 3 2 201 1 316 317 350 349
44 3 2 201 1 317 318 351 350
45 3 2 201 1 318 319 352 351
46 3 2 201 1 319 320 353 352
47 3 2 201 1 320 321 354 353
48 3 2 201 1 321 322 355 354
49 3 2 201 1 322 323 356 355
50 3 2 201 1 323 324 357 356
51 3 2 201 1 324 325 358 357
52 3 2 201 1 325 326 359 358
53 3 2 201 1 326 327 360 359
54 3 2 201 1 327 328 361 360
55 3 2 201 1 328 329 362 361
56 3 2 201 1 329 330 363 362
57 3 2 201 1 330 331 364 363
58 3 2 201 1 331 332 365 364
59 3 2 201 1 332 333 366 365
60 3 2 201 1 333 334 367 366
61 3 2 201 1 334 335 368 367
62 3 2 201 1 335 336 369 368
63 3 2 201 1 336 337 370 369
64 3 2 201 1 337 338 371 370
65 3 2 201 1 338 339 372 371
66 3 2 201 1 339 340 373 372
67 3 2 201 1 340 341 374 373
68 3 2 201 1 341 46 47 374
69 3 2 201 1 60 342 375 61
70 3 2 201 1 342 343 376 375
71 3 2 201 1 343 344 377 376
72 3 2 201 1 344 345 378 377
73 3 2 201 1 345 346 379 378
74 3 2 201 1 346 347 380 379
75 3 2 201 1 347 348 381 380
76 3 2 201 1 348 349 382 381
77 3 2 201 1 349 350 383 382
78 3 2 201 1 350 351 384 383
79 3 2 201 1 351 352 385 384
80 3 2 201 1 352 353 386 385
81 3 2 201 1 353 354 387 386
82 3 2 201 1 354 355 388 387
83 3 2 201 1 355 356 389 388
84 3 2 201 1 356 357 390 389
85 3 2 201 1 357 358 391 390
86 3 2 201 1 358 359 392 391
87 3 2 201 1 359 360 393 392
88 3 2 201 1 360 361 394 393
89 3 2 201 1 361 362 395 394
90 3 2 201 1 362 363 396 395
91 3 2 201 1 363 364 397 396
92 3 2 201 1 364 365 398 397
93 3 2 201 1 365 366 399 398
94 3 2 201 1 366 367 400 399
95 3 2 201 1 367 368 401 400
96 3 2 201 1 368 369 402 401
97 3 2 201 1 369 370 403 402
98 3 2 201 1 370 371 404 403
99 3 2 201 1 371 372 405 404
100 3 2 201 1 372 373 406 405
101 3 2 201 1 373 374 407 406
102 3 2 201 1 374 47 48 407
103 3 2 201 1 61 375 408 62
104 3 2 201 1 375 376 409 408
105 3 2 201 1 376 377 410 409
106 3 2 201 1 377 378 411 410
107 3 2 201 1 378 379 412 411
108 3 2 201 1 379 380 413 412
109 3 2 201 1 380 381 414 413
110 3 2 201 1 381 382 415 414
111 3 2 201 1 382 383 416 415
112 3 2 201 1 383 384 417 416
113 3 2 201 1 384 385 418 417
114 3 2 201 1 385 386 419 418
115 3 2 201 1 386 387 420 419
116 3 2 201 1 387 388 421 420
117 3 2 201 1 388 389 422 421
118 3 2 201 1 389 390 423 422
119 3 2 201 1 390 391 424 423
120 3 2 201 1 391 392 425 424
121 3 2 201 1 392 393 426 425
122 3 2 201 1 393 394 427 426
123 3 2 201 1 394 395 428 427
124 3 2 201 1 395 396 429 428
125 3 2 201 1 396 397 430 429
126 3 2 201 1 397 398 431 430
127 3 2 201 1 398 399 432 431
128 3 2 201 1 399 400 433 432
129 3 2 201 1 400 401 434 433
130 3 2 201 1 401 402 435 434
131 3 2 201 1 402 403 436 435
132 3 2 201 1 403 404 437 436
133 3 2 201 1 404 405 438 437
134 3 2 201 1 405 406 439 438
135 3 2 201 1 406 407 440 439
136 3 2 201 1 407 48 49 440
137 3 2 201 1 62 408 441 63
138 3 2 201 1 408 409 442 441
139 3 2 201 1 409 410 443 442
140 3 2 201 1 410 411 444 443
141 3 2 201 1 411 412 445 444
142 3 2 201 1 412 413 446 445
143 3 2 201 1 413 414 447 446
144 3 2 201 1 414 415 448 447
145 3 2 201 1 415 416 449 448
146 3 2 201 1 416 417 450 449
147 3 2 201 1 417 418 451 450
148 3 2 201 1 418 419 452 451
149 3 2 201 1 419 420 453 452
150 3 2 201 1 420 421 454 453
151 3 2 201 1 421 422 455 454
152 3 2 201 1 422 423 456 455
153 3 2 201 1 423 424 457 456
154 3 2 201 1 424 425 458 457
155 3 2 201 1 425 426 459 458
156 3 2 201 1 426 427 460 459
157 3 2 201 1 427 428 461 460
158 3 2 201 1 428 429 462 461
159 3 2 201 1 429 430 463 462
160 3 2 201 1 430 431 464 463
161 3 2 201 1 431 432 465 464
162 3 2 201 1 432 433 466 465
163 3 2 201 1 433 434 467 466
164 3 2 201 1 434 435 468 467
165 3 2 201 1 435 436 469 468
166 3 2 201 1 436 437 470 469
167 3 2 201 1 437 438 471 470
168 3 2 201 1 438 439 472 471
169 3 2 201 1 439 440 473 472
170 3 2 201 1 440 49 50 473
171 3 2 201 1 63 441 474 64
172 3 2 201 1 441 442 475 474
173 3 2 201 1 442 443 476 475
174 3 2 201 1 443 444 477 476
175 3 2 201 1 444 445 478 477
176 3 2 201 1 445 446 479 478
177 3 2 201 1 446 447 480 479
178 3 2 201 1 447 448 481 480
179 3 2 201 1 448 449 482 481
180 3 2 201 1 449 450 483 482
181 3 2 201 1 450 451 484 483
182 3 2 201 1 451 452 485 484
183 3 2 201 1 452 453 486 485
184 3 2 201 1 453 454 487 486
185 3 2 201 1 454 455 488 487
186 3 2 201 1 455 456 489 488
187 3 2 201 1 456 457 490 489
188 3 2 201 1 457 458 491 490
189 3 2 201 1 458 459 492 491
190 3 2 201 1 459 460 493 492
191 3 2 201 1 460 461 494 493
192 3 2 201 1 461 462 495 494
193 3 2 201 1 462 463 496 495
194 3 2 201 1 463 464 497 496
195 3 2 201 1 464 465 498 497
196 3 2 201 1 465 466 499 498
197 3 2 201 1 466 467 500 499
198 3 2 201 1 467 468 501 500
199 3 2 201 1 468 469 502 501
200 3 2 201 1 469 470 503 502
201 3 2 201 1 470 471 504 503
202 3 2 201 1 471 472 505 504
203 3 2 201 1 472 473 506 505
204 3 2 201 1 473 50 51 506
205 3 2 201 1 64 474 507 65
206 3 2 201 1 474 475 508 507
207 3 2 201 1 475 476 509 508
208 3 2 201 1 476 477 510 509
209 3 2 201 1 477 478 511 510
210 3 2 201 1 478 479 512 511
211 3 2 201 1 479 480 513 512
212 3 2 201 1 480 481 514 513
213 3 2 201 1 481 482 515 514
214 3 2 201 1 482 483 516 515
215 3 2 201 1 483 484 517 516
216 3 2 201 1 484 485 518 517
217 3 2 201 1 485 486 519 518
218 3 2 201 1 486 487 520 519
219 3 2 201 1 487 488 521 520
220 3 2 201 1 488 489 522 521
221 3 2 201 1 489 490 523 522
222 3 2 201 1 490 491 524 523
223 3 2 201 1 491 492 525 524
224 3 2 201 1 492 493 526 525
225 3 2 201 1 493 494 527 526
226 3 2 201 1 494 495 528 527
227 3 2 201 1 495 496 529 528
228 3 2 201 1 496 497 530 529
229 3 2 201 1 497 498 531 530
230 3 2 201 1 498 499 532 531
231 3 2 201 1 499 500 533 532
232 3 2 201 1 500 501 534 533
233 3 2 201 1 501 502 535 534
234 3 2 201 1 502 503 536 535
235 3 2 201 1 503 504 537 536
236 3 2 201 1 504 505 538 537
237 3 2 201 1 505 506 539 538
238 3 2 201 1 506 51 52 539
239 3 2 201 1 65 507 540 66
240 3 2 201 1 507 508 541 540
241 3 2 201 1 508 509 542 541
242 3 2 201 1 509 510 543 542
243 3 2 201 1 510 511 544 543
244 3 2 201 1 511 512 545 544
245 3 2 201 1 512 513 546 545
246 3 2 201 1 513 514 547 546
247 3 2 201 1 514 515 548 547
248 3 2 201 1 515 516 549 548
249 3 2 201 1 516 517 550 549
250 3 2 201 1 517 518 551 550
251 3 2 201 1 518 519 552 551
252 3 2 201 1 519 520 553 552
253 3 2 201 1 520 521 554 553
254 3 2 201 1 521 522 555 554
255 3 2 201 1 522 523 556 555
256 3 2 201 1 523 524 557 556
257 3 2 201 1 524 525 558 557
258 3 2 201 1 525 526 559 558
259 3 2 201 1 526 527 560 559
260 3 2 201 1 527 528 561 560
261 3 2 201 1 528 529 562 561
262 3 2 201 1 529 530 563 562
263 3 2 201 1 530 531 564 563
264 3 2 201 1 531 532 565 564
265 3 2 201 1 532 533 566 565
266 3 2 201 1 533 534 567 566
267 3 2 201 1 534 535 568 567
268 3 2 201 1 535 536 569 568
269 3 2 201 1 536 537 570 569
270 3 2 201 1 537 538 571 570
271 3 2 201 1 538 539 572 571
272 3 2 201 1 539 52 53 572
273 3 2 201 1 66 540 573 67
274 3 2 201 1 540 541 574 573
275 3 2 201 1 541 542 575 574
276 3 2 201 1 542 543 576 575
277 3 2 201 1 543 544 577 576
278 3 2 201 1 544 545 578 577
279 3 2 201 1 545 546 579 578
280 3 2 201 1 546 547 580 579
281 3 2 201 1 547 548 581 580
282 3 2 201 1 548 549 582 581
283 3 2 201 1 549 550 583 582
284 3 2 201 1 550 551 584 583
285 3 2 201 1 551 552 585 584
286 3 2 201 1 552 553 586 585
287 3 2 201 1 553 554 587 586
288 3 2 201 1 554 555 588 587
289 3 2 201 1 555 556 589 588
290 3 2 201 1 556 557 590 589
291 3 2 201 1 557 558 591 590
292 3 2 201 1 558 559 592 591
293 3 2 201 1 559 560 593 592
294 3 2 201 1 560 561 594 593
295 3 2 201 1 561 562 595 594
296 3 2 201 1 562 563 596 595
297 3 2 201 1 563 564 597 596
298 3 2 201 1 564 565 598 597
299 3 2 201 1 565 566 599 598
300 3 2 201 1 566 567 600 599
301 3 2 201 1 567 568 601 600
302 3 2 201 1 568 569 602 601
303 3 2 201 1 569 570 603 602
304 3 2 201 1 570 571 604 603
305 3 2 201 1 571 572 605 604
306 3 2 201 1 572 53 54 605
307 3 2 201 1 67 573 606 68
308 3 2 201 1 573 574 607 606
309 3 2 201 1 574 575 608 607
310 3 2 201 1 575 576 609 608
311 3 2 201 1 576 577 610 609
312 3 2 201 1 577 578 611 610
313 3 2 201 1 578 579 612 611
314 3 2 201 1 579 580 613 612
315 3 2 201 1 580 581 614 613
316 3 2 201 1 581 582 615 614
317 3 2 201 1 582 583 616 615
318 3 2 201 1 583 584 617 616
319 3 2 201 1 584 585 618 617
320 3 2 201 1 585 586 619 618
321 3 2 201 1 586 587 620 619
322 3 2 201 1 587 588 621 620
323 3 2 201 1 588 589 622 621
324 3 2 201 1 589 590 623 622
325 3 2 201 1 590 591 624 623
326 3 2 201 1 591 592 625 624
327 3 2 201 1 592 593 626 625
328 3 2 201 1 593 594 627 626
329 3 2 201 1 594 595 628 627
330 3 2 201 1 595 596 629 628
331 3 2 201 1 596 597 630 629
332 3 2 201 1 597 598 631 630
333 3 2 201 1 598 599 632 631
334 3 2 201 1 599 600 633 632
335 3 2 201 1 600 601 634 633
336 3 2 201 1 601 602 635 634
337 3 2 201 1 602 603 636 635
338 3 2 201 1 603 604 637 636
339 3 2 201 1 604 605 638 637
340 3 2 201 1 605 54 55 638
341 3 2 201 1 68 606 639 69
342 3 2 201 1 606 607 640 639
343 3 2 201 1 607 608 641 640
344 3 2 201 1 608 609 642 641
345 3 2 201 1 609 610 643 642
346 3 2 201 1 610 611 644 643
347 3 2 201 1 611 612 645 644
348 3 2 201 1 612 613 646 645
349 3 2 201 1 613 614 647 646
350 3 2 201 1 614 615 648 647
351 3 2 201 1 615 616 649 648
352 3 2 201 1 616 617 650 649
353 3 2 201 1 617 618 651 650
354 3 2 201 1 618 619 652 651
355 3 2 201 1 619 620 653 652
356 3 2 201 1 620 621 654 653
357 3 2 201 1 621 622 655 654
358 3 2 201 1 622 623 656 655
359 3 2 201 1 623 624 657 656
360 3 2 201 1 624 625 658 657
361 3 2 201 1 625 626 659 658
362 3 2 201 1 626 627 660 659
363 3 2 201 1 627 628 661 660
364 3 2 201 1 628 629 662 661
365 3 2 201 1 629 630 663 662
366 3 2 201 1 630 631 664 663
367 3 2 201 1 631 632 665 664
368 3 2 201 1 632 633 666 665
369 3 2 201 1 633 634 667 666
370 3 2 201 1 634 635 668 667
371 3 2 201 1 635 636 669 668
372 3 2 201 1 636 637 670 669
373 3 2 201 1 637 638 671 670
374 3 2 201 1 638 55 56 671
375 3 2 201 1 69 639 672 70
376 3 2 201 1 639 640 673 672
377 3 2 201 1 640 641 674 673
378 3 2 201 1 641 642 675 674
379 3 2 201 1 642 643 676 675
380 3 2 201 1 643 644 677 676
381 3 2 201 1 644 645 678 677
382 3 2 201 1 645 646 679 678
383 3 2 201 1 646 647 680 679
384 3 2 201 1 647 648 681 680
385 3 2 201 1 648 649 682 681
386 3 2 201 1 649 650 683 682
387 3 2 201 1 650 651 684 683
388 3 2 201 1 651 652 685 684
389 3 2 201 1 652 653 686 685
390 3 2 201 1 653 654 687 686
391 3 2 201 1 654 655 688 687
392 3 2 201 1 655 656 689 688
393 3 2 201 1 656 657 690 689
394 3 2 201 1 657 658 691 690
395 3 2 201 1 658 659 692 691
396 3 2 201 1 659 660 693 692
397 3 2 201 1 660 661 694 693
398 3 2 201 1 661 662 695 694
399 3 2 201 1 662 663 696 695
400 3 2 201 1 663 664 697 696
401 3 2 201 1 664 665 698 697
402 3 2 201 1 665 666 699 698
403 3 2 201 1 666 667 700 699
404 3 2 201 1 667 668 701 700
405 3 2 201 1 668 669 702 701
406 3 2 201 1 669 670 703 702
407 3 2 201 1 670 671 704 703
408 3 2 201 1 671 56 57 704
409 3 2 201 1 70 672 705 71
410 3 2 201 1 672 673 706 705
411 3 2 201 1 673 674 707 706
412 3 2 201 1 674 675 708 707
413 3 2 201 1 675 676 709 708
414 3 2 201 1 676 677 710 709
415 3 2 201 1 677 678 711 710
416 3 2 201 1 678 679 712 711
417 3 2 201 1 679 680 713 712
418 3 2 201 1 680 681 714 713
419 3 2 201 1 681 682 715 714
420 3 2 201 1 682 683 716 715
421 3 2 201 1 683 684 717 716
422 3 2 201 1 684 685 718 717
423 3 2 201 1 685 686 719 718
424 3 2 201 1 686 687 720 719
425 3 2 201 1 687 688 721 720
426 3 2 201 1 688 689 722 721
427 3 2 201 1 689 690 723 722
428 3 2 201 1 690 691 724 723
429 3 2 201 1 691 692 725 724
430 3 2 201 1 692 693 726 725
431 3 2 201 1 693 694 727 726
432 3 2 201 1 694 695 728 727
433 3 2 201 1 695 696 729 728
434 3 2 201 1 696 697 730 729
435 3 2 201 1 697 698 731 730
436 3 2 201 1 698 699 732 731
437 3 2 201 1 699 700 733 732
438 3 2 201 1 700 701 734 733
439 3 2 201 1 701 702 735 734
440 3 2 201 1 702 703 736 735
441 3 2 201 1 703 704 737 736
442 3 2 201 1 704 57 58 737
443 3 2 201 1 71 705 72 7
444 3 2 201 1 705 706 73 72
445 3 2 201 1 706 707 74 73
446 3 2 201 1 707 708 75 74
447 3 2 201 1 708 709 76 75
448 3 2 201 1 709 710 77 76
449 3 2 201 1 710 711 78 77
450 3 2 201 1 711 712 79 78
451 3 2 201 1 712 713 80 79
452 3 2 201 1 713 714 81 80
453 3 2 201 1 714 715 82 81
454 3 2 201 1 715 716 83 82
455 3 2 201 1 716 717 84 83
456 3 2 201 1 717 718 85 84
457 3 2 201 1 718 719 86 85
458 3 2 201 1 719 720 87 86
459 3 2 201 1 720 721 88 87
460 3 2 201 1 721 722 89 88
461 3 2 201 1 722 723 90 89
462 3 2 201 1 723 724 91 90
463 3 2 201 1 724 725 92 91
464 3 2 201 1 725 726 93 92
465 3 2 201 1 726 727 94 93
466 3 2 201 1 727 728 95 94
467 3 2 201 1 728 729 96 95
468 3 2 201 1 729 730 97 96
469 3 2 201 1 730 731 98 97
470 3 2 201 1 731 732 99 98
471 3 2 201 1 732 733 100 99
472 3 2 201 1 733 734 101 100
473 3 2 201 1 734 735 102 101
474 3 2 201 1 735 736 103 102
475 3 2 201 1 736 737 104 103
476 3 2 201 1 737 58 5 104
477 3 2 101 2 8 7 72 105
478 3 2 101 2 105 72 73 106
479 3 2 101 2 106 73 74 107
480 3 2 101 2 107 74 75 108
481 3 2 101 2 108 75 76 109
482 3 2 101 2 109 76 77 110
483 3 2 101 2 110 77 78 111
484 3 2 101 2 111 78 79 112
485 3 2 101 2 112 79 80 113
486 3 2 101 2 113 80 81 114
487 3 2 101 2 114 81 82 115
488 3 2 101 2 115 82 83 116
489 3 2 101 2 116 83 84 117
490 3 2 101 2 117 84 85 118
491 3 2 101 2 118 85 86 119
492 3 2 101 2 119 86 87 120
493 3 2 101 2 120 87 88 121
494 3 2 101 2 121 88 89 122
495 3 2 101 2 122 89 90 123
496 3 2 101 2 123 90 91 124
497 3 2 101 2 124 91 92 125
498 3 2 101 2 125 92 93 126
499 3 2 101 2 126 93 94 127
500 3 2 101 2 127 94 95 128
501 3 2 101 2 128 95 96 129
502 3 2 101 2 129 96 97 130
503 3 2 101 2 130 97 98 131
504 3 2 101 2 131 98 99 132
505 3 2 101 2 132 99 100 133
506 3 2 101 2 133 100 101 134
507 3 2 101 2 134 101 102 135
508 3 2 101 2 135 102 103 136
509 3 2 101 2 136 103 104 137
510 3 2 101 2 137 104 5 6
511 3 2 201 3 8 105 738 138
512 3 2 201 3 105 106 739 738
513 3 2 201 3 106 107 740 739
514 3 2 201 3 107 108 741 740
515 3 2 201 3 108 109 742 741
516 3 2 201 3 109 110 743 742
517 3 2 201 3 110 111 744 743
518 3 2 201 3 111 112 745 744
519 3 2 201 3 112 113 746 745
520 3 2 201 3 113 114 747 746
521 3 2 201 3 114 115 748 747
522 3 2 201 3 115 116 749 748
523 3 2 201 3 116 117 750 749
524 3 2 201 3 117 118 751 750
525 3 2 201 3 118 119 752 751
526 3 2 201 3 119 120 753 752
527 3 2 201 3 120 121 754 753
528 3 2 201 3 121 122 755 754
529 3 2 201 3 122 123 756 755
530 3 2 201 3 123 124 757 756
531 3 2 201 3 124 125 758 757
532 3 2 201 3 125 126 759 758
533 3 2 201 3 126 127 760 759
534 3 2 201 3 127 128 761 760
535 3 2 201 3 128 129 762 761
536 3 2 201 3 129 130 763 762
537 3 2 201 3 130 131 764 763
538 3 2 201 3 131 132 765 764
539 3 2 201 3 132 133 766 765
540 3 2 201 3 133 134 767 766
541 3 2 201 3 134 135 768 767
542 3 2 201 3 135 136 769 768
543 3 2 201 3 136 137 770 769
544 3 2 201 3 137 6 194 770
545 3 2 201 3 138 738 771 139
546 3 2 201 3 738 739 772 771
547 3 2 201 3 739 740 773 772
548 3 2 201 3 740 741 774 773
549 3 2 201 3 741 742 775 774
550 3 2 201 3 742 743 776 775
551 3 2 201 3 743 744 777 776
552 3 2 201 3 744 745 778 777
553 3 2 201 3 745 746 779 778
554 3 2 201 3 746 747 780 779
555 3 2 201 3 747 748 781 780
556 3 2 201 3 748 749 782 781
557 3 2 201 3 749 750 783 782
558 3 2 201 3 750 751 784 783
559 3 2 201 3 751 752 785 784
560 3 2 201 3 752 753 786 785
561 3 2 201 3 753 754 787 786
562 3 2 201 3 754 755 788 787
563 3 2 201 3 755 756 789 788
564 3 2 201 3 756 757 790 789
565 3 2 201 3 757 758 791 790
566 3 2 201 3 758 759 792 791
567 3 2 201 3 759 760 793 792
568 3 2 201 3 760 761 794 793
569 3 2 201 3 761 762 795 794
570 3 2 201 3 762 763 796 795
571 3 2 201 3 763 764 797 796
572 3 2 201 3 764 765 798 797
573 3 2 201 3 765 766 799 798
574 3 2 201 3 766 767 800 799
575 3 2 201 3 767 768 801 800
576 3 2 201 3 768 769 802 801
577 3 2 201 3 769 770 803 802
578 3 2 201 3 770 194 195 803
579 3 2 201 3 139 771 804 140
580 3 2 201 3 771 772 805 804
581 3 2 201 3 772 773 806 805
582 3 2 201 3 773 774 807 806
583 3 2 201 3 774 775 808 807
584 3 2 201 3 775 776 809 808
585 3 2 201 3 776 777 810 809
586 3 2 201 3 777 778 811 810
587 3 2 201 3 778 779 812 811
588 3 2 201 3 779 780 813 812
589 3 2 201 3 780 781 814 813
590 3 2 201 3 781 782 815 814
591 3 2 201 3 782 783 816 815
592 3 2 201 3 783 784 817 816
593 3 2 201 3 784 785 818 817
594 3 2 201 3 785 786 819 818
595 3 2 201 3 786 787 820 819
596 3 2 201 3 787 788 821 820
597 3 2 201 3 788 789 822 821
598 3 2 201 3 789 790 823 822
599 3 2 201 3 790 791 824 823
600 3 2 201 3 791 792 825 824
601 3 2 201 3 792 793 826 825
602 3 2 201 3 793 794 827 826
603 3 2 201 3 794 795 828 827
604 3 2 201 3 795 796 829 828
605 3 2 201 3 796 797 830 829
606 3 2 201 3 797 798 831 830
607 3 2 201 3 798 799 832 831
608 3 2 201 3 799 800 833 832
609 3 2 201 3 800 801 834 833
610 3 2 201 3 801 802 835 834
611 3 2 201 3 802 803 836 835
612 3 2 201 3 803 195 196 836
613 3 2 201 3 140 804 837 141
614 3 2 201 3 804 805 838 837
615 3 2 201 3 805 806 839 838
616 3 2 201 3 806 807 840 839
617 3 2 201 3 807 808 841 840
618 3 2 201 3 808 809 842 841
619 3 2 201 3 809 810 843 842
620 3 2 201 3 810 811 844 843
621 3 2 201 3 811 812 845 844
622 3 2 201 3 812 813 846 845
623 3 2 201 3 813 814 847 846
624 3 2 201 3 814 815 848 847
625 3 2 201 3 815 816 849 848
626 3 2 201 3 816 817 850 849
627 3 2 201 3 817 818 851 850
628 3 2 201 3 818 819 852 851
629 3 2 201 3 819 820 853 852
630 3 2 201 3 820 821 854 853
631 3 2 201 3 821 822 855 854
632 3 2 201 3 822 823 856 855
633 3 2 201 3 823 824 857 856
634 3 2 201 3 824 825 858 857
635 3 2 201 3 825 826 859 858
636 3 2 201 3 826 827 860 859
637 3 2 201 3 827 828 861 860
638 3 2 201 3 828 829 862 861
639 3 2 201 3 829 830 863 862
640 3 2 201 3 830 831 864 863
641 3 2 201 3 831 832 865 864
642 3 2 201 3 832 833 866 865
643 3 2 201 3 833 834 867 866
644 3 2 201 3 834 835 868 867
645 3 2 201 3 835 836 869 868
646 3 2 201 3 836 196 197 869
647 3 2 201 3 141 837 870 142
648 3 2 201 3 837 838 871 870
649 3 2 201 3 838 839 872 871
650 3 2 201 3 839 840 873 872
651 3 2 201 3 840 841 874 873
652 3 2 201 3 841 842 875 874
653 3 2 201 3 842 843 876 875
654 3 2 201 3 843 844 877 876
655 3 2 201 3 844 845 878 877
656 3 2 201 3 845 846 879 878
657 3 2 201 3 846 847 880 879
658 3 2 201 3 847 848 881 880
659 3 2 201 3 848 849 882 881
660 3 2 201 3 849 850 883 882
661 3 2 201 3 850 851 884 883
662 3 2 201 3 851 852 885 884
663 3 2 201 3 852 853 886 885
664 3 2 201 3 853 854 887 886
665 3 2 201 3 854 855 888 887
666 3 2 201 3 855 856 889 888
667 3 2 201 3 856 857 890 889
668 3 2 201 3 857 858 891 890
669 3 2 201 3 858 859 892 891
670 3 2 201 3 859 860 893 892
671 3 2 201 3 860 861 894 893
672 3 2 201 3 861 862 895 894
673 3 2 201 3 862 863 896 895
674 3 2 201 3 863 864 897 896
675 3 2 201 3 864 865 898 897
676 3 2 201 3 865 866 899 898
677 3 2 201 3 866 867 900 899
678 3 2 201 3 867 868 901 900
679 3 2 201 3 868 869 902 901
680 3 2 201 3 869 197 198 902
681 3 2 201 3 142 870 903 143
682 3 2 201 3 870 871 904 903
683 3 2 201 3 871 872 905 904
684 3 2 201 3 872 873 906 905
685 3 2 201 3 873 874 907 906
686 3 2 201 3 874 875 908 907
687 3 2 201 3 875 876 909 908
688 3 2 201 3 876 877 910 909
689 3 2 201 3 877 878 911 910
690 3 2 201 3 878 879 912 911
691 3 2 201 3 879 880 913 912
692 3 2 201 3 880 881 914 913
693 3 2 201 3 881 882 915 914
694 3 2 201 3 882 883 916 915
695 3 2 201 3 883 884 917 916
696 3 2 201 3 884 885 918 917
697 3 2 201 3 885 886 919 918
698 3 2 201 3 886 887 920 919
699 3 2 201 3 887 888 921 920
700 3 2 201 3 888 889 922 921
701 3 2 201 3 889 890 923 922
702 3 2 201 3 890 891 924 923
703 3 2 201 3 891 892 925 924
704 3 2 201 3 892 893 926 925
705 3 2 201 3 893 894 927 926
706 3 2 201 3 894 895 928 927
707 3 2 201 3 895 896 929 928
708 3 2 201 3 896 897 930 929
709 3 2 201 3 897 898 931 930
710 3 2 201 3 898 899 932 931
711 3 2 201 3 899 900 933 932
712 3 2 201 3 900 901 934 933
713 3 2 201 3 901 902 935 934
714 3 2 201 3 902 198 199 935
715 3 2 201 3 143 903 936 144
716 3 2 201 3 903 904 937 936
717 3 2 201 3 904 905 938 937
718 3 2 201 3 905 906 939 938
719 3 2 201 3 906 907 940 939
720 3 2 201 3 907 908 941 940
721 3 2 201 3 908 909 942 941
722 3 2 201 3 909 910 943 942
723 3 2 201 3 910 911 944 943
724 3 2 201 3 911 912 945 944
725 3 2 201 3 912 913 946 945
726 3 2 201 3 913 914 947 946
727 3 2 201 3 914 915 948 947
728 3 2 201 3 915 916 949 948
729 3 2 201 3 916 917 950 949
730 3 2 201 3 917 918 951 950
731 3 2 201 3 918 919 952 951
732 3 2 201 3 919 920 953 952
733 3 2 201 3 920 921 954 953
734 3 2 201 3 921 922 955 954
735 3 2 201 3 922 923 956 955
736 3 2 201 3 923 924 957 956
737 3 2 201 3 924 925 958 957
738 3 2 201 3 925 926 959 958
739 3 2 201 3 926 927 960 959
740 3 2 201 3 927 928 961 960
741 3 2 201 3 928 929 962 961
742 3 2 201 3 929 930 963 962
743 3 2 201 3 930 931 964 963
744 3 2 201 3 931 932 965 964
745 3 2 201 3 932 933 966 965
746 3 2 201 3 933 934 967 966
747 3 2 201 3 934 935 968 967
748 3 2 201 3 935 199 200 968
749 3 2 201 3 144 936 969 145
750 3 2 201 3 936 937 970 969
751 3 2 201 3 937 938 971 970
752 3 2 201 3 938 939 972 971
753 3 2 201 3 939 940 973 972
754 3 2 201 3 940 941 974 973
755 3 2 201 3 941 942 975 974
756 3 2 201 3 942 943 976 975
757 3 2 201 3 943 944 977 976
758 3 2 201 3 944 945 978 977
759 3 2 201 3 945 946 979 978
760 3 2 201 3 946 947 980 979
761 3 2 201 3 947 948 981 980
762 3 2 201 3 948 949 982 981
763 3 2 201 3 949 950 983 982
764 3 2 201 3 950 951 984 983
765 3 2 201 3 951 952 985 984
766 3 2 201 3 952 953 986 985
767 3 2 201 3 953 954 987 986
768 3 2 201 3 954 955 988 987
769 3 2 201 3 955 956 989 988
770 3 2 201 3 956 957 990 989
771 3 2 201 3 957 958 991 990
772 3 2 201 3 958 959 992 991
773 3 2 201 3 959 960 993 992
774 3 2 201 3 960 961 994 993
775 3 2 201 3 961 962 995 994
776 3 2 201 3 962 963 996 995
777 3 2 201 3 963 964 997 996
778 3 2 201 3 964 965 998 997
779 3 2 201 3 965 966 999 998
780 3 2 201 3 966 967 1000 999
781 3 2 201 3 967 968 1001 1000
782 3 2 201 3 968 200 201 1001
783 3 2 201 3 145 969 1002 146
784 3 2 201 3 969 970 1003 1002
785 3 2 201 3 970 971 1004 1003
786 3 2 201 3 971 972 1005 1004
787 3 2 201 3 972 973 1006 1005
788 3 2 201 3 973 974 1007 1006
789 3 2 201 3 974 975 1008 1007
790 3 2 201 3 975 976 1009 1008
791 3 2 201 3 976 977 1010 1009
792 3 2 201 3 977 978 1011 1010
793 3 2 201 3 978 979 1012 1011
794 3 2 201 3 979 980 1013 1012
795 3 2 201 3 980 981 1014 1013
796 3 2 201 3 981 982 1015 1014
797 3 2 201 3 982 983 1016 1015
798 3 2 201 3 983 984 1017 1016
799 3 2 201 3 984 985 1018 1017
800 3 2 201 3 985 986 1019 1018
801 3 2 201 3 986 987 1020 1019
802 3 2 201 3 987 988 1021 1020
803 3 2 201 3 988 989 1022 1021
804 3 2 201 3 989 990 1023 1022
805 3 2 201 3 990 991 1024 1023
806 3 2 201 3 991 992 1025 1024
807 3 2 201 3 992 993 1026 1025
808 3 2 201 3 993 994 1027 1026
809 3 2 201 3 994 995 1028 1027
810 3 2 201 3 995 996 1029 1028
811 3 2 201 3 996 997 1030 1029
812 3 2 201 3 997 998 1031 1030
813 3 2 201 3 998 999 1032 1031
814 3 2 201 3 999 1000 1033 1032
815 3 2 201 3 1000 1001 1034 1033
816 3 2 201 3 1001 201 202 1034
817 3 2 201 3 146 1002 1035 147
818 3 2 201 3 1002 1003 1036 1035
819 3 2 201 3 1003 1004 1037 1036
820 3 2 201 3 1004 1005 1038 1037
821 3 2 201 3 1005 1006 1039 1038
822 3 2 201 3 1006 1007 1040 1039
823 3 2 201 3 1007 1008 1041 1040
824 3 2 201 3 1008 1009 1042 1041
825 3 2 201 3 1009 1010 1043 1042
826 3 2 201 3 1010 1011 1044 1043
827 3 2 201 3 1011 1012 1045 1044
828 3 2 201 3 1012 1013 1046 1045
829 3 2 201 3 1013 1014 1047 1046
830 3 2 201 3 1014 1015 1048 1047
831 3 2 201 3 1015 1016 1049 1048
832 3 2 201 3 1016 1017 1050 1049
833 3 2 201 3 1017 1018 1051 1050
834 3 2 201 3 1018 1019 1052 1051
835 3 2 201 3 1019 1020 1053 1052
836 3 2 201 3 1020 1021 1054 1053
837 3 2 201 3 1021 1022 1055 1054
838 3 2 201 3 1022 1023 1056 1055
839 3 2 201 3 1023 1024 1057 1056
840 3 2 201 3 1024 1025 1058 1057
841 3 2 201 3 1025 1026 1059 1058
842 3 2 201 3 1026 1027 1060 1059
843 3 2 201 3 1027 1028 1061 1060
844 3 2 201 3 1028 1029 1062 1061
845 3 2 201 3 1029 1030 1063 1062
846 3 2 201 3 1030 1031 1064 1063
847 3 2 201 3 1031 1032 1065 1064
848 3 2 201 3 1032 1033 1066 1065
849 3 2 201 3 1033 1034 1067 1066
850 3 2 201 3 1034 202 203 1067
851 3 2 201 3 147 1035 1068 148
852 3 2 201 3 1035 1036 1069 1068
853 3 2 201 3 1036 1037 1070 1069
854 3 2 201 3 1037 1038 1071 1070
855 3 2 201 3 1038 1039 1072 1071
856 3 2 201 3 1039 1040 1073 1072
857 3 2 201 3 1040 1041 1074 1073
858 3 2 201 3 1041 1042 1075 1074
859 3 2 201 3 1042 1043 1076 1075
860 3 2 201 3 1043 1044 1077 1076
861 3 2 201 3 1044 1045 1078 1077
862 3 2 201 3 1045 1046 1079 1078
863 3 2 201 3 1046 1047 1080 1079
864 3 2 201 3 1047 1048 1081 1080
865 3 2 201 3 1048 1049 1082 1081
866 3 2 201 3 1049 1050 1083 1082
867 3 2 201 3 1050 1051 1084 1083
868 3 2 201 3 1051 1052 1085 1084
869 3 2 201 3 1052 1053 1086 1085
870 3 2 201 3 1053 1054 1087 1086
871 3 2 201 3 1054 1055 1088 1087
872 3 2 201 3 1055 1056 1089 1088
873 3 2 201 3 1056 1057 1090 1089
874 3 2 201 3 1057 1058 1091 1090
875 3 2 201 3 1058 1059 1092 1091
876 3 2 201 3 1059 1060 1093 1092
877 3 2 201 3 1060 1061 1094 1093
878 3 2 201 3 1061 1062 1095 1094
879 3 2 201 3 1062 1063 1096 1095
880 3 2 201 3 1063 1064 1097 1096
881 3 2 201 3 1064 1065 1098 1097
882 3 2 201 3 1065 1066 1099 1098
883 3 2 201 3 1066 1067 1100 1099
884 3 2 201 3 1067 203 204 1100
885 3 2 201 3 148 1068 1101 149
886 3 2 201 3 1068 1069 1102 1101
887 3 2 201 3 1069 1070 1103 1102
888 3 2 201 3 1070 1071 1104 1103
889 3 2 201 3 1071 1072 1105 1104
890 3 2 201 3 1072 1073 1106 1105
891 3 2 201 3 1073 1074 1107 1106
892 3 2 201 3 1074 1075 1108 1107
893 3 2 201 3 1075 1076 1109 1108
894 3 2 201 3 1076 1077 1110 1109
895 3 2 201 3 1077 1078 1111 1110
896 3 2 201 3 1078 1079 1112 1111
897 3 2 201 3 1079 1080 1113 1112
898 3 2 201 3 1080 1081 1114 1113
899 3 2 201 3 1081 1082 1115 1114
900 3 2 201 3 1082 1083 1116 1115
901 3 2 201 3 1083 1084 1117 1116
902 3 2 201 3 1084 1085 1118 1117
903 3 2 201 3 1085 1086 1119 1118
904 3 2 201 3 1086 1087 1120 1119
905 3 2 201 3 1087 1088 1121 1120
906 3 2 201 3 1088 1089 1122 1121
907 3 2 201 3 1089 1090 1123 1122
908 3 2 201 3 1090 1091 1124 1123
909 3 2 201 3 1091 1092 1125 1124
910 3 2 201 3 1092 1093 1126 1125
911 3 2 201 3 1093 1094 1127 1126
912 3 2 201 3 1094 1095 1128 1127
913 3 2 201 3 1095 1096 1129 1128
914 3 2 201 3 1096 1097 1130 1129
915 3 2 201 3 1097 1098 1131 1130
916 3 2 201 3 1098 1099 1132 1131
917 3 2 201 3 1099 1100 1133 1132
918 3 2 201 3 1100 204 205 1133
919 3 2 201 3 149 1101 1134 150
920 3 2 201 3 1101 1102 1135 1134
921 3 2 201 3 1102 1103 1136 1135
922 3 2 201 3 1103 1104 1137 1136
923 3 2 201 3 1104 1105 1138 1137
924 3 2 201 3 1105 1106 1139 1138
925 3 2 201 3 1106 1107 1140 1139
926 3 2 201 3 1107 1108 1141 1140
927 3 2 201 3 1108 1109 1142 1141
928 3 2 201 3 1109 1110 1143 1142
929 3 2 201 3 1110 1111 1144 1143
930 3 2 201 3 1111 1112 1145 1144
931 3 2 201 3 1112 1113 1146 1145
932 3 2 201 3 1113 1114 1147 1146
933 3 2 201 3 1114 1115 1148 1147
934 3 2 201 3 1115 1116 1149 1148
935 3 2 201 3 1116 1117 1150 1149
936 3 2 201 3 1117 1118 1151 1150
937 3 2 201 3 1118 1119 1152 1151
938 3 2 201 3 1119 1120 1153 1152
939 3 2 201 3 1120 1121 1154 1153
940 3 2 201 3 1121 1122 1155 1154
941 3 2 201 3 1122 1123 1156 1155
942 3 2 201 3 1123 1124 1157 1156
943 3 2 201 3 1124 1125 1158 1157
944 3 2 201 3 1125 1126 1159 1158
945 3 2 201 3 1126 1127 1160 1159
946 3 2 201 3 1127 1128 1161 1160
947 3 2 201 3 1128 1129 1162 1161
948 3 2 201 3 1129 1130 1163 1162
949 3 2 201 3 1130 1131 1164 1163
950 3 2 201 3 1131 1132 1165 1164
951 3 2 201 3 1132 1133 1166 1165
952 3 2 201 3 1133 205 206 1166
953 3 2 201 3 150 1134 1167 151
954 3 2 201 3 1134 1135 1168 1167
955 3 2 201 3 1135 1136 1169 1168
956 3 2 201 3 1136 1137 1170 1169
957 3 2 201 3 1137 1138 1171 1170
958 3 2 201 3 1138 1139 1172 1171
959 3 2 201 3 1139 1140 1173 1172
960 3 2 201 3 1140 1141 1174 1173
961 3 2 201 3 1141 1142 1175 1174
962 3 2 201 3 1142 1143 1176 1175
963 3 2 201 3 1143 1144 1177 1176
964 3 2 201 3 1144 1145 1178 1177
965 3 2 201 3 1145 1146 1179 1178
966 3 2 201 3 1146 1147 1180 1179
967 3 2 201 3 1147 1148 1181 1180
968 3 2 201 3 1148 1149 1182 1181
969 3 2 201 3 1149 1150 1183 1182
970 3 2 201 3 1150 1151 1184 1183
971 3 2 201 3 1151 1152 1185 1184
972 3 2 201 3 1152 1153 1186 1185
973 3 2 201 3 1153 1154 1187 1186
974 3 2 201 3 1154 1155 1188 1187
975 3 2 201 3 1155 1156 1189 1188
976 3 2 201 3 1156 1157 1190 1189
977 3 2 201 3 1157 1158 1191 1190
978 3 2 201 3 1158 1159 1192 1191
979 3 2 201 3 1159 1160 1193 1192
980 3 2 201 3 1160 1161 1194 1193
981 3 2 201 3 1161 1162 1195 1194
982 3 2 201 3 1162 1163 1196 1195
983 3 2 201 3 1163 1164 1197 1196
984 3 2 201 3 1164 1165 1198 1197
985 3 2 201 3 1165 1166 1199 1198
986 3 2 201 3 1166 206 207 1199
987 3 2 201 3 151 1167 1200 152
988 3 2 201 3 1167 1168 1201 1200
989 3 2 201 3 1168 1169 1202 1201
990 3 2 201 3 1169 1170 1203 1202
991 3 2 201 3 1170 1171 1204 1203
992 3 2 201 3 1171 1172 1205 1204
993 3 2 201 3 1172 1173 1206 1205
994 3 2 201 3 1173 1174 1207 1206
995 3 2 201 3 1174 1175 1208 1207
996 3 2 201 3 1175 1176 1209 1208
997 3 2 201 3 1176 1177 1210 1209
998 3 2 201 3 1177 1178 1211 1210
999 3 2 201 3 1178 1179 1212 1211
1000 3 2 201 3 1179 1180 1213 1212
1001 3 2 201 3 1180 1181 1214 1213
1002 3 2 201 3 1181 1182 1215 1214
1003 3 2 201 3 1182 1183 1216 1215
1004 3 2 201 3 1183 1184 1217 1216
1005 3 2 201 3 1184 1185 1218 1217
1006 3 2 201 3 1185 1186 1219 1218
1007 3 2 201 3 1186 1187 1220 1219
1008 3 2 201 3 1187 1188 1221 1220
1009 3 2 201 3 1188 1189 1222 1221
1010 3 2 201 3 1189 1190 1223 1222
1011 3 2 201 3 1190 1191 1224 1223
1012 3 2 201 3 1191 1192 1225 1224
1013 3 2 201 3 1192 1193 1226 1225
1014 3 2 201 3 1193 1194 1227 1226
1015 3 2 201 3 1194 1195 1228 1227
1016 3 2 201 3 1195 1196 1229 1228
1017 3 2 201 3 1196 1197 1230 1229
1018 3 2 201 3 1197 1198 1231 1230
1019 3 2 201 3 1198 1199 1232 1231
1020 3 2 201 3 1199 207 208 1232
1021 3 2 201 3 152 1200 1233 153
1022 3 2 201 3 1200 1201 1234 1233
1023 3 2 201 3 1201 1202 1235 1234
1024 3 2 201 3 1202 1203 1236 1235
1025 3 2 201 3 1203 1204 1237 1236
1026 3 2 201 3 1204 1205 1238 1237
1027 3 2 201 3 1205 1206 1239 1238
1028 3 2 201 3 1206 1207 1240 1239
1029 3 2 201 3 1207 1208 1241 1240
1030 3 2 201 3 1208 1209 1242 1241
1031 3 2 201 3 1209 1210 1243 1242
1032 3 2 201 3 1210 1211 1244 1243
1033 3 2 201 3 1211 1212 1245 1244
1034 3 2 201 3 1212 1213 1246 1245
1035 3 2 201 3 1213 1214 1247 1246
1036 3 2 201 3 1214 1215 1248 1247
1037 3 2 201 3 1215 1216 1249 1248
1038 3 2 201 3 1216 1217 1250 1249
1039 3 2 201 3 1217 1218 1251 1250
1040 3 2 201 3 1218 1219 1252 1251
1041 3 2 201 3 1219 1220 1253 1252
1042 3 2 201 3 1220 1221 1254 1253
1043 3 2 201 3 1221 1222 1255 1254
1044 3 2 201 3 1222 1223 1256 1255
1045 3 2 201 3 1223 1224 1257 1256
1046 3 2 201 3 1224 1225 1258 1257
1047 3 2 201 3 1225 1226 1259 1258
1048 3 2 201 3 1226 1227 1260 1259
1049 3 2 201 3 1227 1228 1261 1260
1050 3 2 201 3 1228 1229 1262 1261
1051 3 2 201 3 1229 1230 1263 1262
1052 3 2 201 3 1230 1231 1264 1263
1053 3 2 201 3 1231 1232 1265 1264
1054 3 2 201 3 1232 208 209 1265
1055 3 2 201 3 153 1233 1266 154
1056 3 2 201 3 1233 1234 1267 1266
1057 3 2 201 3 1234 1235 1268 1267
1058 3 2 201 3 1235 1236 1269 1268
1059 3 2 201 3 1236 1237 1270 1269
1060 3 2 201 3 1237 1238 1271 1270
1061 3 2 201 3 1238 1239 1272 1271
1062 3 2 201 3 1239 1240 1273 1272
1063 3 2 201 3 1240 1241 1274 1273
1064 3 2 201 3 1241 1242 1275 1274
1065 3 2 201 3 1242 1243 1276 1275
1066 3 2 201 3 1243 1244 1277 1276
1067 3 2 201 3 1244 1245 1278 1277
1068 3 2 201 3 1245 1246 1279 1278
1069 3 2 201 3 1246 1247 1280 1279
1070 3 2 201 3 1247 1248 1281 1280
1071 3 2 201 3 1248 1249 1282 1281
1072 3 2 201 3 1249 1250 1283 1282
1073 3 2 201 3 1250 1251 1284 1283
1074 3 2 201 3 1251 1252 1285 1284
1075 3 2 201 3 1252 1253 1286 1285
1076 3 2 201 3 1253 1254 1287 1286
1077 3 2 201 3 1254 1255 1288 1287
1078 3 2 201 3 1255 1256 1289 1288
1079 3 2 201 3 1256 1257 1290 1289
1080 3 2 201 3 1257 1258 1291 1290
1081 3 2 201 3 1258 1259 1292 1291
1082 3 2 201 3 1259 1260 1293 1292
1083 3 2 201 3 1260 1261 1294 1293
1084 3 2 201 3 1261 1262 1295 1294
1085 3 2 201 3 1262 1263 1296 1295
1086 3 2 201 3 1263 1264 1297 1296
1087 3 2 201 3 1264 1265 1298 1297
1088 3 2 201 3 1265 209 210 1298
1089 3 2 201 3 154 1266 1299 155
1090 3 2 201 3 1266 1267 1300 1299
1091 3 2 201 3 1267 1268 1301 1300
1092 3 2 201 3 1268 1269 1302 1301
1093 3 2 201 3 1269 1270 1303 1302
1094 3 2 201 3 1270 1271 1304 1303
1095 3 2 201 3 1271 1272 1305 1304
1096 3 2 201 3 1272 1273 1306 1305
1097 3 2 201 3 1273 1274 1307 1306
1098 3 2 201 3 1274 1275 1308 1307
1099 3 2 201 3 1275 1276 1309 1308
1100 3 2 201 3 1276 1277 1310 1309
1101 3 2 201 3 1277 1278 1311 1310
1102 3 2 201 3 1278 1279 1312 1311
1103 3 2 201 3 1279 1280 1313 1312
1104 3 2 201 3 1280 1281 1314 1313
1105 3 2 201 3 1281 1282 1315 1314
1106 3 2 201 3 1282 1283 1316 1315
1107 3 2 201 3 1283 1284 1317 1316
1108 3 2 201 3 1284 1285 1318 1317
1109 3 2 201 3 1285 1286 1319 1318
1110 3 2 201 3 1286 1287 1320 1319
1111 3 2 201 3 1287 1288 1321 1320
1112 3 2 201 3 1288 1289 1322 1321
1113 3 2 201 3 1289 1290 1323 1322
1114 3 2 201 3 1290 1291 1324 1323
1115 3 2 201 3 1291 1292 1325 1324
1116 3 2 201 3 1292 1293 1326 1325
1117 3 2 201 3 1293 1294 1327 1326
1118 3 2 201 3 1294 1295 1328 1327
1119 3 2 201 3 1295 1296 1329 1328
1120 3 2 201 3 1296 1297 1330 1329
1121 3 2 201 3 1297 1298 1331 1330
1122 3 2 201 3 1298 210 211 1331
1123 3 2 201 3 155 1299 1332 156
1124 3 2 201 3 1299 1300 1333 1332
1125 3 2 201 3 1300 1301 1334 1333
1126 3 2 201 3 1301 1302 1335 1334
1127 3 2 201 3 1302 1303 1336 1335
1128 3 2 201 3 1303 1304 1337 1336
1129 3 2 201 3 1304 1305 1338 1337
1130 3 2 201 3 1305 1306 1339 1338
1131 3 2 201 3 1306 1307 1340 1339
1132 3 2 201 3 1307 1308 1341 1340
1133 3 2 201 3 1308 1309 1342 1341
1134 3 2 201 3 1309 1310 1343 1342
1135 3 2 201 3 1310 1311 1344 1343
1136 3 2 201 3 1311 1312 1345 1344
1137 3 2 201 3 1312 1313 1346 1345
1138 3 2 201 3 1313 1314 1347 1346
1139 3 2 201 3 1314 1315 1348 1347
1140 3 2 201 3 1315 1316 1349 1348
1141 3 2 201 3 1316 1317 1350 1349
1142 3 2 201 3 1317 1318 1351 1350
1143 3 2 201 3 1318 1319 1352 1351
1144 3 2 201 3 1319 1320 1353 1352
1145 3 2 201 3 1320 1321 1354 1353
1146 3 2 201 3 1321 1322 1355 1354
1147 3 2 201 3 1322 1323 1356 1355
1148 3 2 201 3 1323 1324 1357 1356
1149 3 2 201 3 1324 1325 1358 1357
1150 3 2 201 3 1325 1326 1359 1358
1151 3 2 201 3 1326 1327 1360 1359
1152 3 2 201 3 1327 1328 1361 1360
1153 3 2 201 3 1328 1329 1362 1361
1154 3 2 201 3 1329 1330 1363 1362
1155 3 2 201 3 1330 1331 1364 1363
1156 3 2 201 3 1331 211 212 1364
1157 3 2 201 3 156 1332 1365 157
1158 3 2 201 3 1332 1333 1366 1365
1159 3 2 201 3 1333 1334 1367 1366
1160 3 2 201 3 1334 1335 1368 1367
1161 3 2 201 3 1335 1336 1369 1368
1162 3 2 201 3 1336 1337 1370 1369
1163 3 2 201 3 1337 1338 1371 1370
1164 3 2 201 3 1338 1339 1372 1371
1165 3 2 201 3 1339 1340 1373 1372
1166 3 2 201 3 1340 1341 1374 1373
1167 3 2 201 3 1341 1342 1375 1374
1168 3 2 201 3 1342 1343 1376 1375
1169 3 2 201 3 1343 1344 1377 1376
1170 3 2 201 3 1344 1345 1378 1377
1171 3 2 201 3 1345 1346 1379 1378
1172 3 2 201 3 1346 1347 1380 1379
1173 3 2 201 3 1347 1348 1381 1380
1174 3 2 201 3 1348 1349 1382 1381
1175 3 2 201 3 1349 1350 1383 1382
1176 3 2 201 3 1350 1351 1384 1383
1177 3 2 201 3 1351 1352 1385 1384
1178 3 2 201 3 1352 1353 1386 1385
1179 3 2 201 3 1353 1354 1387 1386
1180 3 2 201 3 1354 1355 1388 1387
1181 3 2 201 3 1355 1356 1389 1388
1182 3 2 201 3 1356 1357 1390 1389
1183 3 2 201 3 1357 1358 1391 1390
1184 3 2 201 3 1358 1359 1392 1391
1185 3 2 201 3 1359 1360 1393 1392
1186 3 2 201 3 1360 1361 1394 1393
1187 3 2 201 3 1361 1362 1395 1394
1188 3 2 201 3 1362 1363 1396 1395
1189 3 2 201 3 1363 1364 1397 1396
1190 3 2 201 3 1364 212 213 1397
1191 3 2 201 3 157 1365 1398 158
1192 3 2 201 3 1365 1366 1399 1398
1193 3 2 201 3 1366 1367 1400 1399
1194 3 2 201 3 1367 1368 1401 1400
1195 3 2 201 3 1368 1369 1402 1401
1196 3 2 201 3 1369 1370 1403 1402
1197 3 2 201 3 1370 1371 1404 1403
1198 3 2 201 3 1371 1372 1405 1404
1199 3 2 201 3 1372 1373 1406 1405
1200 3 2 201 3 1373 1374 1407 1406
1201 3 2 201 3 1374 1375 1408 1407
1202 3 2 201 3 1375 1376 1409 1408
1203 3 2 201 3 1376 1377 1410 1409
1204 3 2 201 3 1377 1378 1411 1410
1205 3 2 201 3 1378 1379 1412 1411
1206 3 2 201 3 1379 1380 1413 1412
1207 3 2 201 3 1380 1381 1414 1413
1208 3 2 201 3 1381 1382 1415 1414
1209 3 2 201 3 1382 1383 1416 1415
1210 3 2 201 3 1383 1384 1417 1416
1211 3 2 201 3 1384 1385 1418 1417
1212 3 2 201 3 1385 1386 1419 1418
1213 3 2 201 3 1386 1387 1420 1419
1214 3 2 201 3 1387 1388 1421 1420
1215 3 2 201 3 1388 1389 1422 1421
1216 3 2 201 3 1389 1390 1423 1422
1217 3 2 201 3 1390 1391 1424 1423
1218 3 2 201 3 1391 1392 1425 1424
1219 3 2 201 3 1392 1393 1426 1425
1220 3 2 201 3 1393 1394 1427 1426
1221 3 2 201 3 1394 1395 1428 1427
1222 3 2 201 3 1395 1396 1429 1428
1223 3 2 201 3 1396 1397 1430 1429
1224 3 2 201 3 1397 213 214 1430
1225 3 2 201 3 158 1398 1431 159
1226 3 2 201 3 1398 1399 1432 1431
1227 3 2 201 3 1399 1400 1433 1432
1228 3 2 201 3 1400 1401 1434 1433
1229 3 2 201 3 1401 1402 1435 1434
1230 3 2 201 3 1402 1403 1436 1435
1231 3 2 201 3 1403 1404 1437 1436
1232 3 2 201 3 1404 1405 1438 1437
1233 3 2 201 3 1405 1406 1439 1438
1234 3 2 201 3 1406 1407 1440 1439
1235 3 2 201 3 1407 1408 1441 1440
1236 3 2 201 3 1408 1409 1442 1441
1237 3 2 201 3 1409 1410 1443 1442
1238 3 2 201 3 1410 1411 1444 1443
1239 3 2 201 3 1411 1412 1445 1444
1240 3 2 201 3 1412 1413 1446 1445
1241 3 2 201 3 1413 1414 1447 1446
1242 3 2 201 3 1414 1415 1448 1447
1243 3 2 201 3 1415 1416 1449 1448
1244 3 2 201 3 1416 1417 1450 1449
1245 3 2 201 3 1417 1418 1451 1450
1246 3 2 201 3 1418 1419 1452 1451
1247 3 2 201 3 1419 1420 1453 1452
1248 3 2 201 3 1420 1421 1454 1453
1249 3 2 201 3 1421 1422 1455 1454
1250 3 2 201 3 1422 1423 1456 1455
1251 3 2 201 3 1423 1424 1457 1456
1252 3 2 201 3 1424 1425 1458 1457
1253 3 2 201 3 1425 1426 1459 1458
1254 3 2 201 3 1426 1427 1460 1459
1255 3 2 201 3 1427 1428 1461 1460
1256 3 2 201 3 1428 1429 1462 1461
1257 3 2 201 3 1429 1430 1463 1462
1258 3 2 201 3 1430 214 215 1463
1259 3 2 201 3 159 1431 1464 160
1260 3 2 201 3 1431 1432 1465 1464
1261 3 2 201 3 1432 1433 1466 1465
1262 3 2 201 3 1433 1434 1467 1466
1263 3 2 201 3 1434 1435 1468 1467
1264 3 2 201 3 1435 1436 1469 1468
1265 3 2 201 3 1436 1437 1470 1469
1266 3 2 201 3 1437 1438 1471 1470
1267 3 2 201 3 1438 1439 1472 1471
1268 3 2 201 3 1439 1440 1473 1472
1269 3 2 201 3 1440 1441 1474 1473
1270 3 2 201 3 1441 1442 1475 1474
1271 3 2 201 3 1442 1443 1476 1475
1272 3 2 201 3 1443 1444 1477 1476
1273 3 2 201 3 1444 1445 1478 1477
1274 3 2 201 3 1445 1446 1479 1478
1275 3 2 201 3 1446 1447 1480 1479
1276 3 2 201 3 1447 1448 1481 1480
1277 3 2 201 3 1448 1449 1482 1481
1278 3 2 201 3 1449 1450 1483 1482
1279 3 2 201 3 1450 1451 1484 1483
1280 3 2 201 3 1451 1452 1485 1484
1281 3 2 201 3 1452 1453 1486 1485
1282 3 2 201 3 1453 1454 1487 1486
1283 3 2 201 3 1454 1455 1488 1487
1284 3 2 201 3 1455 1456 1489 1488
1285 3 2 201 3 1456 1457 1490 1489
1286 3 2 201 3 1457 1458 1491 1490
1287 3 2 201 3 1458 1459 1492 1491
1288 3 2 201 3 1459 1460 1493 1492
1289 3 2 201 3 1460 1461 1494 1493
1290 3 2 201 3 1461 1462 1495 1494
1291 3 2 201 3 1462 1463 1496 1495
1292 3 2 201 3 1463 215 216 1496
1293 3 2 201 3 160 1464 161 11
1294 3 2 201 3 1464 1465 162 161
1295 3 2 201 3 1465 1466 163 162
1296 3 2 201 3 1466 1467 164 163
1297 3 2 201 3 1467 1468 165 164
1298 3 2 201 3 1468 1469 166 165
1299 3 2 201 3 1469 1470 167 166
1300 3 2 201 3 1470 1471 168 167
1301 3 2 201 3 1471 1472 169 168
1302 3 2 201 3 1472 1473 170 169
1303 3 2 201 3 1473 1474 171 170
1304 3 2 201 3 1474 1475 172 171
1305 3 2 201 3 1475 1476 173 172
1306 3 2 201 3 1476 1477 174 173
1307 3 2 201 3 1477 1478 175 174
1308 3 2 201 3 1478 1479 176 175
1309 3 2 201 3 1479 1480 177 176
1310 3 2 201 3 1480 1481 178 177
1311 3 2 201 3 1481 1482 179 178
1312 3 2 201 3 1482 1483 180 179
1313 3 2 201 3 1483 1484 181 180
1314 3 2 201 3 1484 1485 182 181
1315 3 2 201 3 1485 1486 183 182
1316 3 2 201 3 1486 1487 184 183
1317 3 2 201 3 1487 1488 185 184
1318 3 2 201 3 1488 1489 186 185
1319 3 2 201 3 1489 1490 187 186
1320 3 2 201 3 1490 1491 188 187
1321 3 2 201 3 1491 1492 189 188
1322 3 2 201 3 1492 1493 190 189
1323 3 2 201 3 1493 1494 191 190
1324 3 2 201 3 1494 1495 192 191
1325 3 2 201 3 1495 1496 193 192
1326 3 2 201 3 1496 216 9 193
1327 3 2 101 4 12 11 161 217
1328 3 2 101 4 217 161 162 218
1329 3 2 101 4 218 162 163 219
1330 3 2 101 4 219 163 164 220
1331 3 2 101 4 220 164 165 221
1332 3 2 101 4 221 165 166 222
1333 3 2 101 4 222 166 167 223
1334 3 2 101 4 223 167 168 224
1335 3 2 101 4 224 168 169 225
1336 3 2 101 4 225 169 170 226
1337 3 2 101 4 226 170 171 227
1338 3 2 101 4 227 171 172 228
1339 3 2 101 4 228 172 173 229
1340 3 2 101 4 229 173 174 230
1341 3 2 101 4 230 174 175 231
1342 3 2 101 4 231 175 176 232
1343 3 2 101 4 232 176 177 233
1344 3 2 101 4 233 177 178 234
1345 3 2 101 4 234 178 179 235
1346 3 2 101 4 235 179 180 236
1347 3 2 101 4 236 180 181 237
1348 3 2 101 4 237 181 182 238
1349 3 2 101 4 238 182 183 239
1350 3 2 101 4 239 183 184 240
1351 3 2 101 4 240 184 185 241
1352 3 2 101 4 241 185 186 242
1353 3 2 101 4 242 186 187 243
1354 3 2 101 4 243 187 188 244
1355 3 2 101 4 244 188 189 245
1356 3 2 101 4 245 189 190 246
1357 3 2 101 4 246 190 191 247
1358 3 2 101 4 247 191 192 248
1359 3 2 101 4 248 192 193 249
1360 3 2 101 4 249 193 9 10
1361 3 2 201 5 12 217 1497 250
1362 3 2 201 5 217 218 1498 1497
1363 3 2 201 5 218 219 1499 1498
1364 3 2 201 5 219 220 1500 1499
1365 3 2 201 5 220 221 1501 1500
1366 3 2 201 5 221 222 1502 1501
1367 3 2 201 5 222 223 1503 1502
1368 3 2 201 5 223 224 1504 1503
1369 3 2 201 5 224 225 1505 1504
1370 3 2 201 5 225 226 1506 1505
1371 3 2 201 5 226 227 1507 1506
1372 3 2 201 5 227 228 1508 1507
1373 3 2 201 5 228 229 1509 1508
1374 3 2 201 5 229 230 1510 1509
1375 3 2 201 5 230 231 1511 1510
1376 3 2 201 5 231 232 1512 1511
1377 3 2 201 5 232 233 1513 1512
1378 3 2 201 5 233 234 1514 1513
1379 3 2 201 5 234 235 1515 1514
1380 3 2 201 5 235 236 1516 1515
1381 3 2 201 5 236 237 1517 1516
1382 3 2 201 5 237 238 1518 1517
1383 3 2 201 5 238 239 1519 1518
1384 3 2 201 5 239 240 1520 1519
1385 3 2 201 5 240 241 1521 1520
1386 3 2 201 5 241 242 1522 1521
1387 3 2 201 5 242 243 1523 1522
1388 3 2 201 5 243 244 1524 1523
1389 3 2 201 5 244 245 1525 1524
1390 3 2 201 5 245 246 1526 1525
1391 3 2 201 5 246 247 1527 1526
1392 3 2 201 5 247 248 1528 1527
1393 3 2 201 5 248 249 1529 1528
1394 3 2 201 5 249 10 296 1529
1395 3 2 201 5 250 1497 1530 251
1396 3 2 201 5 1497 1498 1531 1530
1397 3 2 201 5 1498 1499 1532 1531
1398 3 2 201 5 1499 1500 1533 1532
1399 3 2 201 5 1500 1501 1534 1533
1400 3 2 201 5 1501 1502 1535 1534
1401 3 2 201 5 1502 1503 1536 1535
1402 3 2 201 5 1503 1504 1537 1536
1403 3 2 201 5 1504 1505 1538 1537
1404 3 2 201 5 1505 1506 1539 1538
1405 3 2 201 5 1506 1507 1540 1539
1406 3 2 201 5 1507 1508 1541 1540
1407 3 2 201 5 1508 1509 1542 1541
1408 3 2 201 5 1509 1510 1543 1542
1409 3 2 201 5 1510 1511 1544 1543
1410 3 2 201 5 1511 1512 1545 1544
1411 3 2 201 5 1512 1513 1546 1545
1412 3 2 201 5 1513 1514 1547 1546
1413 3 2 201 5 1514 1515 1548 1547
1414 3 2 201 5 1515 1516 1549 1548
1415 3 2 201 5 1516 1517 1550 1549
1416 3 2 201 5 1517 1518 1551 1550
1417 3 2 201 5 1518 1519 1552 1551
1418 3 2 201 5 1519 1520 1553 1552
1419 3 2 201 5 1520 1521 1554 1553
1420 3 2 201 5 1521 1522 1555 1554
1421 3 2 201 5 1522 1523 1556 1555
1422 3 2 201 5 1523 1524 1557 1556
1423 3 2 201 5 1524 1525 1558 1557
1424 3 2 201 5 1525 1526 1559 1558
1425 3 2 201 5 1526 1527 1560 1559
1426 3 2 201 5 1527 1528 1561 1560
1427 3 2 201 5 1528 1529 1562 1561
1428 3 2 201 5 1529 296 297 1562
1429 3 2 201 5 251 1530 1563 252
1430 3 2 201 5 1530 1531 1564 1563
1431 3 2 201 5 1531 1532 1565 1564
1432 3 2 201 5 1532 1533 1566 1565
1433 3 2 201 5 1533 1534 1567 1566
1434 3 2 201 5 1534 1535 1568 1567
1435 3 2 201 5 1535 1536 1569 1568
1436 3 2 201 5 1536 1537 1570 1569
1437 3 2 201 5 1537 1538 1571 1570
1438 3 2 201 5 1538 1539 1572 1571
1439 3 2 201 5 1539 1540 1573 1572
1440 3 2 201 5 1540 1541 1574 1573
1441 3 2 201 5 1541 1542 1575 1574
1442 3 2 201 5 1542 1543 1576 1575
1443 3 2 201 5 1543 1544 1577 1576
1444 3 2 201 5 1544 1545 1578 1577
1445 3 2 201 5 1545 1546 1579 1578
1446 3 2 201 5 1546 1547 1580 1579
1447 3 2 201 5 1547 1548 1581 1580
1448 3 2 201 5 1548 1549 1582 1581
1449 3 2 201 5 1549 1550 1583 1582
1450 3 2 201 5 1550 1551 1584 1583
1451 3 2 201 5 1551 1552 1585 1584
1452 3 2 201 5 1552 1553 1586 1585
1453 3 2 201 5 1553 1554 1587 1586
1454 3 2 201 5 1554 1555 1588 1587
1455 3 2 201 5 1555 1556 1589 1588
1456 3 2 201 5 1556 1557 1590 1589
1457 3 2 201 5 1557 1558 1591 1590
1458 3 2 201 5 1558 1559 1592 1591
1459 3 2 201 5 1559 1560 1593 1592
1460 3 2 201 5 1560 1561 1594 1593
1461 3 2 201 5 1561 1562 1595 1594
1462 3 2 201 5 1562 297 298 1595
1463 3 2 201 5 252 1563 1596 253
1464 3 2 201 5 1563 1564 1597 1596
1465 3 2 201 5 1564 1565 1598 1597
1466 3 2 201 5 1565 1566 1599 1598
1467 3 2 201 5 1566 1567 1600 1599
1468 3 2 201 5 1567 1568 1601 1600
1469 3 2 201 5 1568 1569 1602 1601
1470 3 2 201 5 1569 1570 1603 1602
1471 3 2 201 5 1570 1571 1604 1603
1472 3 2 201 5 1571 1572 1605 1604
1473 3 2 201 5 1572 1573 1606 1605
1474 3 2 201 5 1573 1574 1607 1606
1475 3 2 201 5 1574 1575 1608 1607
1476 3 2 201 5 1575 1576 1609 1608
1477 3 2 201 5 1576 1577 1610 1609
1478 3 2 201 5 1577 1578 1611 1610
1479 3 2 201 5 1578 1579 1612 1611
1480 3 2 201 5 1579 1580 1613 1612
1481 3 2 201 5 1580 1581 1614 1613
1482 3 2 201 5 1581 1582 1615 1614
1483 3 2 201 5 1582 1583 1616 1615
1484 3 2 201 5 1583 1584 1617 1616
1485 3 2 201 5 1584 1585 1618 1617
1486 3 2 201 5 1585 1586 1619 1618
1487 3 2 201 5 1586 1587 1620 1619
1488 3 2 201 5 1587 1588 1621 1620
1489 3 2 201 5 1588 1589 1622 1621
1490 3 2 201 5 1589 1590 1623 1622
1491 3 2 201 5 1590 1591 1624 1623
1492 3 2 201 5 1591 1592 1625 1624
1493 3 2 201 5 1592 1593 1626 1625
1494 3 2 201 5 1593 1594 1627 1626
1495 3 2 201 5 1594 1595 1628 1627
1496 3 2 201 5 1595 298 299 1628
1497 3 2 201 5 253 1596 1629 254
1498 3 2 201 5 1596 1597 1630 1629
1499 3 2 201 5 1597 1598 1631 1630
1500 3 2 201 5 1598 1599 1632 1631
1501 3 2 201 5 1599 1600 1633 1632
1502 3 2 201 5 1600 1601 1634 1633
1503 3 2 201 5 1601 1602 1635 1634
1504 3 2 201 5 1602 1603 1636 1635
1505 3 2 201 5 1603 1604 1637 1636
1506 3 2 201 5 1604 1605 1638 1637
1507 3 2 201 5 1605 1606 1639 1638
1508 3 2 201 5 1606 1607 1640 1639
1509 3 2 201 5 1607 1608 1641 1640
1510 3 2 201 5 1608 1609 1642 1641
1511 3 2 201 5 1609 1610 1643 1642
1512 3 2 201 5 1610 1611 1644 1643
1513 3 2 201 5 1611 1612 1645 1644
1514 3 2 201 5 1612 1613 1646 1645
1515 3 2 201 5 1613 1614 1647 1646
1516 3 2 201 5 1614 1615 1648 1647
1517 3 2 201 5 1615 1616 1649 1648
1518 3 2 201 5 1616 1617 1650 1649
1519 3 2 201 5 1617 1618 1651 1650
1520 3 2 201 5 1618 1619 1652 1651
1521 3 2 201 5 1619 1620 1653 1652
1522 3 2 201 5 1620 1621 1654 1653
1523 3 2 201 5 1621 1622 1655 1654
1524 3 2 201 5 1622 1623 1656 1655
1525 3 2 201 5 1623 1624 1657 1656
1526 3 2 201 5 1624 1625 1658 1657
1527 3 2 201 5 1625 1626 1659 1658
1528 3 2 201 5 1626 1627 1660 1659
1529 3 2 201 5 1627 1628 1661 1660
1530 3 2 201 5 1628 299 300 1661
1531 3 2 201 5 254 1629 1662 255
1532 3 2 201 5 1629 1630 1663 1662
1533 3 2 201 5 1630 1631 1664 1663
1534 3 2 201 5 1631 1632 1665 1664
1535 3 2 201 5 1632 1633 1666 1665
1536 3 2 201 5 1633 1634 1667 1666
1537 3 2 201 5 1634 1635 1668 1667
1538 3 2 201 5 1635 1636 1669 1668
1539 3 2 201 5 1636 1637 1670 1669
1540 3 2 201 5 1637 1638 1671 1670
1541 3 2 201 5 1638 1639 1672 1671
1542 3 2 201 5 1639 1640 1673 1672
1543 3 2 201 5 1640 1641 1674 1673
1544 3 2 201 5 1641 1642 1675 1674
1545 3 2 201 5 1642 1643 1676 1675
1546 3 2 201 5 1643 1644 1677 1676
1547 3 2 201 5 1644 1645 1678 1677
1548 3 2 201 5 1645 1646 1679 1678
1549 3 2 201 5 1646 1647 1680 1679
1550 3 2 201 5 1647 1648 1681 1680
1551 3 2 201 5 1648 1649 1682 1681
1552 3 2 201 5 1649 1650 1683 1682
1553 3 2 201 5 1650 1651 1684 1683
1554 3 2 201 5 1651 1652 1685 1684
1555 3 2 201 5 1652 1653 1686 1685
1556 3 2 201 5 1653 1654 1687 1686
1557 3 2 201 5 1654 1655 1688 1687
1558 3 2 201 5 1655 1656 1689 1688
1559 3 2 201 5 1656 1657 1690 1689
1560 3 2 201 5 1657 1658 1691 1690
1561 3 2 201 5 1658 1659 1692 1691
1562 3 2 201 5 1659 1660 1693 1692
1563 3 2 201 5 1660 1661 1694 1693
1564 3 2 201 5 1661 300 301 1694
1565 3 2 201 5 255 1662 1695 256
1566 3 2 201 5 1662 1663 1696 1695
1567 3 2 201 5 1663 1664 1697 1696
1568 3 2 201 5 1664 1665 1698 1697
1569 3 2 201 5 1665 1666 1699 1698
1570 3 2 201 5 1666 1667 1700 1699
1571 3 2 201 5 1667 1668 1701 1700
1572 3 2 201 5 1668 1669 1702 1701
1573 3 2 201 5 1669 1670 1703 1702
1574 3 2 201 5 1670 1671 1704 1703
1575 3 2 201 5 1671 1672 1705 1704
1576 3 2 201 5 1672 1673 1706 1705
1577 3 2 201 5 1673 1674 1707 1706
1578 3 2 201 5 1674 1675 1708 1707
1579 3 2 201 5 1675 1676 1709 1708
1580 3 2 201 5 1676 1677 1710 1709
1581 3 2 201 5 1677 1678 1711 1710
1582 3 2 201 5 1678 1679 1712 1711
1583 3 2 201 5 1679 1680 1713 1712
1584 3 2 201 5 1680 1681 1714 1713
1585 3 2 201 5 1681 1682 1715 1714
1586 3 2 201 5 1682 1683 1716 1715
1587 3 2 201 5 1683 1684 1717 1716
1588 3 2 201 5 1684 1685 1718 1717
1589 3 2 201 5 1685 1686 1719 1718
1590 3 2 201 5 1686 1687 1720 1719
1591 3 2 201 5 1687 1688 1721 1720
1592 3 2 201 5 1688 1689 1722 1721
1593 3 2 201 5 1689 1690 1723 1722
1594 3 2 201 5 1690 1691 1724 1723
1595 3 2 201 5 1691 1692 1725 1724
1596 3 2 201 5 1692 1693 1726 1725
1597 3 2 201 5 1693 1694 1727 1726
1598 3 2 201 5 1694 301 302 1727
1599 3 2 201 5 256 1695 1728 257
1600 3 2 201 5 1695 1696 1729 1728
1601 3 2 201 5 1696 1697 1730 1729
1602 3 2 201 5 1697 1698 1731 1730
1603 3 2 201 5 1698 1699 1732 1731
1604 3 2 201 5 1699 1700 1733 1732
1605 3 2 201 5 1700 1701 1734 1733
1606 3 2 201 5 1701 1702 1735 1734
1607 3 2 201 5 1702 1703 1736 1735
1608 3 2 201 5 1703 1704 1737 1736
1609 3 2 201 5 1704 1705 1738 1737
1610 3 2 201 5 1705 1706 1739 1738
1611 3 2 201 5 1706 1707 1740 1739
1612 3 2 201 5 1707 1708 1741 1740
1613 3 2 201 5 1708 1709 1742 1741
1614 3 2 201 5 1709 1710 1743 1742
1615 3 2 201 5 1710 1711 1744 1743
1616 3 2 201 5 1711 1712 1745 1744
1617 3 2 201 5 1712 1713 1746 1745
1618 3 2 201 5 1713 1714 1747 1746
1619 3 2 201 5 1714 1715 1748 1747
1620 3 2 201 5 1715 1716 1749 1748
1621 3 2 201 5 1716 1717 1750 1749
1622 3 2 201 5 1717 1718 1751 1750
1623 3 2 201 5 1718 1719 1752 1751
1624 3 2 201 5 1719 1720 1753 1752
1625 3 2 201 5 1720 1721 1754 1753
1626 3 2 201 5 1721 1722 1755 1754
1627 3 2 201 5 1722 1723 1756 1755
1628 3 2 201 5 1723 1724 1757 1756
1629 3 2 201 5 1724 1725 1758 1757
1630 3 2 201 5 1725 1726 1759 1758
1631 3 2 201 5 1726 1727 1760 1759
1632 3 2 201 5 1727 302 303 1760
1633 3 2 201 5 257 1728 1761 258
1634 3 2 201 5 1728 1729 1762 1761
1635 3 2 201 5 1729 1730 1763 1762
1636 3 2 201 5 1730 1731 1764 1763
1637 3 2 201 5 1731 1732 1765 1764
1638 3 2 201 5 1732 1733 1766 1765
1639 3 2 201 5 1733 1734 1767 1766
1640 3 2 201 5 1734 1735 1768 1767
1641 3 2 201 5 1735 1736 1769 1768
1642 3 2 201 5 1736 1737 1770 1769
1643 3 2 201 5 1737 1738 1771 1770
1644 3 2 201 5 1738 1739 1772 1771
1645 3 2 201 5 1739 1740 1773 1772
1646 3 2 201 5 1740 1741 1774 1773
1647 3 2 201 5 1741 1742 1775 1774
1648 3 2 201 5 1742 1743 1776 1775
1649 3 2 201 5 1743 1744 1777 1776
1650 3 2 201 5 1744 1745 1778 1777
1651 3 2 201 5 1745 1746 1779 1778
1652 3 2 201 5 1746 1747 1780 1779
1653 3 2 201 5 1747 1748 1781 1780
1654 3 2 201 5 1748 1749 1782 1781
1655 3 2 201 5 1749 1750 1783 1782
1656 3 2 201 5 1750 1751 1784 1783
1657 3 2 201 5 1751 1752 1785 1784
1658 3 2 201 5 1752 1753 1786 1785
1659 3 2 201 5 1753 1754 1787 1786
1660 3 2 201 5 1754 1755 1788 1787
1661 3 2 201 5 1755 1756 1789 1788
1662 3 2 201 5 1756 1757 1790 1789
1663 3 2 201 5 1757 1758 1791 1790
1664 3 2 201 5 1758 1759 1792 1791
1665 3 2 201 5 1759 1760 1793 1792
1666 3 2 201 5 1760 303 304 1793
1667 3 2 201 5 258 1761 1794 259
1668 3 2 201 5 1761 1762 1795 1794
1669 3 2 201 5 1762 1763 1796 1795
1670 3 2 201 5 1763 1764 1797 1796
1671 3 2 201 5 1764 1765 1798 1797
1672 3 2 201 5 1765 1766 1799 1798
1673 3 2 201 5 1766 1767 1800 1799
1674 3 2 201 5 1767 1768 1801 1800
1675 3 2 201 5 1768 1769 1802 1801
1676 3 2 201 5 1769 1770 1803 1802
1677 3 2 201 5 1770 1771 1804 1803
1678 3 2 201 5 1771 1772 1805 1804
1679 3 2 201 5 1772 1773 1806 1805
1680 3 2 201 5 1773 1774 1807 1806
1681 3 2 201 5 1774 1775 1808 1807
1682 3 2 201 5 1775 1776 1809 1808
1683 3 2 201 5 1776 1777 1810 1809
1684 3 2 201 5 1777 1778 1811 1810
1685 3 2 201 5 1778 1779 1812 1811
1686 3 2 201 5 1779 1780 1813 1812
1687 3 2 201 5 1780 1781 1814 1813
1688 3 2 201 5 1781 1782 1815 1814
1689 3 2 201 5 1782 1783 1816 1815
1690 3 2 201 5 1783 1784 1817 1816
1691 3 2 201 5 1784 1785 1818 1817
1692 3 2 201 5 1785 1786 1819 1818
1693 3 2 201 5 1786 1787 1820 1819
1694 3 2 201 5 1787 1788 1821 1820
1695 3 2 201 5 1788 1789 1822 1821
1696 3 2 201 5 1789 1790 1823 1822
1697 3 2 201 5 1790 1791 1824 1823
1698 3 2 201 5 1791 1792 1825 1824
1699 3 2 201 5 1792 1793 1826 1825
1700 3 2 201 5 1793 304 305 1826
1701 3 2 201 5 259 1794 1827 260
1702 3 2 201 5 1794 1795 1828 1827
1703 3 2 201 5 1795 1796 1829 1828
1704 3 2 201 5 1796 1797 1830 1829
1705 3 2 201 5 1797 1798 1831 1830
1706 3 2 201 5 1798 1799 1832 1831
1707 3 2 201 5 1799 1800 1833 1832
1708 3 2 201 5 1800 1801 1834 1833
1709 3 2 201 5 1801 1802 1835 1834
1710 3 2 201 5 1802 1803 1836 1835
1711 3 2 201 5 1803 1804 1837 1836
1712 3 2 201 5 1804 1805 1838 1837
1713 3 2 201 5 1805 1806 1839 1838
1714 3 2 201 5 1806 1807 1840 1839
1715 3 2 201 5 1807 1808 1841 1840
1716 3 2 201 5 1808 1809 1842 1841
1717 3 2 201 5 1809 1810 1843 1842
1718 3 2 201 5 1810 1811 1844 1843
1719 3 2 201 5 1811 1812 1845 1844
1720 3 2 201 5 1812 1813 1846 1845
1721 3 2 201 5 1813 1814 1847 1846
1722 3 2 201 5 1814 1815 1848 1847
1723 3 2 201 5 1815 1816 1849 1848
1724 3 2 201 5 1816 1817 1850 1849
1725 3 2 201 5 1817 1818 1851 1850
1726 3 2 201 5 1818 1819 1852 1851
1727 3 2 201 5 1819 1820 1853 1852
1728 3 2 201 5 1820 1821 1854 1853
1729 3 2 201 5 1821 1822 1855 1854
1730 3 2 201 5 1822 1823 1856 1855
1731 3 2 201 5 1823 1824 1857 1856
1732 3 2 201 5 1824 1825 1858 1857
1733 3 2 201 5 1825 1826 1859 1858
1734 3 2 201 5 1826 305 306 1859
1735 3 2 201 5 260 1827 1860 261
1736 3 2 201 5 1827 1828 1861 1860
1737 3 2 201 5 1828 1829 1862 1861
1738 3 2 201 5 1829 1830 1863 1862
1739 3 2 201 5 1830 1831 1864 1863
1740 3 2 201 5 1831 1832 1865 1864
1741 3 2 201 5 1832 1833 1866 1865
1742 3 2 201 5 1833 1834 1867 1866
1743 3 2 201 5 1834 1835 1868 1867
1744 3 2 201 5 1835 1836 1869 1868
1745 3 2 201 5 1836 1837 1870 1869
1746 3 2 201 5 1837 1838 1871 1870
1747 3 2 201 5 1838 1839 1872 1871
1748 3 2 201 5 1839 1840 1873 1872
1749 3 2 201 5 1840 1841 1874 1873
1750 3 2 201 5 1841 1842 1875 1874
1751 3 2 201 5 1842 1843 1876 1875
1752 3 2 201 5 1843 1844 1877 1876
1753 3 2 201 5 1844 1845 1878 1877
1754 3 2 201 5 1845 1846 1879 1878
1755 3 2 201 5 1846 1847 1880 1879
1756 3 2 201 5 1847 1848 1881 1880
1757 3 2 201 5 1848 1849 1882 1881
1758 3 2 201 5 1849 1850 1883 1882
1759 3 2 201 5 1850 1851 1884 1883
1760 3 2 201 5 1851 1852 1885 1884
1761 3 2 201 5 1852 1853 1886 1885
1762 3 2 201 5 1853 1854 1887 1886
1763 3 2 201 5 1854 1855 1888 1887
1764 3 2 201 5 1855 1856 1889 1888
1765 3 2 201 5 1856 1857 1890 1889
1766 3 2 201 5 1857 1858 1891 1890
1767 3 2 201 5 1858 1859 1892 1891
1768 3 2 201 5 1859 306 307 1892
1769 3 2 201 5 261 1860 1893 262
1770 3 2 201 5 1860 1861 1894 1893
1771 3 2 201 5 1861 1862 1895 1894
1772 3 2 201 5 1862 1863 1896 1895
1773 3 2 201 5 1863 1864 1897 1896
1774 3 2 201 5 1864 1865 1898 1897
1775 3 2 201 5 1865 1866 1899 1898
1776 3 2 201 5 1866 1867 1900 1899
1777 3 2 201 5 1867 1868 1901 1900
1778 3 2 201 5 1868 1869 1902 1901
1779 3 2 201 5 1869 1870 1903 1902
1780 3 2 201 5 1870 1871 1904 1903
1781 3 2 201 5 1871 1872 1905 1904
1782 3 2 201 5 1872 1873 1906 1905
1783 3 2 201 5 1873 1874 1907 1906
1784 3 2 201 5 1874 1875 1908 1907
1785 3 2 201 5 1875 1876 1909 1908
1786 3 2 201 5 1876 1877 1910 1909
1787 3 2 201 5 1877 1878 1911 1910
1788 3 2 201 5 1878 1879 1912 1911
1789 3 2 201 5 1879 1880 1913 1912
1790 3 2 201 5 1880 1881 1914 1913
1791 3 2 201 5 1881 1882 1915 1914
1792 3 2 201 5 1882 1883 1916 1915
1793 3 2 201 5 1883 1884 1917 1916
1794 3 2 201 5 1884 1885 1918 1917
1795 3 2 201 5 1885 1886 1919 1918
1796 3 2 201 5 1886 1887 1920 1919
1797 3 2 201 5 1887 1888 1921 1920
1798 3 2 201 5 1888 1889 1922 1921
1799 3 2 201 5 1889 1890 1923 1922
1800 3 2 201 5 1890 1891 1924 1923
1801 3 2 201 5 1891 1892 1925 1924
1802 3 2 201 5 1892 307 308 1925
1803 3 2 201 5 262 1893 263 4
1804 3 2 201 5 1893 1894 264 263
1805 3 2 201 5 1894 1895 265 264
1806 3 2 201 5 1895 1896 266 265
1807 3 2 201 5 1896 1897 267 266
1808 3 2 201 5 1897 1898 268 267
1809 3 2 201 5 1898 1899 269 268
1810 3 2 201 5 1899 1900 270 269
1811 3 2 201 5 1900 1901 271 270
1812 3 2 201 5 1901 1902 272 271
1813 3 2 201 5 1902 1903 273 272
1814 3 2 201 5 1903 1904 274 273
1815 3 2 201 5 1904 1905 275 274
1816 3 2 201 5 1905 1906 276 275
1817 3 2 201 5 1906 1907 277 276
1818 3 2 201 5 1907 1908 278 277
1819 3 2 201 5 1908 1909 279 278
1820 3 2 201 5 1909 1910 280 279
1821 3 2 201 5 1910 1911 281 280
1822 3 2 201 5 1911 1912 282 281
1823 3 2 201 5 1912 1913 283 282
1824 3 2 201 5 1913 1914 284 283
1825 3 2 201 5 1914 1915 285 284
1826 3 2 201 5 1915 1916 286 285
1827 3 2 201 5 1916 1917 287 286
1828 3 2 201 5 1917 1918 288 287
1829 3 2 201 5 1918 1919 289 288
1830 3 2 201 5 1919 1920 290 289
1831 3 2 201 5 1920 1921 291 290
1832 3 2 201 5 1921 1922 292 291
1833 3 2 201 5 1922 1923 293 292
1834 3 2 201 5 1923 1924 294 293
1835 3 2 201 5 1924 1925 295 294
1836 3 2 201 5 1925 308 3 295
$EndElements
