$MeshFormat
2.2 0 8
$EndMeshFormat
$PhysicalNames
6
1 2 "bottom"
1 3 "left"
1 4 "right"
1 5 "top"
1 6 "arc"
2 1 "domain"
$EndPhysicalNames
$Nodes
2921
1 6.5 -857 0
2 70 -857 0
3 70 -787 0
4 0 -787 0
5 0 -850.5 0
6 35 -857 0
7 35 -822 0
8 0 -822 0
9 70 -822 0
10 35 -787 0
11 4.59619407771256 -852.4038059222875 0
12 11.5 -857 0
13 0 -845.5 0
14 8.131727983645296 -848.8682720163547 0
15 6.75 -857 0
16 7.000000000000001 -857 0
17 7.250000000000001 -857 0
18 7.500000000000002 -857 0
19 7.750000000000003 -857 0
20 8.000000000000002 -857 0
21 8.250000000000002 -857 0
22 8.500000000000002 -857 0
23 8.750000000000002 -857 0
24 9.000000000000002 -857 0
25 9.250000000000002 -857 0
26 9.500000000000002 -857 0
27 9.750000000000002 -857 0
28 10 -857 0
29 10.25 -857 0
30 10.5 -857 0
31 10.75 -857 0
32 11 -857 0
33 11.25 -857 0
34 12.67499999999903 -857 0
35 13.84999999999805 -857 0
36 15.02499999999708 -857 0
37 16.19999999999611 -857 0
38 17.37499999999513 -857 0
39 18.54999999999416 -857 0
40 19.72499999999319 -857 0
41 20.89999999999222 -857 0
42 22.07499999999125 -857 0
43 23.24999999999097 -857 0
44 24.42500000000707 -857 0
45 25.60000000002387 -857 0
46 26.77500000004066 -857 0
47 27.95000000005163 -857 0
48 29.12500000005066 -857 0
49 30.30000000004969 -857 0
50 31.47500000004872 -857 0
51 32.65000000003747 -857 0
52 33.82500000001873 -857 0
53 36.75 -857 0
54 38.5 -857 0
55 40.25 -857 0
56 42 -857 0
57 43.75 -857 0
58 45.5 -857 0
59 47.25 -857 0
60 49 -857 0
61 50.75 -857 0
62 52.5 -857 0
63 54.25 -857 0
64 56 -857 0
65 57.75 -857 0
66 59.5 -857 0
67 61.25 -857 0
68 63 -857 0
69 64.75 -857 0
70 66.5 -857 0
71 68.25 -857 0
72 70 -855.25 0
73 70 -853.5 0
74 70 -851.75 0
75 70 -850 0
76 70 -848.25 0
77 70 -846.5 0
78 70 -844.75 0
79 70 -843 0
80 70 -841.25 0
81 70 -839.5 0
82 70 -837.75 0
83 70 -836 0
84 70 -834.25 0
85 70 -832.5 0
86 70 -830.75 0
87 70 -829 0
88 70 -827.25 0
89 70 -825.5 0
90 70 -823.75 0
91 70 -820.25 0
92 70 -818.5 0
93 70 -816.75 0
94 70 -815 0
95 70 -813.25 0
96 70 -811.5 0
97 70 -809.75 0
98 70 -808 0
99 70 -806.25 0
100 70 -804.5 0
101 70 -802.75 0
102 70 -801 0
103 70 -799.25 0
104 70 -797.5 0
105 70 -795.75 0
106 70 -794 0
107 70 -792.25 0
108 70 -790.5 0
109 70 -788.75 0
110 68.25 -787 0
111 66.5 -787 0
112 64.75 -787 0
113 63 -787 0
114 61.25 -787 0
115 59.5 -787 0
116 57.75 -787 0
117 56 -787 0
118 54.25 -787 0
119 52.5 -787 0
120 50.75 -787 0
121 49 -787 0
122 47.25 -787 0
123 45.5 -787 0
124 43.75 -787 0
125 42 -787 0
126 40.25 -787 0
127 38.5 -787 0
128 36.75 -787 0
129 33.24999999999257 -787 0
130 31.49999999999152 -787 0
131 29.75000000000185 -787 0
132 28.00000000001218 -787 0
133 26.25000000002251 -787 0
134 24.50000000003285 -787 0
135 22.75000000004319 -787 0
136 21.00000000005352 -787 0
137 19.25000000006386 -787 0
138 17.5000000000735 -787 0
139 15.75000000006678 -787 0
140 14.00000000005936 -787 0
141 12.25000000005193 -787 0
142 10.50000000004452 -787 0
143 8.750000000037097 -787 0
144 7.000000000029679 -787 0
145 5.250000000022258 -787 0
146 3.500000000014836 -787 0
147 1.750000000007418 -787 0
148 0 -788.75 0
149 0 -790.5 0
150 0 -792.25 0
151 0 -794 0
152 0 -795.75 0
153 0 -797.5 0
154 0 -799.25 0
155 0 -801 0
156 0 -802.75 0
157 0 -804.5 0
158 0 -806.25 0
159 0 -808 0
160 0 -809.75 0
161 0 -811.5 0
162 0 -813.25 0
163 0 -815 0
164 0 -816.75 0
165 0 -818.5 0
166 0 -820.25 0
167 0 -823.175 0
168 0 -824.35 0
169 0 -825.525 0
170 0 -826.7 0
171 0 -827.875 0
172 0 -829.05 0
173 0 -830.225 0
174 0 -831.4 0
175 0 -832.575 0
176 0 -833.75 0
177 0 -834.925 0
178 0 -836.1 0
179 0 -837.275 0
180 0 -838.45 0
181 0 -839.625 0
182 0 -840.8 0
183 0 -841.975 0
184 0 -843.15 0
185 0 -844.325 0
186 0 -845.75 0
187 0 -846 0
188 0 -846.25 0
189 0 -846.5 0
190 0 -846.75 0
191 0 -847 0
192 0 -847.25 0
193 0 -847.5 0
194 0 -847.75 0
195 0 -848 0
196 0 -848.25 0
197 0 -848.5 0
198 0 -848.75 0
199 0 -849 0
200 0 -849.25 0
201 0 -849.5 0
202 0 -849.75 0
203 0 -850 0
204 0 -850.25 0
205 35 -855.25 0
206 35 -853.5 0
207 35 -851.75 0
208 35 -850 0
209 35 -848.25 0
210 35 -846.5 0
211 35 -844.75 0
212 35 -843 0
213 35 -841.25 0
214 35 -839.5 0
215 35 -837.75 0
216 35 -836 0
217 35 -834.25 0
218 35 -832.5 0
219 35 -830.75 0
220 35 -829 0
221 35 -827.25 0
222 35 -825.5 0
223 35 -823.75 0
224 36.75 -822 0
225 38.5 -822 0
226 40.25 -822 0
227 42 -822 0
228 43.75 -822 0
229 45.5 -822 0
230 47.25 -822 0
231 49 -822 0
232 50.75 -822 0
233 52.5 -822 0
234 54.25 -822 0
235 56 -822 0
236 57.75 -822 0
237 59.5 -822 0
238 61.25 -822 0
239 63 -822 0
240 64.75 -822 0
241 66.5 -822 0
242 68.25 -822 0
243 35 -788.75 0
244 35 -790.5 0
245 35 -792.25 0
246 35 -794 0
247 35 -795.75 0
248 35 -797.5 0
249 35 -799.25 0
250 35 -801 0
251 35 -802.75 0
252 35 -804.5 0
253 35 -806.25 0
254 35 -808 0
255 35 -809.75 0
256 35 -811.5 0
257 35 -813.25 0
258 35 -815 0
259 35 -816.75 0
260 35 -818.5 0
261 35 -820.25 0
262 1.749999999994815 -822 0
263 3.49999999998934 -822 0
264 5.249999999983868 -822 0
265 6.999999999978395 -822 0
266 8.749999999971187 -822 0
267 10.49999999996127 -822 0
268 12.24999999995135 -822 0
269 13.99999999994144 -822 0
270 15.74999999993152 -822 0
271 17.4999999999223 -822 0
272 19.24999999992944 -822 0
273 20.99999999993729 -822 0
274 22.74999999994512 -822 0
275 24.49999999995297 -822 0
276 26.2499999999608 -822 0
277 27.99999999996864 -822 0
278 29.74999999997648 -822 0
279 31.49999999998432 -822 0
280 33.24999999999216 -822 0
281 4.772970773001087 -852.227029226999 0
282 4.949747468307621 -852.0502525316924 0
283 5.126524163580813 -851.8734758364192 0
284 5.303300858925007 -851.696699141075 0
285 5.480077554166991 -851.519922445833 0
286 5.656854249515504 -851.3431457504845 0
287 5.833630944761808 -851.1663690552382 0
288 6.010407640099202 -850.9895923599008 0
289 6.187184335378881 -850.8128156646211 0
290 6.363961030676498 -850.6360389693235 0
291 6.540737725974636 -850.4592622740254 0
292 6.71751442125475 -850.2824855787453 0
293 6.894291116592873 -850.1057088834071 0
294 7.071067811839836 -849.9289321881602 0
295 7.247844507188957 -849.7521554928111 0
296 7.424621202431444 -849.5753787975685 0
297 7.601397897775986 -849.398602102224 0
298 7.778174593049716 -849.2218254069503 0
299 7.954951288356614 -849.0450487116434 0
300 9.47514158446508 -847.5248584155349 0
301 10.81855518528486 -846.1814448147152 0
302 12.16196878608116 -844.8380312139188 0
303 13.50538238689872 -843.4946176131012 0
304 14.84879598771541 -842.1512040122846 0
305 16.19220958853228 -840.8077904114677 0
306 17.53562318934984 -839.4643768106502 0
307 18.8790367901452 -838.1209632098548 0
308 20.22245039096276 -836.7775496090372 0
309 21.56586399178275 -835.4341360082173 0
310 22.90927759260511 -834.0907224073949 0
311 24.25269119342712 -832.7473088065728 0
312 25.59610479424975 -831.4038952057502 0
313 26.93951839506952 -830.0604816049305 0
314 28.2829319958893 -828.7170680041107 0
315 29.62634559670908 -827.373654403291 0
316 30.96975919752885 -826.0302408024711 0
317 32.31317279835154 -824.6868272016485 0
318 33.65658639917577 -823.3434136008242 0
319 6.494988735886518 -856.7448112057568 0
320 6.479962669097737 -856.4900158756395 0
321 6.454944973198905 -856.2360069418023 0
322 6.419974222269096 -855.9831760302784 0
323 6.37510432391006 -855.7319129133757 0
324 6.320404484636177 -855.4826051434808 0
325 6.255959035881757 -855.2356370720939 0
326 6.181867353537772 -854.9913895292357 0
327 6.098243667301796 -854.7502390850996 0
328 6.00521693414797 -854.5125576240197 0
329 5.902930612650083 -854.278711668669 0
330 5.79154238187183 -854.0490617019358 0
331 5.671224018482892 -853.8239618811823 0
332 5.542161021021097 -853.6037592521916 0
333 5.404552438560643 -853.3887934234043 0
334 5.258610423017253 -853.1793958044657 0
335 5.104560022414272 -852.9758892935743 0
336 4.942638760424535 -852.7785876671487 0
337 4.773096290381389 -852.5877951313716 0
338 4.412204871434915 -852.226903712213 0
339 4.221412341481694 -852.0573612469466 0
340 4.024110713932834 -851.8954399835039 0
341 3.820604171894218 -851.7413895598072 0
342 3.611206543087144 -851.5954475390497 0
343 3.396240677264562 -851.4578389357496 0
344 3.176038088832171 -851.3287759647244 0
345 2.950938258531616 -851.2084575979853 0
346 2.721288310189125 -851.0970693776034 0
347 2.487442329904007 -850.9947830467667 0
348 2.249760892531586 -850.901756324446 0
349 2.008610503230065 -850.818132657011 0
350 1.764362947951732 -850.7440409697717 0
351 1.517394890958398 -850.679595523632 0
352 1.268087101456315 -850.6248956790403 0
353 1.016824023030389 -850.5800257861742 0
354 0.7639930909701231 -850.54505503068 0
355 0.5099841270390666 -850.520037331113 0
356 0.2551888053727667 -850.5050112645508 0
357 11.49113391614587 -856.5485121029286 0
358 11.46454933927287 -856.0977204161802 0
359 11.42028725816243 -855.6483199561092 0
360 11.35841592197691 -855.2010036844448 0
361 11.27903072657689 -854.7564613065663 0
362 11.18225408157555 -854.3153783031706 0
363 11.06823523304291 -853.8784348755748 0
364 10.93714995221982 -853.4463046103165 0
365 10.78920037543277 -853.019653877015 0
366 10.62461465174586 -852.5991405950761 0
367 10.44364652492663 -852.1854130745838 0
368 10.2465750393341 -851.7791092749134 0
369 10.03370407184941 -851.3808557058434 0
370 9.805361898447359 -850.9912665194338 0
371 9.561900573283879 -850.6109423678736 0
372 9.30369544665445 -850.2404696142482 0
373 9.031144726991631 -849.8804196106701 0
374 8.744668613420355 -849.5313474547639 0
375 8.44470887238022 -849.1937914413754 0
376 7.806208555493575 -848.5552911247255 0
377 7.468652546440919 -848.2553313876087 0
378 7.119580395850419 -847.9688552781487 0
379 6.759530369997348 -847.6963045418993 0
380 6.389057665735255 -847.4380994491728 0
381 6.008733467267062 -847.1946380934029 0
382 5.619144239195492 -846.9662958973709 0
383 5.220890708628188 -846.7534249522799 0
384 4.814586953711538 -846.5563534881177 0
385 4.400859474637143 -846.3753853771303 0
386 3.980346148330804 -846.2107996339178 0
387 3.553695445549104 -846.062850065932 0
388 3.121565200376158 -845.9317647883774 0
389 2.684621702710299 -845.8177459198363 0
390 2.243538716781476 -845.7209692780673 0
391 1.798996362813527 -845.641584085508 0
392 1.351680072073375 -845.5797127451732 0
393 0.9022796019268453 -845.5354506621521 0
394 0.451487882428645 -845.5088660832788 0
395 6.744795994899 -856.7349962506159 0
396 6.994603253912562 -856.7251812954742 0
397 7.244410512924127 -856.7153663403337 0
398 7.494217771939939 -856.70555138519 0
399 7.74402503094964 -856.6957364300514 0
400 7.993832289965709 -856.685921474907 0
401 8.243639548975665 -856.6761065197682 0
402 8.493446807991074 -856.666291564625 0
403 8.743254067003026 -856.6564766094842 0
404 8.993061326016052 -856.6466616543429 0
405 9.242868585029113 -856.6368466992016 0
406 9.492675844041088 -856.6270317440608 0
407 9.742483103056541 -856.6172167889172 0
408 9.99229036206653 -856.6074018337783 0
409 10.24209762108264 -856.5975868786342 0
410 10.49190488009237 -856.5877719234959 0
411 10.7417121391082 -856.5779569683518 0
412 10.9915193981198 -856.5681420132115 0
413 11.24132665713338 -856.5583270580697 0
414 6.729192002605532 -856.4704011026673 0
415 6.978421336115463 -856.4507863296934 0
416 7.22765066962144 -856.4311715567229 0
417 7.476880003135836 -856.4115567837448 0
418 7.726109336638114 -856.3919420107779 0
419 7.975338670153018 -856.3723272377994 0
420 8.224568003655808 -856.3527124648317 0
421 8.473797337169398 -856.3330976918544 0
422 8.723026670676143 -856.3134829188832 0
423 8.972256004185017 -856.2938681459102 0
424 9.221485337693951 -856.274253372937 0
425 9.470714671200748 -856.2546385999657 0
426 9.719944004714419 -856.2350238269885 0
427 9.969173338217288 -856.2154090540206 0
428 10.21840267173227 -856.1957942810423 0
429 10.46763200523461 -856.1761795080752 0
430 10.71686133874904 -856.1565647350969 0
431 10.96609067225508 -856.1369499621266 0
432 11.21532000576505 -856.1173351891524 0
433 6.703212087445652 -856.2066225925189 0
434 6.951479201695573 -856.1772382432326 0
435 7.19974631593962 -856.1478538939517 0
436 7.448013430196173 -856.1184695446597 0
437 7.696280544434723 -856.0890851953835 0
438 7.944547658692038 -856.0597008460908 0
439 8.192814772931346 -856.0303164968141 0
440 8.4410818871867 -856.0009321475229 0
441 8.689349001431893 -855.9715477982409 0
442 8.937616115680241 -855.9421634489561 0
443 9.185883229928681 -855.9127790996713 0
444 9.434150344173949 -855.883394750389 0
445 9.68241745842943 -855.8540104010979 0
446 9.930684572668856 -855.8246260518213 0
447 10.17895168692628 -855.7952417025282 0
448 10.42721880116491 -855.7658573532522 0
449 10.67548591542153 -855.7364730039599 0
450 10.92375302966567 -855.707088654679 0
451 11.17202014391565 -855.6777043053924 0
452 6.666896307252601 -855.9440674129884 0
453 6.913818392240293 -855.9049587956949 0
454 7.160740477220231 -855.865850178408 0
455 7.407662562216689 -855.826741561106 0
456 7.654584647189361 -855.7876329438262 0
457 7.901506732186824 -855.7485243265235 0
458 8.1484288171605 -855.7094157092424 0
459 8.395350902155378 -855.6703070919419 0
460 8.64227298713682 -855.631198474654 0
461 8.889195072122439 -855.5920898573622 0
462 9.136117157108181 -855.55298124007 0
463 9.383039242089726 -855.5138726227821 0
464 9.629961327084768 -855.4747640054815 0
465 9.8768834120586 -855.4356553882004 0
466 10.1238054970562 -855.3965467708974 0
467 10.37072758202899 -855.357438153617 0
468 10.61764966702553 -855.3183295363156 0
469 10.8645717520056 -855.2792209190286 0
470 11.11149383699337 -855.2401123017346 0
471 6.620300644041063 -855.6831403330373 0
472 6.865496964177257 -855.6343677526944 0
473 7.110693284303844 -855.5855951723601 0
474 7.355889604450893 -855.5368225920071 0
475 7.601085924568482 -855.4880500116808 0
476 7.846282244716773 -855.4392774313269 0
477 8.091478564835612 -855.3905048509996 0
478 8.336674884980699 -855.3417322706485 0
479 8.581871205109152 -855.2929596903123 0
480 8.827067525242775 -855.2441871099716 0
481 9.072263845376551 -855.1954145296307 0
482 9.317460165505132 -855.1466419492949 0
483 9.562656485650427 -855.0978693689433 0
484 9.80785280576945 -855.0490967886158 0
485 10.05304912591792 -855.0003242082614 0
486 10.29824544603566 -854.9515516279353 0
487 10.5434417661828 -854.9027790475822 0
488 10.78863808630954 -854.8540064672478 0
489 11.03383440644584 -854.8052338869046 0
490 6.563496964480367 -855.424243801468 0
491 6.806589444330727 -855.3658824594492 0
492 7.049681924169663 -855.307521117441 0
493 7.292774404032928 -855.2491597754106 0
494 7.535866883861171 -855.1907984334122 0
495 7.77895936372591 -855.1324370913807 0
496 8.022051843555637 -855.0740757493809 0
497 8.265144323416569 -855.0157144073524 0
498 8.508236803257725 -854.9573530653422 0
499 8.751329283105029 -854.8989917233266 0
500 8.994421762952513 -854.8406303813106 0
501 9.237514242793821 -854.7822690393004 0
502 9.480606722655001 -854.7239076972716 0
503 9.723699202484951 -854.6655463552718 0
504 9.9667916823499 -854.6071850132397 0
505 10.20988416217832 -854.5488236712413 0
506 10.4529766420417 -854.4904623292107 0
507 10.69606912188082 -854.4321009872026 0
508 10.9391616017313 -854.3737396451837 0
509 6.496572845736603 -855.167776962271 0
510 6.73718665559858 -855.0999168524415 0
511 6.977800465447356 -855.0320567426239 0
512 7.218414275324246 -854.9641966327806 0
513 7.459028085160666 -854.8963365229747 0
514 7.69964189503926 -854.8284764131297 0
515 7.940255704877391 -854.7606163033223 0
516 8.180869514751585 -854.6927561934815 0
517 8.421483324602931 -854.6248960836615 0
518 8.662097134461376 -854.557035973835 0
519 8.902710944320026 -854.4891758640089 0
520 9.143324754171543 -854.4213157541892 0
521 9.383938564046026 -854.3534556443478 0
522 9.624552373884415 -854.2855955345401 0
523 9.865166183763252 -854.2177354246948 0
524 10.10577999359987 -854.149875314889 0
525 10.3463938034769 -854.0820152050451 0
526 10.58700761332588 -854.0141550952279 0
527 10.827621423188 -853.9462949853979 0
528 6.419631483468238 -854.9141352832931 0
529 6.657395613406777 -854.836881037343 0
530 6.895159743330375 -854.7596267914068 0
531 7.132923873285793 -854.6823725454409 0
532 7.370688003195399 -854.6051182995178 0
533 7.608452133152754 -854.5278640535505 0
534 7.846216263064295 -854.4506098076254 0
535 8.083980393016667 -854.3733555616625 0
536 8.32174452294317 -854.2961013157234 0
537 8.559508652877708 -854.2188470697772 0
538 8.797272782812486 -854.1415928238305 0
539 9.035036912739182 -854.0643385778915 0
540 9.272801042691881 -853.9870843319284 0
541 9.510565172603716 -853.9098300860031 0
542 9.748329302561345 -853.8325758400349 0
543 9.986093432471174 -853.7553215941118 0
544 10.22385756242675 -853.6780673481458 0
545 10.46162169235058 -853.6008131022091 0
546 10.69938582228929 -853.5235588562591 0
547 6.332791502704294 -854.6637098246988 0
548 6.567339338115785 -854.5771805642902 0
549 6.801887173510626 -854.4906513038969 0
550 7.036435008940931 -854.4041220434706 0
551 7.270982844320181 -854.3175927830922 0
552 7.505530679752639 -854.2310635226631 0
553 7.740078515134048 -854.1445342622825 0
554 7.974626350560953 -854.0580050018596 0
555 8.209174185959032 -853.971475741463 0
556 8.443722021366069 -853.8849464810583 0
557 8.678269856773367 -853.7984172206535 0
558 8.912817692171661 -853.7118879602572 0
559 9.147365527598932 -853.6253586998334 0
560 9.381913362980672 -853.5388294394526 0
561 9.616461198413434 -853.4523001790237 0
562 9.851009033792938 -853.3657709186448 0
563 10.08555686922341 -853.279241658218 0
564 10.32010470461852 -853.1927123978244 0
565 10.55465254003019 -853.1061831374154 0
566 6.236186820023407 -854.4168867725765 0
567 6.46715670590874 -854.3212159211245 0
568 6.69812659177575 -854.2255450696895 0
569 6.929096477681787 -854.1298742182173 0
570 7.160066363531638 -854.0342033667988 0
571 7.391036249440049 -853.9385325153246 0
572 7.622006135292274 -853.8428616639037 0
573 7.852976021194575 -853.7471908124352 0
574 8.083945907065146 -853.6515199609968 0
575 8.31491579294558 -853.5558491095492 0
576 8.545885678826302 -853.460178258101 0
577 8.77685556469711 -853.3645074066623 0
578 9.007825450599814 -853.2688365551935 0
579 9.2387953364524 -853.1731657037724 0
580 9.469765222361143 -853.0774948522978 0
581 9.700735108211273 -852.981824000879 0
582 9.931704994117503 -852.8861531494067 0
583 10.1626748799848 -852.7904822979717 0
584 10.39364476587034 -852.6948114465192 0
585 6.129966408259049 -854.1740467389692 0
586 6.357002203878808 -854.0693818092593 0
587 6.584037999478594 -853.9647168795686 0
588 6.811073795120906 -853.860051949837 0
589 7.038109590702 -853.755387020164 0
590 7.265145386346899 -853.6507220904301 0
591 7.492181181930579 -853.5460571607548 0
592 7.719216977568816 -853.4413922310273 0
593 7.946252773172487 -853.3367273013325 0
594 8.1732885687869 -853.2320623716278 0
595 8.400324364401627 -853.1273974419228 0
596 8.627360160005557 -853.0227325122278 0
597 8.854395955644232 -852.9180675824998 0
598 9.081431751228308 -852.8134026528239 0
599 9.308467546873571 -852.7087377230897 0
600 9.53550334245497 -852.6040727934164 0
601 9.762539138097484 -852.4994078636848 0
602 9.98957493369759 -852.3947429339937 0
603 10.21661072931756 -852.2900780042835 0
604 6.014294014739694 -853.9355640805896 0
605 6.237045647619214 -853.8220664592325 0
606 6.459797280477155 -853.708568837896 0
607 6.682548913381048 -853.5950712165153 0
608 6.905300546218789 -853.4815735951979 0
609 7.128052179125479 -853.3680759738147 0
610 7.350803811966016 -853.2545783524949 0
611 7.573555444865507 -853.1410807311181 0
612 7.796307077727646 -853.027583109778 0
613 8.019058710601396 -852.9140854884259 0
614 8.241810343475478 -852.800587867074 0
615 8.464561976337897 -852.6870902457333 0
616 8.687313609237865 -852.5735926243565 0
617 8.910065242078826 -852.4600950030358 0
618 9.132816874985908 -852.3465973816524 0
619 9.355568507823978 -852.233099760335 0
620 9.578320140728096 -852.119602138954 0
621 9.801071773586379 -852.0061045176172 0
622 10.02382340646613 -851.8926068962596 0
623 5.889348021145587 -853.7018065724209 0
624 6.107472023820787 -853.5796512636471 0
625 6.325596026472831 -853.4574959548961 0
626 6.543720029174183 -853.3353406460972 0
627 6.761844031804554 -853.2131853373667 0
628 6.979968034508906 -853.091030028565 0
629 7.198092037142277 -852.9688747198319 0
630 7.416216039838909 -852.8467194110376 0
631 7.634340042495456 -852.7245641022821 0
632 7.852464045164464 -852.6024087935143 0
633 8.070588047833832 -852.4802534847466 0
634 8.288712050490682 -852.3580981759906 0
635 8.50683605318782 -852.2359428671958 0
636 8.724960055821649 -852.1137875584623 0
637 8.943084058526422 -851.9916322496601 0
638 9.161208061157147 -851.8694769409295 0
639 9.379332063858737 -851.7473216321305 0
640 9.597456066511153 -851.6251663233791 0
641 9.815580069186606 -851.5030110146051 0
642 5.755321064886401 -853.4731346155601 0
643 5.968481108765048 -853.3425099789149 0
644 6.181641152618994 -853.2118853422933 0
645 6.394801196525537 -853.0812607056213 0
646 6.607961240356365 -852.9506360690228 0
647 6.821121284266106 -852.8200114323479 0
648 7.034281328100135 -852.689386795746 0
649 7.247441372001635 -852.5587621590786 0
650 7.46060141586039 -852.4281375224532 0
651 7.673761459732426 -852.2975128858145 0
652 7.886921503604853 -852.1668882491754 0
653 8.100081547463924 -852.0362636125493 0
654 8.313241591365973 -851.9056389758819 0
655 8.526401635200488 -851.7750143392797 0
656 8.739561679110679 -851.6443897026038 0
657 8.952721722941879 -851.5137650660049 0
658 9.165881766848678 -851.3831404293326 0
659 9.379041810703024 -851.2525157927114 0
660 9.592201854581937 -851.1218911560661 0
661 5.612419845290427 -853.2499008706341 0
662 5.820287252034371 -853.1110083178496 0
663 6.028154658752103 -852.9721157650914 0
664 6.236022065525653 -852.8332232122782 0
665 6.443889472218848 -852.6943306595437 0
666 6.651756878995794 -852.5554381067274 0
667 6.859624285692385 -852.4165455539896 0
668 7.067491692460586 -852.2776530011815 0
669 7.275359099183417 -852.1387604484179 0
670 7.483226505920348 -851.9998678956408 0
671 7.691093912657692 -851.8609753428632 0
672 7.898961319380865 -851.7220827900994 0
673 8.106828726149642 -851.5831902372909 0
674 8.314696132846748 -851.4442976845525 0
675 8.522563539624175 -851.3054051317354 0
676 8.730430946317766 -851.1665125790007 0
677 8.938298353091584 -851.0276200261874 0
678 9.14616575980974 -850.8887274734285 0
679 9.354033166553966 -850.7498349206442 0
680 5.460864674192375 -853.0324494949613 0
681 5.663118925382456 -852.8855031854424 0
682 5.865373176544844 -852.7385568759504 0
683 6.067627427766206 -852.5916105664011 0
684 6.269881678902671 -852.4446642569349 0
685 6.47213593012762 -852.2977179473816 0
686 6.674390181267672 -852.1507716379117 0
687 6.876644432483387 -852.0038253283675 0
688 7.078898683651161 -851.8568790188706 0
689 7.281152934833834 -851.709932709359 0
690 7.483407186016938 -851.562986399847 0
691 7.685661437185074 -851.4160400903493 0
692 7.887915688401392 -851.2690937808045 0
693 8.090169939541994 -851.1221474713341 0
694 8.292424190767449 -850.9752011617809 0
695 8.494678441904332 -850.828254852314 0
696 8.69693269312598 -850.6813085427641 0
697 8.899186944288815 -850.5343622332721 0
698 9.101441195479197 -850.3874159237528 0
699 5.300889257636052 -852.8211158094359 0
700 5.49721849287357 -852.6663423252822 0
701 5.693547728081945 -852.5115688411573 0
702 5.889876963352386 -852.3567953569712 0
703 6.086206198533475 -852.2020218728732 0
704 6.282535433807695 -852.0472483886828 0
705 6.478864668992561 -851.8924749045815 0
706 6.675193904257059 -851.737701420401 0
707 6.871523139471104 -851.5829279362702 0
708 7.067852374700829 -851.4281544521243 0
709 7.264181609931007 -851.2733809679776 0
710 7.46051084514543 -851.1186074838469 0
711 7.656840080410567 -850.9638339996658 0
712 7.853169315596007 -850.8090605155634 0
713 8.04949855087076 -850.6542870313727 0
714 8.245827786052292 -850.4995135472744 0
715 8.442157021323037 -850.3447400630879 0
716 8.638486256531875 -850.1899665789623 0
717 8.834815491769714 -850.0351930948083 0
718 5.13274025306689 -852.616225656537 0
719 5.322841745725756 -852.4538636459087 0
720 5.512943238354049 -852.2915016353109 0
721 5.703044731047449 -852.1291396246481 0
722 5.893146223647126 -851.9667776140785 0
723 6.083247716344486 -851.8044156034123 0
724 6.273349208948122 -851.6420535928389 0
725 6.463450701635286 -851.4796915821825 0
726 6.653552194269527 -851.3173295715787 0
727 6.843653686920216 -851.1549675609585 0
728 7.033755179571385 -850.9926055503379 0
729 7.223856672206024 -850.8302435397337 0
730 7.413958164893857 -850.667881529077 0
731 7.6040596574981 -850.5055195185026 0
732 7.794161150196016 -850.3431575078359 0
733 7.984262642796153 -850.1807954972658 0
734 8.174364135489871 -850.0184334866029 0
735 8.36446562811866 -849.8560714760046 0
736 8.554567120777858 -849.6937094653762 0
737 4.956676919473555 -852.4180949468796 0
738 5.140257548582986 -852.2483947623703 0
739 5.323838177660447 -852.078694577893 0
740 5.507418806805989 -851.9089943933477 0
741 5.690999435853526 -851.7392942088999 0
742 5.874580065003211 -851.5695940243506 0
743 6.05816069405489 -851.3998938398987 0
744 6.241741323193914 -851.2301936553603 0
745 6.425321952277594 -851.0604934708766 0
746 6.608902581378475 -850.890793286376 0
747 6.792483210479854 -850.7210931018745 0
748 6.976063839563952 -850.5513929173907 0
749 7.159644468703676 -850.381692732851 0
750 7.343225097755985 -850.2119925483987 0
751 7.526805726906253 -850.0422923638488 0
752 7.710386355954271 -849.8725921794005 0
753 7.893966985100147 -849.702891994855 0
754 8.077547614178124 -849.5331918103773 0
755 8.261128243287907 -849.3634916258676 0
756 12.66657722033775 -856.4835864977821 0
757 13.84202052452963 -856.4186608926353 0
758 15.01746382872042 -856.3537352874901 0
759 16.1929071329122 -856.2888096823435 0
760 17.36835043710393 -856.2238840771973 0
761 18.54379374129568 -856.1589584720509 0
762 19.71923704548745 -856.0940328669044 0
763 20.89468034967821 -856.0291072617593 0
764 22.07012365386998 -855.9641816566127 0
765 23.24556695806253 -855.8992560514661 0
766 24.4210102622707 -855.8343304463194 0
767 25.59645356647952 -855.7694048411727 0
768 26.77189687068837 -855.7044792360261 0
769 27.94734017489156 -855.6395536308797 0
770 29.12278347908345 -855.5746280257332 0
771 30.29822678327533 -855.5097024205869 0
772 31.47367008746721 -855.44477681544 0
773 32.64911339164949 -855.3798512102935 0
774 33.82455669582475 -855.3149256051468 0
775 12.64132187230854 -855.9678343953711 0
776 13.81809440534422 -855.8379483745616 0
777 14.99486693837771 -855.7080623537548 0
778 16.17163947141318 -855.5781763329459 0
779 17.34841200444856 -855.4482903121368 0
780 18.52518453748397 -855.3184042913283 0
781 19.70195707051944 -855.188518270519 0
782 20.87872960355285 -855.0586322497121 0
783 22.05550213658832 -854.928746228903 0
784 23.23227466962464 -854.798860208094 0
785 24.40904720267584 -854.6689741872844 0
786 25.58581973572763 -854.5390881664753 0
787 26.76259226877947 -854.4092021456655 0
788 27.93936480182583 -854.2793161248567 0
789 29.11613733486151 -854.1494301040473 0
790 30.29290986789719 -854.019544083238 0
791 31.46968240093286 -853.8896580624287 0
792 32.64645493395962 -853.7597720416194 0
793 33.82322746697982 -853.6298860208099 0
794 12.59927289525377 -855.4534039583035 0
795 13.77825853234512 -855.2584879604975 0
796 14.95724416943317 -855.0635719626953 0
797 16.1362298065242 -854.86865596489 0
798 17.31521544361511 -854.6737399670847 0
799 18.49420108070605 -854.4788239692792 0
800 19.67318671779709 -854.283907971474 0
801 20.85217235488501 -854.0889919736718 0
802 22.03115799197604 -853.8940759758664 0
803 23.210143629068 -853.6991599780606 0
804 24.38912926617411 -853.5042439802542 0
805 25.56811490328075 -853.3093279824482 0
806 26.74710054038748 -853.1144119846419 0
807 27.92608617748888 -852.9194959868363 0
808 29.10507181458023 -852.7245799890305 0
809 30.28405745167158 -852.529663991225 0
810 31.46304308876291 -852.334747993419 0
811 32.64202872584602 -852.1398319956129 0
812 33.82101436292301 -851.9449159978062 0
813 12.54049512587768 -854.9409535002225 0
814 13.72257432977845 -854.6809033159996 0
815 14.90465353367481 -854.4208531317813 0
816 16.08673273757515 -854.1608029475593 0
817 17.26881194147535 -853.9007527633372 0
818 18.45089114537557 -853.6407025791152 0
819 19.63297034927592 -853.3806523948931 0
820 20.81504955317211 -853.1206022106751 0
821 21.99712875707246 -852.860552026453 0
822 23.17920796097382 -852.6005018422303 0
823 24.36128716488858 -852.3404516580071 0
824 25.54336636880383 -852.080401473784 0
825 26.7254455727192 -851.8203512895609 0
826 27.90752477662941 -851.5603011053382 0
827 29.08960398053019 -851.3002509211155 0
828 30.27168318443096 -851.040200736893 0
829 31.45376238833172 -850.7801505526704 0
830 32.6358415922249 -850.5201003684473 0
831 33.81792079611245 -850.2600501842236 0
832 12.46507919024781 -854.4311382412372 0
833 13.65112765391873 -854.1058151759086 0
834 14.83717611758411 -853.7804921105857 0
835 16.0232245812545 -853.4551690452572 0
836 17.20927304492469 -853.1298459799291 0
837 18.39532150859493 -852.8045229146011 0
838 19.58136997226531 -852.4791998492728 0
839 20.76741843593048 -852.1538767839502 0
840 21.95346689960088 -851.8285537186218 0
841 23.13951536327236 -851.5032306532927 0
842 24.32556382695652 -851.1779075879635 0
843 25.51161229064111 -850.8525845226343 0
844 26.69766075432585 -850.5272614573046 0
845 27.88370921800559 -850.201938391976 0
846 29.06975768167651 -849.8766153266471 0
847 30.25580614534744 -849.5512922613182 0
848 31.44185460901834 -849.2259691959896 0
849 32.62790307268236 -848.9006461306599 0
850 33.81395153634117 -848.5753230653301 0
851 12.37314137749668 -853.9246093880114 0
852 13.56402867341782 -853.5338404728523 0
853 14.75491596933228 -853.1430715576998 0
854 15.94580326525278 -852.7523026425416 0
855 17.13669056117303 -852.3615337273834 0
856 18.32757785709334 -851.9707648122251 0
857 19.51846515301385 -851.5799958970667 0
858 20.70935244892804 -851.1892269819148 0
859 21.90023974484854 -850.7984580667562 0
860 23.09112704077022 -850.407689151597 0
861 24.28201433670385 -850.0169202364372 0
862 25.47290163263785 -849.6261513212773 0
863 26.66378892857204 -849.2353824061177 0
864 27.85467622450139 -848.8446134909586 0
865 29.04556352042252 -848.4538445757994 0
866 30.23645081634366 -848.0630756606399 0
867 31.42733811226479 -847.6723067454811 0
868 32.61822540817968 -847.281537830321 0
869 33.80911270408983 -846.8907689151605 0
870 12.26482347139083 -853.4220131317952 0
871 13.46141170973874 -852.9655913880158 0
872 14.65799994807884 -852.5091696442446 0
873 15.85458818642602 -852.0527479004658 0
874 17.0511764247729 -851.5963261566872 0
875 18.24776466311985 -851.1399044129091 0
876 19.44435290146703 -850.6834826691305 0
877 20.64094113980682 -850.2270609253591 0
878 21.83752937815399 -849.7706391815807 0
879 23.03411761650241 -849.3142174378008 0
880 24.23070585486208 -848.8577956940208 0
881 25.42729409322207 -848.4013739502408 0
882 26.62388233158227 -847.9449522064604 0
883 27.82047056993779 -847.488530462681 0
884 29.01705880828571 -847.0321087189016 0
885 30.21364704663362 -846.5756869751219 0
886 31.41023528498154 -846.1192652313426 0
887 32.60682352332388 -845.6628434875621 0
888 33.80341176166193 -845.2064217437812 0
889 12.14029245460905 -852.9239893798001 0
890 13.34343495699826 -852.4016741492832 0
891 14.54657745937851 -851.8793589187758 0
892 15.74971996176688 -851.3570436882602 0
893 16.95286246415493 -850.8347284577447 0
894 18.15600496654303 -850.3124132272293 0
895 19.3591474689314 -849.7900979967135 0
896 20.56228997131129 -849.2677827662062 0
897 21.76543247369966 -848.7454675356905 0
898 22.96857497608936 -848.223152305174 0
899 24.1717174784896 -847.7008370746562 0
900 25.3748599808901 -847.1785218441389 0
901 26.57800248329085 -846.6562066136213 0
902 27.78114498568707 -846.1338913831046 0
903 28.98428748807629 -845.6115761525882 0
904 30.18742999046552 -845.0892609220714 0
905 31.39057249285472 -844.5669456915546 0
906 32.59371499523903 -844.0446304610371 0
907 33.79685749761951 -843.5223152305184 0
908 11.99974035666149 -852.4311711831635 0
909 13.21028033789021 -851.8426884893116 0
910 14.4208203191088 -851.2542057954705 0
911 15.63136030033656 -850.6657231016201 0
912 16.84190028156396 -850.0772404077695 0
913 18.05244026279142 -849.4887577139192 0
914 19.26298024401919 -848.9002750200686 0
915 20.47352022523737 -848.3117923262275 0
916 21.68406020646513 -847.7233096323769 0
917 22.89460018769432 -847.1348269385251 0
918 24.10514016893332 -846.5463442446726 0
919 25.31568015017255 -845.9578615508199 0
920 26.52622013141204 -845.3693788569669 0
921 27.73676011264716 -844.7808961631156 0
922 28.94730009387589 -844.192413469264 0
923 30.15784007510461 -843.6039307754121 0
924 31.36838005633333 -843.0154480815606 0
925 32.57892003755779 -842.4269653877075 0
926 33.7894600187789 -841.8384826938538 0
927 11.84338391915908 -851.9441835653211 0
928 13.0621531865723 -851.2892265355665 0
929 14.28092245397421 -850.6342695058233 0
930 15.49969172138636 -849.9793124760695 0
931 16.71846098879809 -849.3243554463161 0
932 17.93723025620991 -848.6693984165629 0
933 19.15599952362206 -848.0144413868093 0
934 20.37476879102352 -847.3594843570663 0
935 21.59353805843567 -846.7045273273125 0
936 22.81230732584933 -846.0495702975575 0
937 24.0310765932721 -845.3946132678013 0
938 25.24984586069505 -844.7396562380459 0
939 26.46861512811829 -844.0846992082897 0
940 27.68738439553731 -843.429742178535 0
941 28.90615366295053 -842.7747851487802 0
942 30.12492293036375 -842.1198281190254 0
943 31.34369219777695 -841.4648710892707 0
944 32.56246146518659 -840.8099140595141 0
945 33.78123073259329 -840.154957029757 0
946 11.67146419868096 -851.4636424208536 0
947 12.89928187243529 -850.7418717671233 0
948 14.12709954617713 -850.0201011134059 0
949 15.35491721993029 -849.2983304596765 0
950 16.58273489368298 -848.576559805948 0
951 17.81055256743576 -847.8547891522194 0
952 19.03837024118891 -847.1330184984903 0
953 20.26618791493025 -846.411247844773 0
954 21.49400558868341 -845.6894771910437 0
955 22.72182326243815 -844.9677065373135 0
956 23.94964093620132 -844.2459358835819 0
957 25.1774586099646 -843.5241652298505 0
958 26.40527628372821 -842.8023945761187 0
959 27.63309395748776 -842.0806239223884 0
960 28.86091163124209 -841.3588532686583 0
961 30.08872930499641 -840.6370826149277 0
962 31.31654697875074 -839.9153119611974 0
963 32.54436465250214 -839.1935413074659 0
964 33.77218232625106 -838.4717706537326 0
965 11.48424628736821 -850.9901538111665 0
966 12.72191753540232 -850.2011983474193 0
967 13.95958878342275 -849.4122428836866 0
968 15.19726003145557 -848.6232874199411 0
969 16.43493127948788 -847.834331956196 0
970 17.67260252752029 -847.0453764924508 0
971 18.91027377555311 -846.2564210287052 0
972 20.147945023573 -845.4674655649728 0
973 21.38561627160582 -844.6785101012271 0
974 22.62328751964032 -843.8895546374805 0
975 23.86095876768254 -843.100599173732 0
976 25.09863001572483 -842.3116437099839 0
977 26.33630126376749 -841.5226882462355 0
978 27.57397251180622 -840.7337327824885 0
979 28.81164375984033 -839.9447773187417 0
980 30.04931500787445 -839.1558218549949 0
981 31.28698625590854 -838.366866391248 0
982 32.52465750394036 -837.5779109274993 0
983 33.76232875197018 -836.7889554637495 0
984 11.28201886825791 -850.5243129205497 0
985 12.5303336646664 -849.6677701352567 0
986 13.77864846106002 -848.8112273499779 0
987 15.02696325746711 -847.9546845646859 0
988 16.27527805387365 -847.0981417793945 0
989 17.52359285028031 -846.2415989941029 0
990 18.7719076466874 -845.3850562088107 0
991 20.02022244308043 -844.5285134235329 0
992 21.26853723948751 -843.671970638241 0
993 22.51685203589637 -842.8154278529473 0
994 23.76516683231229 -841.9588850676523 0
995 25.0134816287282 -841.1023422823573 0
996 26.26179642514451 -840.2457994970621 0
997 27.51011122155704 -839.3892567117687 0
998 28.75842601796554 -838.5327139264751 0
999 30.00674081437403 -837.6761711411818 0
1000 31.25505561078252 -836.8196283558883 0
1001 32.50337040718939 -835.963085570593 0
1002 33.7516852035947 -835.1065427852964 0
1003 11.06509380352611 -850.066703193461 0
1004 12.32482570860486 -849.1421398674875 0
1005 13.58455761366754 -848.2175765415305 0
1006 14.84428951874476 -847.2930132155593 0
1007 16.1040214238214 -846.3684498895884 0
1008 17.36375332889816 -845.4438865636173 0
1009 18.62348523397539 -844.5193232376454 0
1010 19.88321713903742 -843.5947599116894 0
1011 21.14294904411465 -842.6701965857177 0
1012 22.40268094919375 -841.7456332597445 0
1013 23.66241285427921 -840.8210699337696 0
1014 24.92214475936461 -839.8965066077949 0
1015 26.18187666445046 -838.9719432818201 0
1016 27.44160856953266 -838.0473799558472 0
1017 28.70134047461141 -837.1228166298741 0
1018 29.96107237969016 -836.1982533039011 0
1019 31.22080428476892 -835.2736899779278 0
1020 32.48053618984668 -834.3491266519525 0
1021 33.74026809492334 -833.4245633259761 0
1022 10.83380554462096 -849.6178952494786 0
1023 12.10571051595804 -848.6248481310829 0
1024 13.37761548727782 -847.6318010127052 0
1025 14.64952045861326 -846.6387538943117 0
1026 15.92142542994807 -845.6457067759191 0
1027 17.193330401283 -844.6526596575258 0
1028 18.46523537261845 -843.6596125391321 0
1029 19.73714034393754 -842.6665654207553 0
1030 21.00904531527298 -841.6735183023617 0
1031 22.28095028661039 -840.6804711839663 0
1032 23.55285525795347 -839.6874240655693 0
1033 24.82476022929646 -838.6943769471725 0
1034 26.0966652006399 -837.7013298287752 0
1035 27.36857017197985 -836.7082827103802 0
1036 28.64047514331693 -835.7152355919851 0
1037 29.91238011465401 -834.7221884735899 0
1038 31.18428508599108 -833.7291413551948 0
1039 32.45619005732783 -832.7360942367972 0
1040 33.72809502866392 -831.7430471183985 0
1041 10.58851067432316 -849.1784461335344 0
1042 11.87332590199186 -848.1164226528202 0
1043 13.15814112964204 -847.0543991721248 0
1044 14.442956357309 -845.9923756914123 0
1045 15.72777158497527 -844.930352210701 0
1046 17.01258681264168 -843.8683287299893 0
1047 18.29740204030863 -842.8063052492769 0
1048 19.58221726795808 -841.7442817685821 0
1049 20.86703249562503 -840.68225828787 0
1050 22.15184772329403 -839.6202348071556 0
1051 23.43666295096805 -838.5582113264398 0
1052 24.72147817864191 -837.4961878457239 0
1053 26.00629340631627 -836.4341643650077 0
1054 27.29110863398726 -835.3721408842939 0
1055 28.57592386165598 -834.31011740358 0
1056 29.86073908932467 -833.2480939228659 0
1057 31.14555431699337 -832.1860704421517 0
1058 32.43036954466241 -831.1240469614352 0
1059 33.7151847723312 -830.0620234807175 0
1060 10.32958749064363 -848.7488986301348 0
1061 11.62803025429563 -847.6173776495998 0
1062 12.92647301792788 -846.4858566690843 0
1063 14.22491578157802 -845.3543356885509 0
1064 15.52335854522742 -844.2228147080181 0
1065 16.82180130887696 -843.0912937274854 0
1066 18.1202440725271 -841.9597727469521 0
1067 19.41868683615856 -840.8282517664377 0
1068 20.71712959980869 -839.6967307859042 0
1069 22.01557236346097 -838.5652098053687 0
1070 23.31401512711759 -837.4336888248314 0
1071 24.61245789077401 -836.3021678442942 0
1072 25.91090065443096 -835.1706468637568 0
1073 27.20934341808466 -834.0391258832215 0
1074 28.50778618173667 -832.9076049026863 0
1075 29.80622894538866 -831.7760839221513 0
1076 31.10467170904065 -830.6445629416157 0
1077 32.40311447269362 -829.5130419610784 0
1078 33.70155723634682 -828.3815209805389 0
1079 10.05743518275107 -848.3297800820239 0
1080 11.3702017520818 -847.1282127092837 0
1081 12.68296832139152 -845.9266453365649 0
1082 13.99573489072026 -844.7250779638265 0
1083 15.30850146004821 -843.5235105910895 0
1084 16.62126802937632 -842.3219432183521 0
1085 17.93403459870506 -841.1203758456141 0
1086 19.24680116801396 -839.918808472896 0
1087 20.55956773734268 -838.7172411001577 0
1088 21.87233430667366 -837.5156737274179 0
1089 23.18510087600831 -836.3141063546753 0
1090 24.49786744534272 -835.1125389819332 0
1091 25.81063401467768 -833.9109716091908 0
1092 27.12340058400954 -832.7094042364507 0
1093 28.43616715334025 -831.507836863711 0
1094 29.74893372267096 -830.3062694909707 0
1095 31.06170029200168 -829.1047021182308 0
1096 32.37446686133401 -827.903134745488 0
1097 33.68723343066701 -826.7015673727441 0
1098 9.772473428763101 -847.9216018693047 0
1099 11.10023798514598 -846.649412297234 0
1100 12.42800254150663 -845.3772227251856 0
1101 13.75576709788741 -844.1050331531167 0
1102 15.08353165426736 -842.8328435810491 0
1103 16.41129621064748 -841.5606540089811 0
1104 17.73906076702826 -840.2884644369127 0
1105 19.06682532338802 -839.0162748648651 0
1106 20.3945898797688 -837.7440852927964 0
1107 21.72235443615191 -836.4718957207256 0
1108 23.05011899253804 -835.1997061486525 0
1109 24.37788354892388 -833.9275165765797 0
1110 25.70564810531031 -832.6553270045063 0
1111 27.03341266169374 -831.3831374324357 0
1112 28.36117721807662 -830.1109478603647 0
1113 29.68894177445949 -828.8387582882941 0
1114 31.01670633084237 -827.5665687162234 0
1115 32.34447088722751 -826.2943791441501 0
1116 33.67223544361375 -825.0221895720747 0
1117 36.75 -855.2500000000001 0
1118 38.5 -855.25 0
1119 40.25 -855.25 0
1120 42 -855.2499999999999 0
1121 43.75 -855.25 0
1122 45.5 -855.25 0
1123 47.25 -855.25 0
1124 49 -855.25 0
1125 50.75 -855.25 0
1126 52.5 -855.25 0
1127 54.24999999999999 -855.25 0
1128 56 -855.25 0
1129 57.75000000000001 -855.25 0
1130 59.5 -855.25 0
1131 61.25000000000001 -855.25 0
1132 62.99999999999999 -855.25 0
1133 64.75 -855.25 0
1134 66.5 -855.25 0
1135 68.25 -855.25 0
1136 36.75 -853.4999999999999 0
1137 38.5 -853.4999999999999 0
1138 40.24999999999999 -853.5000000000001 0
1139 41.99999999999999 -853.5000000000001 0
1140 43.75 -853.5 0
1141 45.5 -853.5000000000001 0
1142 47.25 -853.5 0
1143 48.99999999999999 -853.5000000000002 0
1144 50.74999999999999 -853.5000000000001 0
1145 52.5 -853.4999999999999 0
1146 54.25 -853.5 0
1147 55.99999999999999 -853.5 0
1148 57.75 -853.5 0
1149 59.50000000000001 -853.5 0
1150 61.25 -853.5 0
1151 62.99999999999999 -853.5 0
1152 64.75 -853.5 0
1153 66.5 -853.5 0
1154 68.25 -853.5 0
1155 36.75 -851.75 0
1156 38.49999999999999 -851.7499999999997 0
1157 40.25 -851.7499999999998 0
1158 42 -851.75 0
1159 43.75 -851.75 0
1160 45.5 -851.7500000000001 0
1161 47.25 -851.7499999999998 0
1162 49 -851.7499999999998 0
1163 50.75 -851.75 0
1164 52.5 -851.7500000000001 0
1165 54.25 -851.75 0
1166 56 -851.7499999999998 0
1167 57.75 -851.7499999999998 0
1168 59.5 -851.7499999999998 0
1169 61.25 -851.75 0
1170 63 -851.75 0
1171 64.75 -851.7500000000001 0
1172 66.5 -851.75 0
1173 68.25 -851.75 0
1174 36.75 -850 0
1175 38.49999999999999 -849.9999999999998 0
1176 40.25 -850 0
1177 41.99999999999999 -849.9999999999998 0
1178 43.75 -850 0
1179 45.5 -850 0
1180 47.25 -850 0
1181 48.99999999999999 -850 0
1182 50.74999999999999 -850 0
1183 52.5 -850 0
1184 54.24999999999999 -850 0
1185 55.99999999999999 -850 0
1186 57.75 -850 0
1187 59.5 -850 0
1188 61.24999999999999 -850 0
1189 62.99999999999999 -849.9999999999999 0
1190 64.75 -850 0
1191 66.5 -850 0
1192 68.25 -849.9999999999999 0
1193 36.75 -848.25 0
1194 38.5 -848.2500000000002 0
1195 40.25 -848.2499999999998 0
1196 41.99999999999999 -848.25 0
1197 43.75 -848.25 0
1198 45.50000000000001 -848.2500000000002 0
1199 47.25 -848.2500000000002 0
1200 49 -848.25 0
1201 50.75 -848.25 0
1202 52.5 -848.25 0
1203 54.25 -848.25 0
1204 56 -848.25 0
1205 57.75 -848.25 0
1206 59.50000000000001 -848.25 0
1207 61.25 -848.25 0
1208 62.99999999999999 -848.25 0
1209 64.75 -848.25 0
1210 66.5 -848.25 0
1211 68.25 -848.25 0
1212 36.75 -846.5 0
1213 38.5 -846.5 0
1214 40.25 -846.5 0
1215 42 -846.5 0
1216 43.75 -846.5000000000001 0
1217 45.5 -846.5 0
1218 47.25 -846.5000000000002 0
1219 49 -846.5 0
1220 50.75 -846.5 0
1221 52.5 -846.5 0
1222 54.24999999999999 -846.5000000000002 0
1223 56 -846.5 0
1224 57.75 -846.5000000000001 0
1225 59.5 -846.5 0
1226 61.25000000000001 -846.5000000000001 0
1227 62.99999999999999 -846.5000000000001 0
1228 64.75 -846.5 0
1229 66.5 -846.5 0
1230 68.25 -846.5 0
1231 36.75 -844.7499999999999 0
1232 38.5 -844.7499999999999 0
1233 40.25 -844.75 0
1234 42 -844.7500000000003 0
1235 43.75 -844.75 0
1236 45.5 -844.7499999999998 0
1237 47.25 -844.75 0
1238 49 -844.7499999999999 0
1239 50.75 -844.7499999999999 0
1240 52.5 -844.75 0
1241 54.25 -844.75 0
1242 56 -844.75 0
1243 57.75 -844.75 0
1244 59.5 -844.75 0
1245 61.25 -844.75 0
1246 63.00000000000001 -844.75 0
1247 64.75 -844.75 0
1248 66.5 -844.75 0
1249 68.25 -844.75 0
1250 36.75 -843 0
1251 38.49999999999999 -843 0
1252 40.25 -843 0
1253 41.99999999999999 -842.9999999999999 0
1254 43.75 -843 0
1255 45.5 -843.0000000000001 0
1256 47.25 -843 0
1257 49 -843.0000000000001 0
1258 50.75 -843 0
1259 52.5 -843 0
1260 54.25 -843 0
1261 56 -843 0
1262 57.75 -843 0
1263 59.5 -843 0
1264 61.25 -843 0
1265 62.99999999999999 -843 0
1266 64.75 -843 0
1267 66.5 -843 0
1268 68.25 -843 0
1269 36.75 -841.25 0
1270 38.49999999999999 -841.25 0
1271 40.25 -841.25 0
1272 41.99999999999999 -841.25 0
1273 43.75 -841.25 0
1274 45.5 -841.25 0
1275 47.25 -841.2499999999999 0
1276 49 -841.25 0
1277 50.74999999999999 -841.2499999999998 0
1278 52.5 -841.25 0
1279 54.24999999999999 -841.2499999999999 0
1280 55.99999999999999 -841.25 0
1281 57.75 -841.2499999999999 0
1282 59.5 -841.25 0
1283 61.25 -841.25 0
1284 62.99999999999999 -841.25 0
1285 64.75 -841.2499999999999 0
1286 66.5 -841.25 0
1287 68.25 -841.25 0
1288 36.75 -839.5000000000001 0
1289 38.5 -839.5000000000001 0
1290 40.25 -839.4999999999999 0
1291 42 -839.4999999999999 0
1292 43.75 -839.5 0
1293 45.5 -839.5000000000001 0
1294 47.25 -839.5000000000001 0
1295 49 -839.5000000000001 0
1296 50.75 -839.4999999999999 0
1297 52.5 -839.5 0
1298 54.25 -839.5 0
1299 56 -839.5 0
1300 57.75 -839.5 0
1301 59.5 -839.5 0
1302 61.25 -839.5 0
1303 63 -839.5 0
1304 64.75 -839.5 0
1305 66.5 -839.5 0
1306 68.25 -839.5 0
1307 36.75 -837.75 0
1308 38.5 -837.75 0
1309 40.25 -837.7500000000001 0
1310 42 -837.7499999999999 0
1311 43.75 -837.75 0
1312 45.5 -837.7500000000001 0
1313 47.25 -837.75 0
1314 48.99999999999999 -837.75 0
1315 50.75 -837.7499999999999 0
1316 52.5 -837.75 0
1317 54.25 -837.7500000000001 0
1318 56 -837.75 0
1319 57.75 -837.75 0
1320 59.5 -837.75 0
1321 61.25 -837.75 0
1322 63 -837.75 0
1323 64.75 -837.75 0
1324 66.5 -837.75 0
1325 68.25 -837.75 0
1326 36.75 -835.9999999999998 0
1327 38.5 -835.9999999999999 0
1328 40.25 -836 0
1329 41.99999999999999 -836.0000000000001 0
1330 43.75 -836 0
1331 45.5 -835.9999999999997 0
1332 47.25 -836 0
1333 49 -836 0
1334 50.74999999999999 -836 0
1335 52.5 -836 0
1336 54.25 -836 0
1337 56 -836 0
1338 57.75 -835.9999999999999 0
1339 59.5 -836 0
1340 61.25 -836 0
1341 62.99999999999999 -836 0
1342 64.75 -836 0
1343 66.5 -836 0
1344 68.25 -836 0
1345 36.75 -834.2500000000001 0
1346 38.5 -834.25 0
1347 40.25 -834.2500000000001 0
1348 42 -834.25 0
1349 43.75 -834.25 0
1350 45.5 -834.2500000000001 0
1351 47.25 -834.25 0
1352 49 -834.25 0
1353 50.75 -834.25 0
1354 52.5 -834.2499999999999 0
1355 54.25 -834.2500000000001 0
1356 56 -834.25 0
1357 57.75 -834.25 0
1358 59.5 -834.25 0
1359 61.25 -834.25 0
1360 63 -834.25 0
1361 64.75 -834.25 0
1362 66.5 -834.25 0
1363 68.25 -834.2500000000001 0
1364 36.75 -832.5000000000001 0
1365 38.49999999999999 -832.4999999999999 0
1366 40.25 -832.5 0
1367 42 -832.5000000000001 0
1368 43.75 -832.5 0
1369 45.5 -832.5 0
1370 47.25 -832.5 0
1371 49 -832.5 0
1372 50.75 -832.4999999999999 0
1373 52.5 -832.5 0
1374 54.24999999999999 -832.5 0
1375 56 -832.5 0
1376 57.75 -832.5 0
1377 59.5 -832.5 0
1378 61.25000000000001 -832.5 0
1379 63 -832.5 0
1380 64.75 -832.5 0
1381 66.5 -832.4999999999999 0
1382 68.25 -832.5000000000001 0
1383 36.75 -830.75 0
1384 38.5 -830.7500000000002 0
1385 40.25 -830.7499999999998 0
1386 41.99999999999999 -830.7499999999999 0
1387 43.75 -830.75 0
1388 45.50000000000001 -830.7500000000001 0
1389 47.25 -830.7500000000002 0
1390 49 -830.75 0
1391 50.75 -830.7499999999999 0
1392 52.5 -830.75 0
1393 54.25 -830.75 0
1394 56 -830.75 0
1395 57.75 -830.75 0
1396 59.50000000000001 -830.75 0
1397 61.25 -830.75 0
1398 62.99999999999999 -830.75 0
1399 64.75 -830.75 0
1400 66.5 -830.75 0
1401 68.25 -830.75 0
1402 36.75 -829 0
1403 38.5 -829 0
1404 40.25 -829 0
1405 42 -828.9999999999998 0
1406 43.75 -829 0
1407 45.5 -829.0000000000001 0
1408 47.25000000000001 -829 0
1409 48.99999999999999 -829 0
1410 50.75 -828.9999999999999 0
1411 52.5 -829.0000000000001 0
1412 54.25 -829 0
1413 56 -829 0
1414 57.75 -829.0000000000001 0
1415 59.50000000000001 -829 0
1416 61.24999999999999 -829 0
1417 62.99999999999999 -828.9999999999999 0
1418 64.75 -829 0
1419 66.5 -829 0
1420 68.25 -829 0
1421 36.75 -827.2499999999998 0
1422 38.5 -827.2499999999999 0
1423 40.25 -827.25 0
1424 42 -827.2500000000001 0
1425 43.75 -827.25 0
1426 45.5 -827.2499999999997 0
1427 47.25 -827.25 0
1428 49 -827.25 0
1429 50.74999999999999 -827.2499999999999 0
1430 52.5 -827.2500000000001 0
1431 54.25 -827.25 0
1432 56 -827.2499999999999 0
1433 57.75 -827.25 0
1434 59.5 -827.25 0
1435 61.25 -827.25 0
1436 63 -827.25 0
1437 64.75 -827.25 0
1438 66.5 -827.2499999999999 0
1439 68.25 -827.2499999999999 0
1440 36.75 -825.5000000000001 0
1441 38.5 -825.4999999999999 0
1442 40.25 -825.4999999999999 0
1443 41.99999999999999 -825.5 0
1444 43.75 -825.5 0
1445 45.49999999999999 -825.4999999999999 0
1446 47.25 -825.4999999999999 0
1447 49 -825.5 0
1448 50.74999999999999 -825.5 0
1449 52.5 -825.4999999999999 0
1450 54.24999999999999 -825.5 0
1451 56 -825.5 0
1452 57.75 -825.4999999999999 0
1453 59.49999999999999 -825.4999999999999 0
1454 61.25 -825.5 0
1455 62.99999999999999 -825.5 0
1456 64.75 -825.4999999999999 0
1457 66.5 -825.5 0
1458 68.25 -825.5 0
1459 36.75 -823.75 0
1460 38.49999999999999 -823.75 0
1461 40.25 -823.75 0
1462 41.99999999999999 -823.7499999999999 0
1463 43.75 -823.75 0
1464 45.49999999999999 -823.7500000000001 0
1465 47.25 -823.75 0
1466 49 -823.75 0
1467 50.75 -823.75 0
1468 52.5 -823.7499999999999 0
1469 54.25 -823.7500000000001 0
1470 56 -823.75 0
1471 57.75 -823.7500000000001 0
1472 59.5 -823.7500000000001 0
1473 61.25000000000001 -823.75 0
1474 62.99999999999999 -823.75 0
1475 64.75 -823.75 0
1476 66.5 -823.75 0
1477 68.25 -823.75 0
1478 36.75 -788.7500000000001 0
1479 38.5 -788.75 0
1480 40.25 -788.75 0
1481 42 -788.75 0
1482 43.75 -788.75 0
1483 45.5 -788.7500000000001 0
1484 47.25 -788.75 0
1485 49 -788.75 0
1486 50.75 -788.75 0
1487 52.5 -788.75 0
1488 54.24999999999999 -788.75 0
1489 56 -788.75 0
1490 57.75000000000001 -788.7500000000001 0
1491 59.5 -788.75 0
1492 61.25000000000001 -788.75 0
1493 62.99999999999999 -788.75 0
1494 64.75 -788.75 0
1495 66.5 -788.75 0
1496 68.25 -788.75 0
1497 36.75 -790.5 0
1498 38.5 -790.5000000000001 0
1499 40.24999999999999 -790.5000000000001 0
1500 41.99999999999999 -790.4999999999998 0
1501 43.75 -790.5 0
1502 45.5 -790.5 0
1503 47.25 -790.5000000000002 0
1504 48.99999999999999 -790.5000000000002 0
1505 50.74999999999999 -790.4999999999999 0
1506 52.5 -790.4999999999999 0
1507 54.25 -790.5000000000002 0
1508 55.99999999999999 -790.5000000000002 0
1509 57.75 -790.5000000000002 0
1510 59.50000000000001 -790.5 0
1511 61.25 -790.5 0
1512 62.99999999999999 -790.5000000000001 0
1513 64.75 -790.4999999999999 0
1514 66.5 -790.5 0
1515 68.25 -790.5 0
1516 36.75 -792.2499999999999 0
1517 38.49999999999999 -792.2499999999997 0
1518 40.25 -792.2500000000001 0
1519 42 -792.25 0
1520 43.75 -792.25 0
1521 45.5 -792.2499999999998 0
1522 47.25 -792.2499999999998 0
1523 49 -792.2499999999999 0
1524 50.75 -792.25 0
1525 52.5 -792.2500000000001 0
1526 54.25 -792.2499999999998 0
1527 56 -792.2499999999998 0
1528 57.75 -792.25 0
1529 59.5 -792.25 0
1530 61.25 -792.25 0
1531 63 -792.25 0
1532 64.75 -792.25 0
1533 66.5 -792.25 0
1534 68.25 -792.25 0
1535 36.75 -794 0
1536 38.49999999999999 -793.9999999999998 0
1537 40.25 -794 0
1538 41.99999999999999 -793.9999999999998 0
1539 43.75 -794 0
1540 45.5 -794 0
1541 47.25 -794 0
1542 48.99999999999999 -794 0
1543 50.74999999999999 -793.9999999999999 0
1544 52.5 -794 0
1545 54.24999999999999 -794 0
1546 55.99999999999999 -794 0
1547 57.75 -794 0
1548 59.5 -794 0
1549 61.24999999999999 -794 0
1550 62.99999999999999 -793.9999999999998 0
1551 64.75 -793.9999999999999 0
1552 66.5 -793.9999999999999 0
1553 68.25 -794 0
1554 36.75 -795.75 0
1555 38.5 -795.7500000000002 0
1556 40.25 -795.7499999999998 0
1557 41.99999999999999 -795.75 0
1558 43.75 -795.75 0
1559 45.50000000000001 -795.75 0
1560 47.25 -795.7500000000002 0
1561 49 -795.75 0
1562 50.75 -795.75 0
1563 52.5 -795.75 0
1564 54.25 -795.75 0
1565 56 -795.75 0
1566 57.75 -795.75 0
1567 59.50000000000001 -795.75 0
1568 61.25 -795.75 0
1569 62.99999999999999 -795.75 0
1570 64.75 -795.75 0
1571 66.5 -795.75 0
1572 68.25 -795.75 0
1573 36.75 -797.5000000000001 0
1574 38.5 -797.5 0
1575 40.25 -797.5 0
1576 42 -797.5 0
1577 43.75 -797.5 0
1578 45.5 -797.5 0
1579 47.25 -797.5000000000001 0
1580 49 -797.5 0
1581 50.75 -797.5 0
1582 52.5 -797.5 0
1583 54.24999999999999 -797.5 0
1584 56 -797.5 0
1585 57.75 -797.5 0
1586 59.5 -797.5 0
1587 61.25000000000001 -797.5 0
1588 62.99999999999999 -797.5 0
1589 64.75 -797.5 0
1590 66.5 -797.5 0
1591 68.25 -797.5 0
1592 36.75 -799.2500000000001 0
1593 38.5 -799.25 0
1594 40.25 -799.2500000000001 0
1595 42 -799.25 0
1596 43.75 -799.25 0
1597 45.5 -799.2500000000001 0
1598 47.25 -799.25 0
1599 49 -799.25 0
1600 50.75 -799.25 0
1601 52.5 -799.25 0
1602 54.25 -799.25 0
1603 56 -799.25 0
1604 57.75 -799.25 0
1605 59.5 -799.25 0
1606 61.25 -799.25 0
1607 63.00000000000001 -799.25 0
1608 64.75 -799.25 0
1609 66.5 -799.25 0
1610 68.25 -799.25 0
1611 36.75 -800.9999999999997 0
1612 38.49999999999999 -800.9999999999999 0
1613 40.25 -800.9999999999999 0
1614 41.99999999999999 -801.0000000000002 0
1615 43.75 -801 0
1616 45.5 -800.9999999999999 0
1617 47.25 -801 0
1618 49 -800.9999999999999 0
1619 50.75 -800.9999999999999 0
1620 52.5 -801 0
1621 54.25 -801 0
1622 56 -801 0
1623 57.75 -801 0
1624 59.5 -801 0
1625 61.25 -801 0
1626 62.99999999999999 -801 0
1627 64.75 -801 0
1628 66.5 -801 0
1629 68.25 -801 0
1630 36.75 -802.75 0
1631 38.49999999999999 -802.7499999999999 0
1632 40.25 -802.7499999999999 0
1633 41.99999999999999 -802.7499999999999 0
1634 43.75 -802.75 0
1635 45.5 -802.75 0
1636 47.25 -802.75 0
1637 49 -802.7499999999999 0
1638 50.74999999999999 -802.7499999999999 0
1639 52.5 -802.75 0
1640 54.24999999999999 -802.75 0
1641 55.99999999999999 -802.7499999999999 0
1642 57.75 -802.75 0
1643 59.5 -802.75 0
1644 61.25 -802.75 0
1645 62.99999999999999 -802.75 0
1646 64.75 -802.75 0
1647 66.5 -802.75 0
1648 68.25 -802.75 0
1649 36.75 -804.5000000000001 0
1650 38.5 -804.5000000000001 0
1651 40.25 -804.4999999999999 0
1652 42 -804.4999999999999 0
1653 43.75 -804.5 0
1654 45.5 -804.5000000000001 0
1655 47.25 -804.5000000000001 0
1656 49 -804.5 0
1657 50.75 -804.4999999999999 0
1658 52.5 -804.5 0
1659 54.25 -804.5 0
1660 56 -804.5 0
1661 57.75 -804.5 0
1662 59.5 -804.5 0
1663 61.25 -804.5 0
1664 63 -804.5 0
1665 64.75 -804.5 0
1666 66.5 -804.5 0
1667 68.25 -804.5 0
1668 36.75 -806.2500000000001 0
1669 38.5 -806.25 0
1670 40.25 -806.25 0
1671 42 -806.2499999999999 0
1672 43.75 -806.25 0
1673 45.5 -806.25 0
1674 47.25 -806.25 0
1675 48.99999999999999 -806.25 0
1676 50.75 -806.25 0
1677 52.5 -806.25 0
1678 54.25 -806.25 0
1679 56 -806.25 0
1680 57.75 -806.25 0
1681 59.5 -806.25 0
1682 61.25 -806.25 0
1683 63 -806.25 0
1684 64.75 -806.25 0
1685 66.5 -806.25 0
1686 68.25 -806.25 0
1687 36.75 -808.0000000000001 0
1688 38.5 -807.9999999999999 0
1689 40.25 -807.9999999999999 0
1690 41.99999999999999 -807.9999999999999 0
1691 43.75 -808 0
1692 45.5 -808 0
1693 47.25 -808 0
1694 49 -807.9999999999999 0
1695 50.74999999999999 -808 0
1696 52.5 -808 0
1697 54.25 -808.0000000000001 0
1698 56 -807.9999999999999 0
1699 57.75 -808 0
1700 59.5 -807.9999999999999 0
1701 61.25 -808 0
1702 62.99999999999999 -808 0
1703 64.75 -807.9999999999999 0
1704 66.5 -807.9999999999999 0
1705 68.25 -808 0
1706 36.75 -809.7499999999999 0
1707 38.5 -809.75 0
1708 40.25 -809.7500000000001 0
1709 42 -809.7500000000002 0
1710 43.75 -809.75 0
1711 45.5 -809.7499999999999 0
1712 47.25 -809.75 0
1713 49 -809.7500000000001 0
1714 50.75 -809.75 0
1715 52.5 -809.7499999999999 0
1716 54.25 -809.75 0
1717 56 -809.75 0
1718 57.75 -809.75 0
1719 59.5 -809.7500000000001 0
1720 61.25 -809.75 0
1721 63 -809.75 0
1722 64.75 -809.75 0
1723 66.5 -809.75 0
1724 68.25 -809.75 0
1725 36.75 -811.5000000000001 0
1726 38.49999999999999 -811.4999999999999 0
1727 40.25 -811.5 0
1728 42 -811.5 0
1729 43.75 -811.5 0
1730 45.5 -811.5 0
1731 47.25 -811.5 0
1732 49 -811.5 0
1733 50.75 -811.4999999999999 0
1734 52.5 -811.5 0
1735 54.24999999999999 -811.5 0
1736 56 -811.5 0
1737 57.75 -811.5 0
1738 59.5 -811.5 0
1739 61.25000000000001 -811.5 0
1740 63 -811.5000000000001 0
1741 64.75 -811.5 0
1742 66.5 -811.5 0
1743 68.25 -811.5 0
1744 36.75 -813.25 0
1745 38.5 -813.2500000000002 0
1746 40.25 -813.2499999999998 0
1747 41.99999999999999 -813.2499999999999 0
1748 43.75 -813.25 0
1749 45.50000000000001 -813.2500000000001 0
1750 47.25 -813.2500000000002 0
1751 49 -813.25 0
1752 50.75 -813.2499999999999 0
1753 52.5 -813.25 0
1754 54.25 -813.25 0
1755 56 -813.25 0
1756 57.75 -813.25 0
1757 59.50000000000001 -813.25 0
1758 61.25 -813.25 0
1759 62.99999999999999 -813.25 0
1760 64.75 -813.25 0
1761 66.5 -813.25 0
1762 68.25 -813.25 0
1763 36.75 -815 0
1764 38.5 -815 0
1765 40.25 -815 0
1766 42 -814.9999999999998 0
1767 43.75 -815 0
1768 45.5 -815.0000000000001 0
1769 47.25000000000001 -815 0
1770 48.99999999999999 -814.9999999999999 0
1771 50.75 -815 0
1772 52.5 -815 0
1773 54.25 -815 0
1774 56 -815 0
1775 57.75 -815.0000000000001 0
1776 59.50000000000001 -815.0000000000001 0
1777 61.24999999999999 -815 0
1778 62.99999999999999 -814.9999999999999 0
1779 64.75 -815 0
1780 66.5 -815 0
1781 68.25 -815 0
1782 36.75 -816.7499999999999 0
1783 38.5 -816.75 0
1784 40.25 -816.75 0
1785 42 -816.7499999999999 0
1786 43.75 -816.75 0
1787 45.5 -816.75 0
1788 47.25 -816.75 0
1789 49 -816.7499999999999 0
1790 50.74999999999999 -816.7499999999999 0
1791 52.5 -816.7500000000001 0
1792 54.25 -816.75 0
1793 56 -816.7499999999999 0
1794 57.75 -816.75 0
1795 59.5 -816.75 0
1796 61.25 -816.75 0
1797 63 -816.75 0
1798 64.75 -816.75 0
1799 66.5 -816.75 0
1800 68.25 -816.75 0
1801 36.75 -818.4999999999999 0
1802 38.5 -818.4999999999999 0
1803 40.25 -818.5 0
1804 41.99999999999999 -818.5000000000001 0
1805 43.75 -818.5 0
1806 45.49999999999999 -818.4999999999997 0
1807 47.25 -818.4999999999999 0
1808 49 -818.5 0
1809 50.74999999999999 -818.5 0
1810 52.5 -818.4999999999999 0
1811 54.24999999999999 -818.5000000000001 0
1812 56 -818.4999999999999 0
1813 57.75 -818.5 0
1814 59.49999999999999 -818.4999999999999 0
1815 61.25 -818.5 0
1816 62.99999999999999 -818.5 0
1817 64.75 -818.5 0
1818 66.5 -818.5 0
1819 68.25 -818.5 0
1820 36.75 -820.25 0
1821 38.49999999999999 -820.2499999999999 0
1822 40.25 -820.25 0
1823 41.99999999999999 -820.2499999999999 0
1824 43.75 -820.25 0
1825 45.49999999999999 -820.25 0
1826 47.25 -820.2500000000001 0
1827 49 -820.25 0
1828 50.75 -820.25 0
1829 52.5 -820.2499999999999 0
1830 54.25 -820.25 0
1831 56 -820.25 0
1832 57.75 -820.2500000000001 0
1833 59.5 -820.25 0
1834 61.25000000000001 -820.25 0
1835 62.99999999999999 -820.25 0
1836 64.75 -820.25 0
1837 66.5 -820.25 0
1838 68.25 -820.2499999999999 0
1839 1.750000000006788 -788.7500000000002 0
1840 3.500000000013561 -788.7500000000002 0
1841 5.25000000002034 -788.75 0
1842 7.000000000027113 -788.7500000000001 0
1843 8.750000000033801 -788.75 0
1844 10.50000000004035 -788.7500000000002 0
1845 12.2500000000469 -788.75 0
1846 14.00000000005346 -788.75 0
1847 15.75000000006002 -788.75 0
1848 17.50000000006594 -788.7500000000001 0
1849 19.25000000005713 -788.75 0
1850 21.00000000004771 -788.75 0
1851 22.75000000003828 -788.75 0
1852 24.50000000002885 -788.75 0
1853 26.25000000001943 -788.75 0
1854 28.00000000001 -788.75 0
1855 29.75000000000059 -788.75 0
1856 31.49999999999116 -788.75 0
1857 33.24999999999254 -788.75 0
1858 1.750000000006158 -790.4999999999999 0
1859 3.500000000012287 -790.5000000000002 0
1860 5.250000000018419 -790.5000000000001 0
1861 7.000000000024552 -790.4999999999999 0
1862 8.750000000030507 -790.5 0
1863 10.50000000003619 -790.5000000000002 0
1864 12.25000000004188 -790.4999999999999 0
1865 14.00000000004757 -790.5 0
1866 15.75000000005325 -790.5 0
1867 17.50000000005838 -790.5 0
1868 19.25000000005041 -790.5000000000002 0
1869 21.00000000004189 -790.4999999999999 0
1870 22.75000000003338 -790.5 0
1871 24.50000000002485 -790.5000000000002 0
1872 26.25000000001635 -790.5 0
1873 28.00000000000782 -790.5 0
1874 29.74999999999932 -790.5 0
1875 31.4999999999908 -790.4999999999999 0
1876 33.24999999999253 -790.5 0
1877 1.750000000005527 -792.2499999999997 0
1878 3.500000000011012 -792.2499999999999 0
1879 5.250000000016498 -792.2499999999999 0
1880 7.000000000021988 -792.25 0
1881 8.75000000002721 -792.2499999999998 0
1882 10.50000000003203 -792.2499999999998 0
1883 12.25000000003685 -792.25 0
1884 14.00000000004167 -792.2499999999998 0
1885 15.75000000004649 -792.2499999999998 0
1886 17.50000000005082 -792.2499999999999 0
1887 19.25000000004369 -792.25 0
1888 21.00000000003608 -792.25 0
1889 22.75000000002848 -792.25 0
1890 24.50000000002086 -792.25 0
1891 26.25000000001326 -792.25 0
1892 28.00000000000565 -792.25 0
1893 29.74999999999804 -792.2500000000001 0
1894 31.49999999999044 -792.25 0
1895 33.24999999999251 -792.25 0
1896 1.750000000004897 -794 0
1897 3.500000000009737 -794.0000000000001 0
1898 5.250000000014579 -794 0
1899 7.000000000019423 -794 0
1900 8.750000000023917 -793.9999999999997 0
1901 10.50000000002787 -794 0
1902 12.25000000003182 -793.9999999999999 0
1903 14.00000000003577 -794 0
1904 15.75000000003973 -794 0
1905 17.50000000004326 -794 0
1906 19.25000000003698 -794 0
1907 21.00000000003027 -794 0
1908 22.75000000002357 -794 0
1909 24.50000000001687 -794 0
1910 26.25000000001017 -794 0
1911 28.00000000000347 -794 0
1912 29.74999999999677 -794 0
1913 31.49999999999008 -794 0
1914 33.24999999999248 -794 0
1915 1.750000000004267 -795.75 0
1916 3.500000000008462 -795.75 0
1917 5.25000000001266 -795.7499999999998 0
1918 7.000000000016859 -795.7500000000001 0
1919 8.75000000002062 -795.75 0
1920 10.5000000000237 -795.75 0
1921 12.25000000002679 -795.75 0
1922 14.00000000002988 -795.75 0
1923 15.75000000003296 -795.75 0
1924 17.5000000000357 -795.75 0
1925 19.25000000003025 -795.75 0
1926 21.00000000002446 -795.75 0
1927 22.75000000001867 -795.75 0
1928 24.50000000001288 -795.75 0
1929 26.25000000000708 -795.75 0
1930 28.0000000000013 -795.75 0
1931 29.74999999999551 -795.75 0
1932 31.49999999998973 -795.75 0
1933 33.24999999999247 -795.7500000000001 0
1934 1.750000000003637 -797.5 0
1935 3.500000000007187 -797.4999999999998 0
1936 5.25000000001074 -797.5 0
1937 7.000000000014294 -797.5000000000001 0
1938 8.750000000017323 -797.5000000000001 0
1939 10.50000000001954 -797.5 0
1940 12.25000000002176 -797.5000000000003 0
1941 14.00000000002398 -797.5 0
1942 15.7500000000262 -797.5 0
1943 17.50000000002814 -797.5 0
1944 19.25000000002353 -797.5 0
1945 21.00000000001865 -797.5 0
1946 22.75000000001377 -797.5000000000001 0
1947 24.50000000000889 -797.5 0
1948 26.25000000000399 -797.5 0
1949 27.99999999999912 -797.5 0
1950 29.74999999999424 -797.5 0
1951 31.49999999998936 -797.5 0
1952 33.24999999999245 -797.5 0
1953 1.750000000003007 -799.25 0
1954 3.500000000005913 -799.25 0
1955 5.250000000008821 -799.25 0
1956 7.000000000011729 -799.25 0
1957 8.75000000001403 -799.25 0
1958 10.50000000001538 -799.2499999999999 0
1959 12.25000000001673 -799.2499999999998 0
1960 14.00000000001808 -799.25 0
1961 15.75000000001944 -799.25 0
1962 17.50000000002058 -799.2500000000001 0
1963 19.25000000001681 -799.25 0
1964 21.00000000001284 -799.25 0
1965 22.75000000000887 -799.25 0
1966 24.50000000000489 -799.25 0
1967 26.25000000000092 -799.25 0
1968 27.99999999999694 -799.25 0
1969 29.74999999999297 -799.25 0
1970 31.499999999989 -799.25 0
1971 33.24999999999242 -799.25 0
1972 1.750000000002377 -801.0000000000001 0
1973 3.500000000004637 -801.0000000000002 0
1974 5.250000000006903 -801 0
1975 7.000000000009166 -801 0
1976 8.750000000010733 -801 0
1977 10.50000000001122 -801 0
1978 12.2500000000117 -800.9999999999999 0
1979 14.00000000001219 -801 0
1980 15.75000000001267 -801 0
1981 17.50000000001302 -801.0000000000001 0
1982 19.25000000001009 -801 0
1983 21.00000000000703 -801 0
1984 22.75000000000396 -801 0
1985 24.5000000000009 -801 0
1986 26.24999999999783 -801 0
1987 27.99999999999476 -801 0
1988 29.7499999999917 -801 0
1989 31.49999999998864 -801 0
1990 33.2499999999924 -801 0
1991 1.750000000001746 -802.7499999999997 0
1992 3.500000000003363 -802.75 0
1993 5.250000000004983 -802.7499999999997 0
1994 7.000000000006601 -802.7499999999999 0
1995 8.750000000007439 -802.75 0
1996 10.50000000000705 -802.7500000000001 0
1997 12.25000000000667 -802.7499999999998 0
1998 14.00000000000629 -802.75 0
1999 15.75000000000591 -802.75 0
2000 17.50000000000546 -802.75 0
2001 19.25000000000338 -802.75 0
2002 21.00000000000122 -802.75 0
2003 22.74999999999906 -802.75 0
2004 24.4999999999969 -802.75 0
2005 26.24999999999474 -802.75 0
2006 27.99999999999259 -802.75 0
2007 29.74999999999044 -802.75 0
2008 31.49999999998828 -802.75 0
2009 33.24999999999238 -802.75 0
2010 1.750000000001116 -804.4999999999998 0
2011 3.500000000002088 -804.5000000000001 0
2012 5.250000000003062 -804.5 0
2013 7.000000000004039 -804.4999999999999 0
2014 8.750000000004142 -804.5000000000002 0
2015 10.50000000000289 -804.5 0
2016 12.25000000000164 -804.5 0
2017 14.0000000000004 -804.5 0
2018 15.74999999999915 -804.5 0
2019 17.49999999999789 -804.5000000000001 0
2020 19.24999999999665 -804.5000000000001 0
2021 20.9999999999954 -804.5 0
2022 22.74999999999416 -804.5 0
2023 24.49999999999291 -804.5 0
2024 26.24999999999166 -804.5 0
2025 27.99999999999041 -804.5 0
2026 29.74999999998916 -804.5 0
2027 31.49999999998792 -804.5 0
2028 33.24999999999237 -804.5 0
2029 1.750000000000486 -806.25 0
2030 3.500000000000814 -806.2500000000001 0
2031 5.250000000001144 -806.2499999999999 0
2032 7.000000000001474 -806.25 0
2033 8.750000000000846 -806.2500000000001 0
2034 10.49999999999873 -806.25 0
2035 12.24999999999661 -806.2500000000002 0
2036 13.9999999999945 -806.25 0
2037 15.74999999999239 -806.25 0
2038 17.49999999999033 -806.2499999999998 0
2039 19.24999999998993 -806.25 0
2040 20.99999999998959 -806.25 0
2041 22.74999999998925 -806.25 0
2042 24.49999999998892 -806.25 0
2043 26.24999999998857 -806.25 0
2044 27.99999999998824 -806.25 0
2045 29.7499999999879 -806.25 0
2046 31.49999999998756 -806.25 0
2047 33.24999999999234 -806.25 0
2048 1.749999999999856 -808 0
2049 3.499999999999538 -807.9999999999999 0
2050 5.249999999999224 -808.0000000000001 0
2051 6.999999999998909 -808 0
2052 8.749999999997552 -808.0000000000002 0
2053 10.49999999999457 -808 0
2054 12.24999999999159 -807.9999999999999 0
2055 13.9999999999886 -808 0
2056 15.74999999998562 -808 0
2057 17.49999999998278 -808.0000000000001 0
2058 19.24999999998321 -808 0
2059 20.99999999998379 -808 0
2060 22.74999999998435 -808.0000000000001 0
2061 24.49999999998492 -808 0
2062 26.24999999998548 -808 0
2063 27.99999999998606 -808 0
2064 29.74999999998663 -808 0
2065 31.4999999999872 -808 0
2066 33.24999999999233 -808 0
2067 1.749999999999226 -809.75 0
2068 3.499999999998264 -809.75 0
2069 5.249999999997303 -809.7500000000001 0
2070 6.999999999996342 -809.75 0
2071 8.749999999994255 -809.75 0
2072 10.4999999999904 -809.75 0
2073 12.24999999998656 -809.7499999999999 0
2074 13.99999999998271 -809.75 0
2075 15.74999999997886 -809.75 0
2076 17.49999999997522 -809.7500000000001 0
2077 19.24999999997649 -809.75 0
2078 20.99999999997797 -809.75 0
2079 22.74999999997945 -809.75 0
2080 24.49999999998092 -809.75 0
2081 26.2499999999824 -809.75 0
2082 27.99999999998388 -809.75 0
2083 29.74999999998536 -809.7499999999999 0
2084 31.49999999998684 -809.75 0
2085 33.2499999999923 -809.75 0
2086 1.749999999998596 -811.5000000000002 0
2087 3.499999999996988 -811.5000000000003 0
2088 5.249999999995384 -811.5000000000002 0
2089 6.999999999993782 -811.5000000000003 0
2090 8.749999999990962 -811.5 0
2091 10.49999999998624 -811.5 0
2092 12.24999999998153 -811.5 0
2093 13.99999999997682 -811.5 0
2094 15.7499999999721 -811.5 0
2095 17.49999999996765 -811.5 0
2096 19.24999999996977 -811.5 0
2097 20.99999999997216 -811.5 0
2098 22.74999999997455 -811.5 0
2099 24.49999999997693 -811.5 0
2100 26.24999999997932 -811.4999999999999 0
2101 27.9999999999817 -811.4999999999999 0
2102 29.74999999998409 -811.5 0
2103 31.49999999998648 -811.5000000000001 0
2104 33.24999999999228 -811.4999999999999 0
2105 1.749999999997965 -813.2500000000001 0
2106 3.499999999995715 -813.25 0
2107 5.249999999993467 -813.2500000000001 0
2108 6.999999999991217 -813.25 0
2109 8.749999999987665 -813.2499999999998 0
2110 10.49999999998208 -813.25 0
2111 12.2499999999765 -813.2500000000001 0
2112 13.99999999997092 -813.25 0
2113 15.74999999996534 -813.25 0
2114 17.49999999996009 -813.2499999999998 0
2115 19.24999999996304 -813.25 0
2116 20.99999999996635 -813.25 0
2117 22.74999999996965 -813.25 0
2118 24.49999999997293 -813.25 0
2119 26.24999999997623 -813.25 0
2120 27.99999999997953 -813.2500000000001 0
2121 29.74999999998282 -813.25 0
2122 31.49999999998612 -813.25 0
2123 33.24999999999227 -813.25 0
2124 1.749999999997335 -815 0
2125 3.499999999994439 -815 0
2126 5.249999999991545 -815 0
2127 6.999999999988652 -814.9999999999997 0
2128 8.749999999984368 -814.9999999999999 0
2129 10.49999999997792 -815 0
2130 12.24999999997147 -814.9999999999999 0
2131 13.99999999996502 -815.0000000000001 0
2132 15.74999999995857 -815 0
2133 17.49999999995254 -815 0
2134 19.24999999995632 -815 0
2135 20.99999999996054 -815 0
2136 22.74999999996474 -815 0
2137 24.49999999996894 -815 0
2138 26.24999999997314 -815 0
2139 27.99999999997736 -815 0
2140 29.74999999998156 -815 0
2141 31.49999999998576 -815 0
2142 33.24999999999224 -814.9999999999999 0
2143 1.749999999996705 -816.75 0
2144 3.499999999993164 -816.75 0
2145 5.249999999989625 -816.7499999999999 0
2146 6.999999999986088 -816.7500000000001 0
2147 8.749999999981075 -816.75 0
2148 10.49999999997376 -816.7500000000002 0
2149 12.24999999996644 -816.7499999999999 0
2150 13.99999999995913 -816.75 0
2151 15.74999999995181 -816.75 0
2152 17.49999999994497 -816.7500000000001 0
2153 19.2499999999496 -816.7499999999999 0
2154 20.99999999995472 -816.7499999999999 0
2155 22.74999999995983 -816.75 0
2156 24.49999999996494 -816.75 0
2157 26.24999999997006 -816.75 0
2158 27.99999999997518 -816.75 0
2159 29.74999999998029 -816.75 0
2160 31.49999999998541 -816.75 0
2161 33.24999999999223 -816.75 0
2162 1.749999999996075 -818.4999999999999 0
2163 3.49999999999189 -818.4999999999999 0
2164 5.249999999987708 -818.5000000000001 0
2165 6.999999999983523 -818.4999999999999 0
2166 8.749999999977778 -818.5000000000001 0
2167 10.49999999996959 -818.5000000000002 0
2168 12.24999999996141 -818.5 0
2169 13.99999999995323 -818.5 0
2170 15.74999999994504 -818.5000000000001 0
2171 17.49999999993741 -818.5 0
2172 19.24999999994288 -818.5 0
2173 20.99999999994891 -818.4999999999999 0
2174 22.74999999995493 -818.4999999999999 0
2175 24.49999999996095 -818.5 0
2176 26.24999999996698 -818.5000000000001 0
2177 27.999999999973 -818.5000000000001 0
2178 29.74999999997902 -818.5 0
2179 31.49999999998504 -818.4999999999999 0
2180 33.2499999999922 -818.5 0
2181 1.749999999995445 -820.2500000000001 0
2182 3.499999999990614 -820.2500000000001 0
2183 5.249999999985788 -820.25 0
2184 6.99999999998096 -820.2499999999999 0
2185 8.749999999974484 -820.25 0
2186 10.49999999996543 -820.25 0
2187 12.24999999995638 -820.2499999999998 0
2188 13.99999999994733 -820.25 0
2189 15.74999999993828 -820.25 0
2190 17.49999999992985 -820.25 0
2191 19.24999999993616 -820.25 0
2192 20.9999999999431 -820.25 0
2193 22.74999999995003 -820.25 0
2194 24.49999999995696 -820.25 0
2195 26.24999999996389 -820.25 0
2196 27.99999999997082 -820.2500000000001 0
2197 29.74999999997775 -820.2500000000001 0
2198 31.49999999998468 -820.2500000000001 0
2199 33.24999999999218 -820.25 0
2200 1.685074394116188 -823.1754433041644 0
2201 3.370113980085579 -823.1767725331081 0
2202 5.055084003587389 -823.1789856372594 0
2203 6.739949818118879 -823.1820792042768 0
2204 8.424676935810107 -823.186048463905 0
2205 10.10923108509681 -823.1908872959939 0
2206 11.79357825997037 -823.196588239421 0
2207 13.47768477221926 -823.203142503299 0
2208 15.16151730734861 -823.2105399816987 0
2209 16.84504297365485 -823.2187692688597 0
2210 18.52822934761503 -823.2278176744092 0
2211 20.21104453536799 -823.2376712476179 0
2212 21.89345721190348 -823.2483147948727 0
2213 23.57543667331417 -823.2597319046748 0
2214 25.2569528832447 -823.2719049724634 0
2215 26.93797651846492 -823.2848152271001 0
2216 28.6184790197647 -823.2984427639127 0
2217 30.29843262730133 -823.3127665693862 0
2218 31.97781042776107 -823.3277645562425 0
2219 1.620148788237562 -824.3508866083287 0
2220 3.240227960181819 -824.3535450662163 0
2221 4.860168007190911 -824.3579712745192 0
2222 6.479899636259361 -824.3641584085533 0
2223 8.099353871649029 -824.3720969278099 0
2224 9.718462170232351 -824.3817745919876 0
2225 11.33715651998937 -824.3931764788424 0
2226 12.9553695444971 -824.4062850065984 0
2227 14.5730346147657 -824.4210799633976 0
2228 16.19008594738739 -824.4375385377193 0
2229 17.80645869530061 -824.4556353488186 0
2230 19.42208907079869 -824.4753424952355 0
2231 21.03691442386182 -824.4966295897455 0
2232 22.65087334667538 -824.5194638093491 0
2233 24.26390576652859 -824.543809944927 0
2234 25.8759530369612 -824.5696304542003 0
2235 27.4869580395529 -824.5968855278259 0
2236 29.09686525461834 -824.6255331387727 0
2237 30.70562085553 -824.6555291124848 0
2238 1.555223182359011 -825.5263299124927 0
2239 3.110341940278208 -825.5303175993245 0
2240 4.665252010794658 -825.5369569117784 0
2241 6.219849454400148 -825.5462376128296 0
2242 7.77403080748833 -825.5581453917141 0
2243 9.327693255368343 -825.5726618879804 0
2244 10.88073478000891 -825.5897647182627 0
2245 12.43305431677553 -825.6094275098966 0
2246 13.98455192218347 -825.6316199450954 0
2247 15.53512892112069 -825.6563078065781 0
2248 17.08468804298703 -825.6834530232272 0
2249 18.6331336062303 -825.7130137428526 0
2250 20.18037163582115 -825.7449443846172 0
2251 21.72631002003765 -825.7791957140225 0
2252 23.27085864981363 -825.8157149173888 0
2253 24.81392955545871 -825.8544456812991 0
2254 26.3554370593424 -825.8953282917374 0
2255 27.89529788193672 -825.9382997081573 0
2256 29.43343128330036 -825.983293668726 0
2257 1.490297576480603 -826.7017732166568 0
2258 2.980455920374884 -826.7070901324323 0
2259 4.470336014398832 -826.7159425490377 0
2260 5.959799272541507 -826.7283168171051 0
2261 7.448707743328347 -826.7441938556183 0
2262 8.936924340505195 -826.7635491839729 0
2263 10.42431304002945 -826.7863529576823 0
2264 11.91073908905512 -826.8125700131939 0
2265 13.39606922960253 -826.842159926792 0
2266 14.88017189485543 -826.8750770754357 0
2267 16.36291739067503 -826.9112706976343 0
2268 17.84417814166363 -826.9506849904678 0
2269 19.32382884778236 -826.9932591794868 0
2270 20.80174669340194 -827.0389276186945 0
2271 22.27781153310084 -827.0876198898491 0
2272 23.75190607395852 -827.1392609083956 0
2273 25.22391607913438 -827.1937710556467 0
2274 26.69373050925773 -827.2510662775398 0
2275 28.1612417110735 -827.311058224964 0
2276 1.425371970602193 -827.8772165208205 0
2277 2.850569900471559 -827.8838626655402 0
2278 4.275420018003008 -827.8949281862965 0
2279 5.69974909068286 -827.9103960213812 0
2280 7.12338467916836 -827.930242319522 0
2281 8.546155425642047 -827.9544364799652 0
2282 9.967891300049985 -827.9829411971016 0
2283 11.3884238613347 -828.0157125164916 0
2284 12.80758653702159 -828.0526999084889 0
2285 14.22521486859016 -828.0938463442931 0
2286 15.64114673836302 -828.1390883720412 0
2287 17.05522267709697 -828.188356238083 0
2288 18.46728605974356 -828.2415739743565 0
2289 19.87718336676624 -828.2986595233658 0
2290 21.28476441638804 -828.3595248623094 0
2291 22.68988259245833 -828.4240761354922 0
2292 24.09239509892635 -828.4922138195557 0
2293 25.49216313657872 -828.5638328469216 0
2294 26.88905213884663 -828.6388227812022 0
2295 1.360446364723785 -829.0526598249849 0
2296 2.720683880568235 -829.0606351986479 0
2297 4.080504021607183 -829.0739138235554 0
2298 5.439698908824218 -829.092475225657 0
2299 6.798061615008375 -829.1162907834257 0
2300 8.155386510778891 -829.1453237759576 0
2301 9.511469560070525 -829.1795294365213 0
2302 10.86610863361428 -829.2188550197889 0
2303 12.21910384444066 -829.2632398901858 0
2304 13.5702578423249 -829.3126156131505 0
2305 14.91937608605102 -829.3669060464483 0
2306 16.2662672125303 -829.4260274856981 0
2307 17.61074327170477 -829.4898887692264 0
2308 18.95262004013052 -829.5583914280376 0
2309 20.29171729967524 -829.6314298347695 0
2310 21.62785911095814 -829.7088913625887 0
2311 22.96087411871832 -829.7906565834646 0
2312 24.29059576389973 -829.8765994163042 0
2313 25.61686256661977 -829.9665873374404 0
2314 1.295520758845377 -830.228103129149 0
2315 2.59079786066491 -830.2374077317559 0
2316 3.885588025211358 -830.2528994608144 0
2317 5.179648726965573 -830.2745544299327 0
2318 6.47273855084839 -830.3023392473299 0
2319 7.764617595915746 -830.3362110719499 0
2320 9.055047820091062 -830.3761176759408 0
2321 10.34379340589386 -830.4219975230862 0
2322 11.63062115185972 -830.4737798718826 0
2323 12.91530081605964 -830.5313848820082 0
2324 14.19760543373902 -830.5947237208552 0
2325 15.47731174796364 -830.6636987333134 0
2326 16.75420048366598 -830.7382035640962 0
2327 18.02805671349482 -830.8181233327091 0
2328 19.29867018296246 -830.9033348072296 0
2329 20.56583562945796 -830.9937065896853 0
2330 21.82935313851029 -831.089099347374 0
2331 23.08902839122072 -831.1893659856867 0
2332 24.3446729943929 -831.2943518936785 0
2333 1.230595152966829 -831.4035464333128 0
2334 2.460911840761306 -831.4141802648637 0
2335 3.690672028815114 -831.4318850980736 0
2336 4.91959854510637 -831.456633634209 0
2337 6.147415486687702 -831.4883877112341 0
2338 7.373848681051755 -831.5270983679432 0
2339 8.598626080110623 -831.5727059153611 0
2340 9.821478178172317 -831.6251400263845 0
2341 11.04213845927751 -831.6843198535805 0
2342 12.26034378979297 -831.750154150867 0
2343 13.47583478142548 -831.8225413952634 0
2344 14.68835628339529 -831.9013699809301 0
2345 15.89765769562536 -831.9865183589679 0
2346 17.10349338685713 -832.0778552373824 0
2347 18.30562306624754 -832.1752397796919 0
2348 19.50381214795551 -832.2785218167842 0
2349 20.69783215829985 -832.3875421112855 0
2350 21.88746101853917 -832.5021325550713 0
2351 23.07248342216333 -832.6221164499195 0
2352 1.165669547088311 -832.5789897374773 0
2353 2.331025820857762 -832.5909527979719 0
2354 3.495756032418962 -832.6108707353329 0
2355 4.659548363247289 -832.638712838485 0
2356 5.82209242252717 -832.6744361751387 0
2357 6.98307976618795 -832.7179856639365 0
2358 8.142204340130393 -832.7692941547816 0
2359 9.299162950451022 -832.828282529683 0
2360 10.45365576669558 -832.8948598352783 0
2361 11.60538676352661 -832.9689234197255 0
2362 12.75406412911226 -833.0503590696717 0
2363 13.89940081882731 -833.1390412285466 0
2364 15.04111490758513 -833.2348331538392 0
2365 16.17893006021988 -833.3375871420553 0
2366 17.31257594953309 -833.4471447521537 0
2367 18.44178866645355 -833.5633370438825 0
2368 19.56631117808993 -833.6859848751967 0
2369 20.68589364585817 -833.8148991244552 0
2370 21.80029384993436 -833.9498810061598 0
2371 1.100743941209776 -833.7544330416412 0
2372 2.201139800954185 -833.7677253310794 0
2373 3.300840036022758 -833.7898563725921 0
2374 4.39949818138814 -833.8207920427616 0
2375 5.496769358366551 -833.8604846390427 0
2376 6.592310851324042 -833.9088729599297 0
2377 7.685782600150046 -833.9658823942023 0
2378 8.776847722729592 -834.0314250329812 0
2379 9.865173074113502 -834.1053998169763 0
2380 10.95042973726008 -834.1876926885843 0
2381 12.03229347679886 -834.2781767440798 0
2382 13.11044535425911 -834.3767124761633 0
2383 14.18457211954468 -834.4831479487106 0
2384 15.25436673358238 -834.5973190467287 0
2385 16.31952883281837 -834.7190497246158 0
2386 17.37976518495132 -834.848152270981 0
2387 18.43479019787972 -834.9844276391077 0
2388 19.48432627317685 -835.1276656938401 0
2389 20.52810427770504 -835.2776455624006 0
2390 1.035818335331357 -834.9298763458053 0
2391 2.071253781050839 -834.9444978641876 0
2392 3.105924039626901 -834.9688420098512 0
2393 4.139447999529454 -835.0028712470372 0
2394 5.171446294206513 -835.0465331029469 0
2395 6.201541936460829 -835.0997602559219 0
2396 7.229360860170509 -835.1624706336214 0
2397 8.254532495009085 -835.2345675362787 0
2398 9.276690381532472 -835.315939798673 0
2399 10.29547271099471 -835.4064619574422 0
2400 11.31052282448674 -835.505994418487 0
2401 12.32148988969232 -835.6143837237786 0
2402 13.32802933150575 -835.7314627435808 0
2403 14.32980340694652 -835.8570509514004 0
2404 15.32648171610542 -835.9909546970762 0
2405 16.31774170345095 -836.1329674980778 0
2406 17.30326921767152 -836.2828704030171 0
2407 18.28275890049765 -836.4404322632224 0
2408 19.25591470547797 -836.6054101186389 0
2409 0.9708927294530573 -836.105319649969 0
2410 1.941367761147731 -836.1212703972951 0
2411 2.911008043231402 -836.1478276471095 0
2412 3.879397817671245 -836.1849504513126 0
2413 4.84612323004707 -836.2325815668502 0
2414 5.810773021598331 -836.2906475519135 0
2415 6.77293912019181 -836.3590588730405 0
2416 7.732217267289537 -836.4377100395752 0
2417 8.688207688952513 -836.5264797803687 0
2418 9.640515684730538 -836.6252312262984 0
2419 10.58875217217594 -836.7338120928928 0
2420 11.53253442512697 -836.8520549713925 0
2421 12.47148654346838 -836.9797775384491 0
2422 13.40524008031234 -837.1167828560705 0
2423 14.33343459939427 -837.2628596695347 0
2424 15.25571822195253 -837.4177827251729 0
2425 16.17174823746536 -837.5813131669245 0
2426 17.08119152782064 -837.7531988326027 0
2427 17.98372513325321 -837.933174674875 0
2428 0.9059671235758446 -837.2807629541322 0
2429 1.811481741246798 -837.2980429304008 0
2430 2.716092046839167 -837.3268132843654 0
2431 3.619347635817388 -837.3670296555837 0
2432 4.520800165893069 -837.4186300307483 0
2433 5.420004106742368 -837.4815348478991 0
2434 6.316517380220742 -837.5556471124518 0
2435 7.209902039578717 -837.6408525428634 0
2436 8.099724996382378 -837.737019762055 0
2437 8.985558658477297 -837.8440004951442 0
2438 9.866981519877177 -837.961629767287 0
2439 10.74357896057477 -838.0897262189934 0
2440 11.61494375544527 -838.2280923333036 0
2441 12.48067675369355 -838.3765147607255 0
2442 13.34038748269963 -838.5347646419768 0
2443 14.19369474047173 -838.7025979522499 0
2444 15.04022725727797 -838.8797559308133 0
2445 15.87962415516354 -839.0659654019632 0
2446 16.71153556104949 -839.2609392310901 0
2447 0.8410415176975446 -838.4562062582962 0
2448 1.681595721343691 -838.4748154635085 0
2449 2.521176050443668 -838.5057989216238 0
2450 3.359297453959179 -838.5491088598592 0
2451 4.195477101733627 -838.6046784946516 0
2452 5.029235191879873 -838.6724221438908 0
2453 5.86009564024204 -838.7522353518707 0
2454 6.687586811859168 -838.8439950461596 0
2455 7.51124230380242 -838.9475597437508 0
2456 8.330601632213124 -839.0627697640004 0
2457 9.145210867566377 -839.1894474416928 0
2458 9.954623496009416 -839.3273974666073 0
2459 10.7584009674079 -839.4764071281719 0
2460 11.55611342705937 -839.6362466653951 0
2461 12.34734036598848 -839.8066696144352 0
2462 13.13167125897331 -839.9874131793449 0
2463 13.90870627707182 -840.1781986947204 0
2464 14.67805678248652 -840.3787319713438 0
2465 15.43934598882473 -840.5887037873263 0
2466 0.7761159118192784 -839.6316495624602 0
2467 1.551709701440651 -839.6515879966161 0
2468 2.326260054048271 -839.6847845588826 0
2469 3.099247272101106 -839.7311880641345 0
2470 3.870154037574354 -839.790726958555 0
2471 4.638466277017579 -839.8633094398824 0
2472 5.403673900263579 -839.9488235912891 0
2473 6.16527158413989 -840.0471375494559 0
2474 6.922759611222768 -840.1580997254464 0
2475 7.675644605949295 -840.2815390328566 0
2476 8.423440215255955 -840.4172651160978 0
2477 9.165668031444472 -840.5650687142207 0
2478 9.901858179370979 -840.7247219230399 0
2479 10.63155010042568 -840.8959785700649 0
2480 11.35429324927784 -841.0785745868932 0
2481 12.06964777747543 -841.2722284064391 0
2482 12.77718529686625 -841.4766414586272 0
2483 13.47648940981013 -841.6914985407229 0
2484 14.16715641660062 -841.9164683435617 0
2485 0.7111903059410212 -840.807092866624 0
2486 1.421823681537628 -840.8283605297232 0
2487 2.131344057652899 -840.863770196141 0
2488 2.839197090243067 -840.9132672684098 0
2489 3.544830973415124 -840.9767754224578 0
2490 4.247697362155337 -841.0541967358741 0
2491 4.947252160285176 -841.1454118307076 0
2492 5.642956356420686 -841.2502800527521 0
2493 6.334276918643194 -841.3686397071416 0
2494 7.020687579685549 -841.5003083017126 0
2495 7.701669562945623 -841.6450827905034 0
2496 8.376712566879636 -841.8027399618342 0
2497 9.045315391334166 -841.9730367179075 0
2498 9.706986773792108 -842.1557104747342 0
2499 10.36124613256734 -842.3504795593512 0
2500 11.0076242959777 -842.5570436335331 0
2501 11.64566431666083 -842.7750842225337 0
2502 12.2749220371339 -843.0042651101029 0
2503 12.89496684437669 -843.2442328997969 0
2504 0.6462647000627213 -841.982536170788 0
2505 1.291937661634521 -842.0051330628311 0
2506 1.9364280612574 -842.0427558333997 0
2507 2.579146908384857 -842.0953464726852 0
2508 3.219507909255681 -842.1628238863611 0
2509 3.85692844729284 -842.245084031866 0
2510 4.490830420306476 -842.3420000701267 0
2511 5.120641128701136 -842.4534225560487 0
2512 5.745794226063235 -842.5791796888375 0
2513 6.365730553421376 -842.7190775705693 0
2514 6.979898910634822 -842.8729004649092 0
2515 7.587757102314281 -843.0404112094478 0
2516 8.188772603296798 -843.2213515127762 0
2517 8.782423447157932 -843.4154423794042 0
2518 9.368199015856193 -843.6223845318095 0
2519 9.945600814479267 -843.8418588606281 0
2520 10.51414333645467 -844.0735269864408 0
2521 11.07335466445688 -844.3170316794831 0
2522 11.62277727215192 -844.5719974560332 0
2523 0.5813390941854625 -843.1579794749505 0
2524 1.162051641733496 -843.1819055959363 0
2525 1.741512064865026 -843.2217414706553 0
2526 2.319096726530817 -843.2774256769566 0
2527 2.894184845101451 -843.3488723502595 0
2528 3.466159532436602 -843.4359713278513 0
2529 4.034408680335085 -843.5385883095382 0
2530 4.598325900989948 -843.6565650593374 0
2531 5.157311533492689 -843.7897196705242 0
2532 5.710773527167675 -843.9378468394156 0
2533 6.25812825833555 -844.1007181393037 0
2534 6.798801637761525 -844.2780824570495 0
2535 7.332229815273087 -844.4696663076312 0
2536 7.85786012053849 -844.6751742840597 0
2537 8.375151899160855 -844.8942895042522 0
2538 8.883577332997728 -845.1266740877063 0
2539 9.382622356266488 -845.3719697503303 0
2540 9.871787291798935 -845.6297982488442 0
2541 10.35058769994732 -845.8997620122491 0
2542 0.5164134883070539 -844.3334227791147 0
2543 1.032165621830171 -844.3586781290444 0
2544 1.5465960684692 -844.4007271079145 0
2545 2.059046544672172 -844.4595048812323 0
2546 2.568861780941464 -844.5349208141632 0
2547 3.075390617573452 -844.626858623844 0
2548 3.577986940355621 -844.7351765489577 0
2549 4.076010673269526 -844.8597075626349 0
2550 4.568828840911748 -845.000259652221 0
2551 5.055816500902409 -845.1566161082728 0
2552 5.536357606023544 -845.3285358137107 0
2553 6.009846173194855 -845.5157537046649 0
2554 6.47568702723429 -845.717981102501 0
2555 6.933296793902778 -845.9349061887312 0
2556 7.382104782448055 -846.1661944767126 0
2557 7.821553851497539 -846.4114893148027 0
2558 8.25110137605845 -846.6704125142397 0
2559 8.670219919119925 -846.9425648182265 0
2560 9.078398127720444 -847.2275265684872 0
2561 0.4416729285762708 -845.7586733423417 0
2562 0.8826648281832953 -845.7846799955994 0
2563 1.32229572301947 -845.8279798594469 0
2564 1.759887745826045 -845.8885061705395 0
2565 2.194766136017309 -845.9661655981138 0
2566 2.62626036212521 -846.0608384000234 0
2567 3.053705087757856 -846.1723785974443 0
2568 3.476441198436481 -846.3006141954825 0
2569 3.893816885544579 -846.4453474684401 0
2570 4.305188617404626 -846.6063552606079 0
2571 4.70992202153996 -846.7833892825872 0
2572 5.107393086128298 -846.9761765845601 0
2573 5.49698893168266 -847.1844199007332 0
2574 5.878108827772659 -847.4077981355144 0
2575 6.250165109608957 -847.6459668536603 0
2576 6.612584060098681 -847.8985587927881 0
2577 6.964806911761402 -848.1651845134097 0
2578 7.306290536200191 -848.4454328805684 0
2579 7.636508371298238 -848.7388717540922 0
2580 0.4318579747229355 -846.0084806014062 0
2581 0.863050054437824 -846.0339093290486 0
2582 1.292911373962685 -846.0762469737246 0
2583 1.720779128834727 -846.1354282555751 0
2584 2.145993555248353 -846.2113619181652 0
2585 2.567899021534381 -846.3039308802165 0
2586 2.985844975132868 -846.4129924065178 0
2587 3.399186951316234 -846.5383783250408 0
2588 3.807287622749798 -846.6798953029718 0
2589 4.209517760162628 -846.8373251440953 0
2590 4.60525708935798 -847.0104250770677 0
2591 4.993895463617098 -847.1989282168521 0
2592 5.374833624157613 -847.4025439041078 0
2593 5.747484188265151 -847.6209581776393 0
2594 6.111272553468671 -847.8538342581624 0
2595 6.465637750185153 -848.1008130436918 0
2596 6.810033427656671 -848.3615137486863 0
2597 7.143928525942899 -848.6355343735447 0
2598 7.466808187085507 -848.9224523834766 0
2599 0.4220430208713502 -846.258287860468 0
2600 0.8434352806958513 -846.2831386624938 0
2601 1.263527024911144 -846.3245140879956 0
2602 1.681670511850395 -846.3823503406035 0
2603 2.097220974488119 -846.4565582382074 0
2604 2.509537680954004 -846.5470233603986 0
2605 2.917984862520053 -846.6536062155784 0
2606 3.321932704209869 -846.7761424545847 0
2607 3.720758359970598 -846.9144431374868 0
2608 4.113846902937897 -847.0682950275643 0
2609 4.500592157194941 -847.2374608715279 0
2610 4.880397841126494 -847.4216798491225 0
2611 5.252678316654806 -847.6206679074596 0
2612 5.616859548781506 -847.8341182197398 0
2613 5.972379997353856 -848.0617016626381 0
2614 6.31869144029868 -848.3030672945686 0
2615 6.655259943580553 -848.5578429839341 0
2616 6.981566515715766 -848.8256358664908 0
2617 7.297108002904448 -849.1060330128287 0
2618 0.4122280670160287 -846.5080951195347 0
2619 0.8238205069464094 -846.5323679959473 0
2620 1.234142675848407 -846.5727812022794 0
2621 1.642561894851148 -846.6292724256476 0
2622 2.048448393709264 -846.7017545582697 0
2623 2.451176340351315 -846.7901158406047 0
2624 2.850124749881253 -846.894220024667 0
2625 3.244678457073869 -847.0139065841599 0
2626 3.634229097158134 -847.148990972037 0
2627 4.0181760456763 -847.2992649110727 0
2628 4.395927224991463 -847.4644966660312 0
2629 4.766900218591916 -847.6444314814388 0
2630 5.130523009104519 -847.8387919108607 0
2631 5.486234909246918 -848.0472782618926 0
2632 5.833487441184666 -848.2695690671696 0
2633 6.171745130354452 -848.5053215455036 0
2634 6.500486459443345 -848.7541722192436 0
2635 6.819204505424247 -849.0157373595011 0
2636 7.127407818655766 -849.2896136422489 0
2637 0.4024131131660917 -846.7579023785953 0
2638 0.804205733207732 -846.7815973293892 0
2639 1.204758326801806 -846.8210483165453 0
2640 1.603453277873396 -846.8761945106684 0
2641 1.999675812957245 -846.9469508783027 0
2642 2.392814999780781 -847.0332083207761 0
2643 2.782264637279902 -847.1348338337152 0
2644 3.167424209980578 -847.2516707136896 0
2645 3.547699834393611 -847.3835388065365 0
2646 3.922505188467834 -847.5302347945246 0
2647 4.291262292846264 -847.6915324604731 0
2648 4.653402596120716 -847.8671831136892 0
2649 5.008367701622661 -848.0569159141905 0
2650 5.35561026978575 -848.2604383039695 0
2651 5.694594885093839 -848.4774364716211 0
2652 6.024798820493461 -848.7075757963539 0
2653 6.345712975394183 -848.9505014544641 0
2654 6.65684249522552 -849.2058388524189 0
2655 6.957707634504548 -849.4731942715715 0
2656 0.3925981593105288 -847.0077096376619 0
2657 0.7845909594578074 -847.0308266628433 0
2658 1.175373977738346 -847.0693154308296 0
2659 1.564344660873185 -847.1231165957139 0
2660 1.950903232177186 -847.1921471983667 0
2661 2.33445365917665 -847.2763008009838 0
2662 2.714404524639423 -847.375447642806 0
2663 3.090169962842662 -847.4894348432672 0
2664 3.461170571578995 -847.6180866410889 0
2665 3.826834331203854 -847.7612046780355 0
2666 4.186597360640174 -847.9185682549787 0
2667 4.539904973583293 -848.0899347460081 0
2668 4.886212394069305 -848.2750399175948 0
2669 5.224985630247865 -848.4735983461258 0
2670 5.555702328921134 -848.6853038761558 0
2671 5.877852510545496 -848.9098300472928 0
2672 6.190939491253023 -849.1468306897776 0
2673 6.49448048492984 -849.3959403454337 0
2674 6.78800745025149 -849.6567749009962 0
2675 0.3827832054603557 -847.2575168967223 0
2676 0.764976185718658 -847.2800559962855 0
2677 1.145989628691037 -847.3175825450967 0
2678 1.52523604389449 -847.3700386807357 0
2679 1.90213065142399 -847.4373435184011 0
2680 2.276092318604706 -847.5193932811567 0
2681 2.646544412036428 -847.616061451856 0
2682 3.012915715747499 -847.7271989727991 0
2683 3.374641308812368 -847.8526344755905 0
2684 3.731163473993058 -847.9921745614899 0
2685 4.081932428492419 -848.1456040494231 0
2686 4.426407351109313 -848.3126863782613 0
2687 4.764057086584445 -848.4931639209281 0
2688 5.09436099078348 -848.6867583882065 0
2689 5.416809772826871 -848.8931712806109 0
2690 5.730906200680856 -849.1120842981468 0
2691 6.036166007200002 -849.3431599250018 0
2692 6.332118474727042 -849.586041838355 0
2693 6.618307266095997 -849.8403555303231 0
2694 0.3729682516053728 -847.5073241557889 0
2695 0.7453614119698928 -847.5292853297387 0
2696 1.116605279629315 -847.565849659379 0
2697 1.486127426896596 -847.6169607657785 0
2698 1.853358070646822 -847.6825398384613 0
2699 2.217730978004039 -847.7624857613605 0
2700 2.578684299399983 -847.8566752609422 0
2701 2.935661468614184 -847.9649631023716 0
2702 3.288112046002919 -848.0871823101378 0
2703 3.635492616734803 -848.2231444449947 0
2704 3.977267496292607 -848.3726398439221 0
2705 4.312909728578721 -848.5354380105734 0
2706 4.641901779038461 -848.7112879243246 0
2707 4.963736351253505 -848.8999184303545 0
2708 5.27791721666261 -849.1010386851374 0
2709 5.583959890741863 -849.3143385490769 0
2710 5.881392523068328 -849.5394891603062 0
2711 6.16975646444136 -849.7761433313601 0
2712 6.448607081853446 -850.0239361597373 0
2713 0.3631532977534507 -847.7571314148513 0
2714 0.7257466382272468 -847.7785146631848 0
2715 1.087220930576765 -847.8141167736512 0
2716 1.44701880991092 -847.8638828508082 0
2717 1.804585489884909 -847.9277361585052 0
2718 2.159369637421651 -848.0055782415445 0
2719 2.510824186784825 -848.0972890700052 0
2720 2.858407221505147 -848.2027272319179 0
2721 3.201582783220719 -848.3217301446559 0
2722 3.539821759506748 -848.4541143284674 0
2723 3.872602564125923 -848.5996756383867 0
2724 4.199412106084154 -848.7581896428482 0
2725 4.519746471531375 -848.9294119276806 0
2726 4.833111711765269 -849.1130784724595 0
2727 5.139024660542891 -849.3089060896182 0
2728 5.437013580850182 -849.5165927999586 0
2729 5.726619038986705 -849.7358183955594 0
2730 6.007394454208423 -849.9662448243116 0
2731 6.278906897666291 -850.2075167890955 0
2732 0.3533383439005777 -848.0069386739146 0
2733 0.7061318644826997 -848.0277439966328 0
2734 1.057836581521365 -848.0623838879271 0
2735 1.407910192921446 -848.1108049358418 0
2736 1.755812909118257 -848.1729324785545 0
2737 2.101008296833583 -848.248670721735 0
2738 2.442964074163053 -848.3379028790754 0
2739 2.781152974388567 -848.4404913614727 0
2740 3.115053520430053 -848.5562779791833 0
2741 3.44415090226931 -848.6850842119499 0
2742 3.767937631948944 -848.8267114328621 0
2743 4.085914483578392 -848.980941275134 0
2744 4.397591164012202 -849.1475359310493 0
2745 4.702487072264064 -849.326238514578 0
2746 5.000132104409333 -849.5167734941131 0
2747 5.290067270943801 -849.7188470508552 0
2748 5.57184555488953 -849.9321476308285 0
2749 5.845032443959097 -850.1563463172802 0
2750 6.109206713461925 -850.3910974184716 0
2751 0.3435233900477321 -848.2567459329784 0
2752 0.6865170907382074 -848.276973330081 0
2753 1.028452232466047 -848.3106510022027 0
2754 1.368801575932083 -848.357727020875 0
2755 1.707040328351741 -848.4181287986033 0
2756 2.042646956245679 -848.4917632019249 0
2757 2.375103961541473 -848.5785166881457 0
2758 2.703898727272206 -848.6782554910271 0
2759 3.028524257639633 -848.7908258137099 0
2760 3.348480045032143 -848.9160540954322 0
2761 3.663272699772264 -849.0537472273369 0
2762 3.972416861072955 -849.20369290742 0
2763 4.275435856493378 -849.3656599344176 0
2764 4.571862432763234 -849.5393985566961 0
2765 4.861239548276177 -849.7246408986077 0
2766 5.143120961037845 -849.9211013017514 0
2767 5.417072070792806 -850.1284768660971 0
2768 5.682670433710244 -850.3464478102478 0
2769 5.939506529258058 -850.5746780478469 0
2770 0.3337084361958328 -848.5065531920412 0
2771 0.666902316995607 -848.5262026635271 0
2772 0.9990678834135656 -848.558918116475 0
2773 1.329692958946497 -848.6046491059046 0
2774 1.658267747589942 -848.6633251186471 0
2775 1.984285615663426 -848.7348556821091 0
2776 2.307243848926472 -848.8191304972087 0
2777 2.62664448016335 -848.9160196205734 0
2778 2.941994994857637 -849.0253736482279 0
2779 3.252809187804314 -849.1470239789047 0
2780 3.558607767605827 -849.280783021801 0
2781 3.858919238578657 -849.4264445396943 0
2782 4.153280548986582 -849.5837839377733 0
2783 4.44123779327531 -849.7525585988012 0
2784 4.722346992156792 -849.9325083030885 0
2785 4.996174651146518 -850.1233555526328 0
2786 5.262298586711556 -850.3248061013501 0
2787 5.520308423477702 -850.5365493031989 0
2788 5.769806345071318 -850.7582586772048 0
2789 0.3238934823408885 -848.7563604511072 0
2790 0.6472875432469192 -848.7754319969798 0
2791 0.9696835343519591 -848.8071852307573 0
2792 1.290584341948756 -848.8515711909474 0
2793 1.609495166812967 -848.9085214387077 0
2794 1.92592427506299 -848.9779481623127 0
2795 2.239383736290296 -849.0597443062943 0
2796 2.549390233030341 -849.1537837501456 0
2797 2.855465732048531 -849.2599214827745 0
2798 3.15713833054644 -849.3779938624086 0
2799 3.453942835406432 -849.5078188162998 0
2800 3.745421616048518 -849.6491961720061 0
2801 4.03112524144109 -849.8019079411697 0
2802 4.310613153745861 -849.9657186409485 0
2803 4.583454435993088 -850.1403757076143 0
2804 4.849228341208121 -850.3256098035619 0
2805 5.107525102580514 -850.5211353366533 0
2806 5.357946413192683 -850.7266507962033 0
2807 5.600106160829463 -850.9418393066187 0
2808 0.3140785284907501 -849.0061677101678 0
2809 0.6276727695078393 -849.024661330422 0
2810 0.9402991853047546 -849.0554523450239 0
2811 1.251475724970201 -849.0984932759691 0
2812 1.560722586059944 -849.153717758742 0
2813 1.867562934491254 -849.2210406424853 0
2814 2.171523623687544 -849.3003581153442 0
2815 2.472135985935454 -849.3915478796768 0
2816 2.768936469282213 -849.4944693172758 0
2817 3.061467473335986 -849.608963745863 0
2818 3.349277903259054 -849.7348546107437 0
2819 3.631923993574948 -849.8719478042588 0
2820 3.908969933956672 -850.0200319445023 0
2821 4.179988514281948 -850.1788786830284 0
2822 4.444561879899333 -850.3482431120685 0
2823 4.702282031344017 -850.5278640544155 0
2824 4.95275161852806 -850.7174645718769 0
2825 5.195584402990487 -850.9167522891239 0
2826 5.430405976674595 -851.1254199359446 0
2827 0.3042635746352194 -849.2559749692343 0
2828 0.6080579957579786 -849.2738906638766 0
2829 0.9109148362413899 -849.3037194593082 0
2830 1.212367107970117 -849.3454153610144 0
2831 1.511950005280045 -849.3989140788051 0
2832 1.809201593887314 -849.4641331226928 0
2833 2.103663511047289 -849.5409719244348 0
2834 2.394881738797792 -849.6293120092542 0
2835 2.682407206467885 -849.7290171518285 0
2836 2.965796616072323 -849.8399336293734 0
2837 3.244612971053309 -849.9618904052491 0
2838 3.518426371037903 -850.0946994365777 0
2839 3.786814626403722 -850.2381559479061 0
2840 4.0493638747445 -850.3920387251842 0
2841 4.305669323727094 -850.556110516603 0
2842 4.555335721396549 -850.730118305354 0
2843 4.797978134387423 -850.9137938071904 0
2844 5.033222392695357 -851.1068537821384 0
2845 5.260705792422122 -851.3090005653689 0
2846 0.2944486207853089 -849.5057822282948 0
2847 0.5884432220193543 -849.5231199973177 0
2848 0.8815304871948688 -849.5519865735743 0
2849 1.173258490992471 -849.5923374460349 0
2850 1.463177424528158 -849.6441103988383 0
2851 1.750840253316938 -849.7072256028639 0
2852 2.035803398446121 -849.7815857334826 0
2853 2.317627491704713 -849.8670761387834 0
2854 2.595877943703597 -849.9635649863272 0
2855 2.870125758864118 -850.0709035128252 0
2856 3.139948038908399 -850.188926199691 0
2857 3.404928748567015 -850.3174510688276 0
2858 3.664659318922201 -850.4562799512357 0
2859 3.918739235283696 -850.6051987672613 0
2860 4.166776767636653 -850.7639779210539 0
2861 4.408389411535969 -850.9323725562041 0
2862 4.643204650338697 -851.1101230424102 0
2863 4.870860382497087 -851.2969552750554 0
2864 5.091005608271381 -851.4925811946907 0
2865 0.2846336669300058 -849.7555894873614 0
2866 0.5688284482699489 -849.7723493307715 0
2867 0.8521461381321866 -849.8002536878578 0
2868 1.134149873993298 -849.8392595310793 0
2869 1.414404843749395 -849.8893067189007 0
2870 1.69247891271436 -849.95031808307 0
2871 1.967943285807449 -850.0221995425711 0
2872 2.240373244568858 -850.1048402683589 0
2873 2.509348680891296 -850.1981128208776 0
2874 2.774454901602703 -850.3018733963332 0
2875 3.03528310670512 -850.4159619941936 0
2876 3.291431126032651 -850.5402027011436 0
2877 3.542504011372148 -850.6744039546364 0
2878 3.788114595749355 -850.8183588094137 0
2879 4.027884211467731 -850.971845325585 0
2880 4.261443101592023 -851.1346268071391 0
2881 4.488431166201788 -851.3064522777196 0
2882 4.708498372205886 -851.4870567680657 0
2883 4.921305424023033 -851.6761618241106 0
2884 0.2748187130784488 -850.0053967464235 0
2885 0.549213674528033 -850.0215786642167 0
2886 0.8227617890807309 -850.0485208021292 0
2887 1.095041257009079 -850.0861816161072 0
2888 1.365632262989301 -850.1345030389425 0
2889 1.634117572134151 -850.1934105632521 0
2890 1.90008317319483 -850.2628133516314 0
2891 2.163118997462716 -850.3426043979023 0
2892 2.422819418112347 -850.4326606553923 0
2893 2.678784044378251 -850.5328432798021 0
2894 2.930618174542387 -850.6429977886538 0
2895 3.177933503542382 -850.7629543334136 0
2896 3.420348703869702 -850.892527957988 0
2897 3.657489956266097 -851.0315188515137 0
2898 3.888991655353327 -851.1797127300606 0
2899 4.11449679170599 -851.3368810580151 0
2900 4.333657682126135 -851.502781512967 0
2901 4.546136361979241 -851.6771582610112 0
2902 4.751605239842488 -851.8597424534624 0
2903 0.2650037592251328 -850.2552040054878 0
2904 0.5295989007825999 -850.2708079976659 0
2905 0.7933774400240032 -850.2967879164063 0
2906 1.055932640017837 -850.3331037011429 0
2907 1.316859682220441 -850.3796993589942 0
2908 1.575756231543437 -850.4365030434449 0
2909 1.832223060569977 -850.503427160705 0
2910 2.085864750342623 -850.5803685274609 0
2911 2.336290155317737 -850.6672084899236 0
2912 2.583113187136442 -850.7638131632893 0
2913 2.825953242360615 -850.8700335831342 0
2914 3.064435881031407 -850.9857059657054 0
2915 3.2981933963449 -851.1106519613625 0
2916 3.526865316758853 -851.2446788936384 0
2917 3.750099099213322 -851.3875801345625 0
2918 3.96755048179276 -851.5391353089184 0
2919 4.178884198021717 -851.6991107482436 0
2920 4.38377435172228 -851.8672597539874 0
2921 4.581905055630104 -852.0433230828463 0
$EndNodes
$Elements
3040
1 1 2 2 1 1 15
2 1 2 2 1 15 16
3 1 2 2 1 16 17
4 1 2 2 1 17 18
5 1 2 2 1 18 19
6 1 2 2 1 19 20
7 1 2 2 1 20 21
8 1 2 2 1 21 22
9 1 2 2 1 22 23
10 1 2 2 1 23 24
11 1 2 2 1 24 25
12 1 2 2 1 25 26
13 1 2 2 1 26 27
14 1 2 2 1 27 28
15 1 2 2 1 28 29
16 1 2 2 1 29 30
17 1 2 2 1 30 31
18 1 2 2 1 31 32
19 1 2 2 1 32 33
20 1 2 2 1 33 12
21 1 2 2 2 12 34
22 1 2 2 2 34 35
23 1 2 2 2 35 36
24 1 2 2 2 36 37
25 1 2 2 2 37 38
26 1 2 2 2 38 39
27 1 2 2 2 39 40
28 1 2 2 2 40 41
29 1 2 2 2 41 42
30 1 2 2 2 42 43
31 1 2 2 2 43 44
32 1 2 2 2 44 45
33 1 2 2 2 45 46
34 1 2 2 2 46 47
35 1 2 2 2 47 48
36 1 2 2 2 48 49
37 1 2 2 2 49 50
38 1 2 2 2 50 51
39 1 2 2 2 51 52
40 1 2 2 2 52 6
41 1 2 2 3 6 53
42 1 2 2 3 53 54
43 1 2 2 3 54 55
44 1 2 2 3 55 56
45 1 2 2 3 56 57
46 1 2 2 3 57 58
47 1 2 2 3 58 59
48 1 2 2 3 59 60
49 1 2 2 3 60 61
50 1 2 2 3 61 62
51 1 2 2 3 62 63
52 1 2 2 3 63 64
53 1 2 2 3 64 65
54 1 2 2 3 65 66
55 1 2 2 3 66 67
56 1 2 2 3 67 68
57 1 2 2 3 68 69
58 1 2 2 3 69 70
59 1 2 2 3 70 71
60 1 2 2 3 71 2
61 1 2 4 4 2 72
62 1 2 4 4 72 73
63 1 2 4 4 73 74
64 1 2 4 4 74 75
65 1 2 4 4 75 76
66 1 2 4 4 76 77
67 1 2 4 4 77 78
68 1 2 4 4 78 79
69 1 2 4 4 79 80
70 1 2 4 4 80 81
71 1 2 4 4 81 82
72 1 2 4 4 82 83
73 1 2 4 4 83 84
74 1 2 4 4 84 85
75 1 2 4 4 85 86
76 1 2 4 4 86 87
77 1 2 4 4 87 88
78 1 2 4 4 88 89
79 1 2 4 4 89 90
80 1 2 4 4 90 9
81 1 2 4 5 9 91
82 1 2 4 5 91 92
83 1 2 4 5 92 93
84 1 2 4 5 93 94
85 1 2 4 5 94 95
86 1 2 4 5 95 96
87 1 2 4 5 96 97
88 1 2 4 5 97 98
89 1 2 4 5 98 99
90 1 2 4 5 99 100
91 1 2 4 5 100 101
92 1 2 4 5 101 102
93 1 2 4 5 102 103
94 1 2 4 5 103 104
95 1 2 4 5 104 105
96 1 2 4 5 105 106
97 1 2 4 5 106 107
98 1 2 4 5 107 108
99 1 2 4 5 108 109
100 1 2 4 5 109 3
101 1 2 5 6 3 110
102 1 2 5 6 110 111
103 1 2 5 6 111 112
104 1 2 5 6 112 113
105 1 2 5 6 113 114
106 1 2 5 6 114 115
107 1 2 5 6 115 116
108 1 2 5 6 116 117
109 1 2 5 6 117 118
110 1 2 5 6 118 119
111 1 2 5 6 119 120
112 1 2 5 6 120 121
113 1 2 5 6 121 122
114 1 2 5 6 122 123
115 1 2 5 6 123 124
116 1 2 5 6 124 125
117 1 2 5 6 125 126
118 1 2 5 6 126 127
119 1 2 5 6 127 128
120 1 2 5 6 128 10
121 1 2 5 7 10 129
122 1 2 5 7 129 130
123 1 2 5 7 130 131
124 1 2 5 7 131 132
125 1 2 5 7 132 133
126 1 2 5 7 133 134
127 1 2 5 7 134 135
128 1 2 5 7 135 136
129 1 2 5 7 136 137
130 1 2 5 7 137 138
131 1 2 5 7 138 139
132 1 2 5 7 139 140
133 1 2 5 7 140 141
134 1 2 5 7 141 142
135 1 2 5 7 142 143
136 1 2 5 7 143 144
137 1 2 5 7 144 145
138 1 2 5 7 145 146
139 1 2 5 7 146 147
140 1 2 5 7 147 4
141 1 2 3 8 4 148
142 1 2 3 8 148 149
143 1 2 3 8 149 150
144 1 2 3 8 150 151
145 1 2 3 8 151 152
146 1 2 3 8 152 153
147 1 2 3 8 153 154
148 1 2 3 8 154 155
149 1 2 3 8 155 156
150 1 2 3 8 156 157
151 1 2 3 8 157 158
152 1 2 3 8 158 159
153 1 2 3 8 159 160
154 1 2 3 8 160 161
155 1 2 3 8 161 162
156 1 2 3 8 162 163
157 1 2 3 8 163 164
158 1 2 3 8 164 165
159 1 2 3 8 165 166
160 1 2 3 8 166 8
161 1 2 3 9 8 167
162 1 2 3 9 167 168
163 1 2 3 9 168 169
164 1 2 3 9 169 170
165 1 2 3 9 170 171
166 1 2 3 9 171 172
167 1 2 3 9 172 173
168 1 2 3 9 173 174
169 1 2 3 9 174 175
170 1 2 3 9 175 176
171 1 2 3 9 176 177
172 1 2 3 9 177 178
173 1 2 3 9 178 179
174 1 2 3 9 179 180
175 1 2 3 9 180 181
176 1 2 3 9 181 182
177 1 2 3 9 182 183
178 1 2 3 9 183 184
179 1 2 3 9 184 185
180 1 2 3 9 185 13
181 1 2 3 10 13 186
182 1 2 3 10 186 187
183 1 2 3 10 187 188
184 1 2 3 10 188 189
185 1 2 3 10 189 190
186 1 2 3 10 190 191
187 1 2 3 10 191 192
188 1 2 3 10 192 193
189 1 2 3 10 193 194
190 1 2 3 10 194 195
191 1 2 3 10 195 196
192 1 2 3 10 196 197
193 1 2 3 10 197 198
194 1 2 3 10 198 199
195 1 2 3 10 199 200
196 1 2 3 10 200 201
197 1 2 3 10 201 202
198 1 2 3 10 202 203
199 1 2 3 10 203 204
200 1 2 3 10 204 5
201 1 2 6 17 1 319
202 1 2 6 17 319 320
203 1 2 6 17 320 321
204 1 2 6 17 321 322
205 1 2 6 17 322 323
206 1 2 6 17 323 324
207 1 2 6 17 324 325
208 1 2 6 17 325 326
209 1 2 6 17 326 327
210 1 2 6 17 327 328
211 1 2 6 17 328 329
212 1 2 6 17 329 330
213 1 2 6 17 330 331
214 1 2 6 17 331 332
215 1 2 6 17 332 333
216 1 2 6 17 333 334
217 1 2 6 17 334 335
218 1 2 6 17 335 336
219 1 2 6 17 336 337
220 1 2 6 17 337 11
221 1 2 6 18 11 338
222 1 2 6 18 338 339
223 1 2 6 18 339 340
224 1 2 6 18 340 341
225 1 2 6 18 341 342
226 1 2 6 18 342 343
227 1 2 6 18 343 344
228 1 2 6 18 344 345
229 1 2 6 18 345 346
230 1 2 6 18 346 347
231 1 2 6 18 347 348
232 1 2 6 18 348 349
233 1 2 6 18 349 350
234 1 2 6 18 350 351
235 1 2 6 18 351 352
236 1 2 6 18 352 353
237 1 2 6 18 353 354
238 1 2 6 18 354 355
239 1 2 6 18 355 356
240 1 2 6 18 356 5
241 3 2 1 1 1 15 395 319
242 3 2 1 1 15 16 396 395
243 3 2 1 1 16 17 397 396
244 3 2 1 1 17 18 398 397
245 3 2 1 1 18 19 399 398
246 3 2 1 1 19 20 400 399
247 3 2 1 1 20 21 401 400
248 3 2 1 1 21 22 402 401
249 3 2 1 1 22 23 403 402
250 3 2 1 1 23 24 404 403
251 3 2 1 1 24 25 405 404
252 3 2 1 1 25 26 406 405
253 3 2 1 1 26 27 407 406
254 3 2 1 1 27 28 408 407
255 3 2 1 1 28 29 409 408
256 3 2 1 1 29 30 410 409
257 3 2 1 1 30 31 411 410
258 3 2 1 1 31 32 412 411
259 3 2 1 1 32 33 413 412
260 3 2 1 1 33 12 357 413
261 3 2 1 1 319 395 414 320
262 3 2 1 1 395 396 415 414
263 3 2 1 1 396 397 416 415
264 3 2 1 1 397 398 417 416
265 3 2 1 1 398 399 418 417
266 3 2 1 1 399 400 419 418
267 3 2 1 1 400 401 420 419
268 3 2 1 1 401 402 421 420
269 3 2 1 1 402 403 422 421
270 3 2 1 1 403 404 423 422
271 3 2 1 1 404 405 424 423
272 3 2 1 1 405 406 425 424
273 3 2 1 1 406 407 426 425
274 3 2 1 1 407 408 427 426
275 3 2 1 1 408 409 428 427
276 3 2 1 1 409 410 429 428
277 3 2 1 1 410 411 430 429
278 3 2 1 1 411 412 431 430
279 3 2 1 1 412 413 432 431
280 3 2 1 1 413 357 358 432
281 3 2 1 1 320 414 433 321
282 3 2 1 1 414 415 434 433
283 3 2 1 1 415 416 435 434
284 3 2 1 1 416 417 436 435
285 3 2 1 1 417 418 437 436
286 3 2 1 1 418 419 438 437
287 3 2 1 1 419 420 439 438
288 3 2 1 1 420 421 440 439
289 3 2 1 1 421 422 441 440
290 3 2 1 1 422 423 442 441
291 3 2 1 1 423 424 443 442
292 3 2 1 1 424 425 444 443
293 3 2 1 1 425 426 445 444
294 3 2 1 1 426 427 446 445
295 3 2 1 1 427 428 447 446
296 3 2 1 1 428 429 448 447
297 3 2 1 1 429 430 449 448
298 3 2 1 1 430 431 450 449
299 3 2 1 1 431 432 451 450
300 3 2 1 1 432 358 359 451
301 3 2 1 1 321 433 452 322
302 3 2 1 1 433 434 453 452
303 3 2 1 1 434 435 454 453
304 3 2 1 1 435 436 455 454
305 3 2 1 1 436 437 456 455
306 3 2 1 1 437 438 457 456
307 3 2 1 1 438 439 458 457
308 3 2 1 1 439 440 459 458
309 3 2 1 1 440 441 460 459
310 3 2 1 1 441 442 461 460
311 3 2 1 1 442 443 462 461
312 3 2 1 1 443 444 463 462
313 3 2 1 1 444 445 464 463
314 3 2 1 1 445 446 465 464
315 3 2 1 1 446 447 466 465
316 3 2 1 1 447 448 467 466
317 3 2 1 1 448 449 468 467
318 3 2 1 1 449 450 469 468
319 3 2 1 1 450 451 470 469
320 3 2 1 1 451 359 360 470
321 3 2 1 1 322 452 471 323
322 3 2 1 1 452 453 472 471
323 3 2 1 1 453 454 473 472
324 3 2 1 1 454 455 474 473
325 3 2 1 1 455 456 475 474
326 3 2 1 1 456 457 476 475
327 3 2 1 1 457 458 477 476
328 3 2 1 1 458 459 478 477
329 3 2 1 1 459 460 479 478
330 3 2 1 1 460 461 480 479
331 3 2 1 1 461 462 481 480
332 3 2 1 1 462 463 482 481
333 3 2 1 1 463 464 483 482
334 3 2 1 1 464 465 484 483
335 3 2 1 1 465 466 485 484
336 3 2 1 1 466 467 486 485
337 3 2 1 1 467 468 487 486
338 3 2 1 1 468 469 488 487
339 3 2 1 1 469 470 489 488
340 3 2 1 1 470 360 361 489
341 3 2 1 1 323 471 490 324
342 3 2 1 1 471 472 491 490
343 3 2 1 1 472 473 492 491
344 3 2 1 1 473 474 493 492
345 3 2 1 1 474 475 494 493
346 3 2 1 1 475 476 495 494
347 3 2 1 1 476 477 496 495
348 3 2 1 1 477 478 497 496
349 3 2 1 1 478 479 498 497
350 3 2 1 1 479 480 499 498
351 3 2 1 1 480 481 500 499
352 3 2 1 1 481 482 501 500
353 3 2 1 1 482 483 502 501
354 3 2 1 1 483 484 503 502
355 3 2 1 1 484 485 504 503
356 3 2 1 1 485 486 505 504
357 3 2 1 1 486 487 506 505
358 3 2 1 1 487 488 507 506
359 3 2 1 1 488 489 508 507
360 3 2 1 1 489 361 362 508
361 3 2 1 1 324 490 509 325
362 3 2 1 1 490 491 510 509
363 3 2 1 1 491 492 511 510
364 3 2 1 1 492 493 512 511
365 3 2 1 1 493 494 513 512
366 3 2 1 1 494 495 514 513
367 3 2 1 1 495 496 515 514
368 3 2 1 1 496 497 516 515
369 3 2 1 1 497 498 517 516
370 3 2 1 1 498 499 518 517
371 3 2 1 1 499 500 519 518
372 3 2 1 1 500 501 520 519
373 3 2 1 1 501 502 521 520
374 3 2 1 1 502 503 522 521
375 3 2 1 1 503 504 523 522
376 3 2 1 1 504 505 524 523
377 3 2 1 1 505 506 525 524
378 3 2 1 1 506 507 526 525
379 3 2 1 1 507 508 527 526
380 3 2 1 1 508 362 363 527
381 3 2 1 1 325 509 528 326
382 3 2 1 1 509 510 529 528
383 3 2 1 1 510 511 530 529
384 3 2 1 1 511 512 531 530
385 3 2 1 1 512 513 532 531
386 3 2 1 1 513 514 533 532
387 3 2 1 1 514 515 534 533
388 3 2 1 1 515 516 535 534
389 3 2 1 1 516 517 536 535
390 3 2 1 1 517 518 537 536
391 3 2 1 1 518 519 538 537
392 3 2 1 1 519 520 539 538
393 3 2 1 1 520 521 540 539
394 3 2 1 1 521 522 541 540
395 3 2 1 1 522 523 542 541
396 3 2 1 1 523 524 543 542
397 3 2 1 1 524 525 544 543
398 3 2 1 1 525 526 545 544
399 3 2 1 1 526 527 546 545
400 3 2 1 1 527 363 364 546
401 3 2 1 1 326 528 547 327
402 3 2 1 1 528 529 548 547
403 3 2 1 1 529 530 549 548
404 3 2 1 1 530 531 550 549
405 3 2 1 1 531 532 551 550
406 3 2 1 1 532 533 552 551
407 3 2 1 1 533 534 553 552
408 3 2 1 1 534 535 554 553
409 3 2 1 1 535 536 555 554
410 3 2 1 1 536 537 556 555
411 3 2 1 1 537 538 557 556
412 3 2 1 1 538 539 558 557
413 3 2 1 1 539 540 559 558
414 3 2 1 1 540 541 560 559
415 3 2 1 1 541 542 561 560
416 3 2 1 1 542 543 562 561
417 3 2 1 1 543 544 563 562
418 3 2 1 1 544 545 564 563
419 3 2 1 1 545 546 565 564
420 3 2 1 1 546 364 365 565
421 3 2 1 1 327 547 566 328
422 3 2 1 1 547 548 567 566
423 3 2 1 1 548 549 568 567
424 3 2 1 1 549 550 569 568
425 3 2 1 1 550 551 570 569
426 3 2 1 1 551 552 571 570
427 3 2 1 1 552 553 572 571
428 3 2 1 1 553 554 573 572
429 3 2 1 1 554 555 574 573
430 3 2 1 1 555 556 575 574
431 3 2 1 1 556 557 576 575
432 3 2 1 1 557 558 577 576
433 3 2 1 1 558 559 578 577
434 3 2 1 1 559 560 579 578
435 3 2 1 1 560 561 580 579
436 3 2 1 1 561 562 581 580
437 3 2 1 1 562 563 582 581
438 3 2 1 1 563 564 583 582
439 3 2 1 1 564 565 584 583
440 3 2 1 1 565 365 366 584
441 3 2 1 1 328 566 585 329
442 3 2 1 1 566 567 586 585
443 3 2 1 1 567 568 587 586
444 3 2 1 1 568 569 588 587
445 3 2 1 1 569 570 589 588
446 3 2 1 1 570 571 590 589
447 3 2 1 1 571 572 591 590
448 3 2 1 1 572 573 592 591
449 3 2 1 1 573 574 593 592
450 3 2 1 1 574 575 594 593
451 3 2 1 1 575 576 595 594
452 3 2 1 1 576 577 596 595
453 3 2 1 1 577 578 597 596
454 3 2 1 1 578 579 598 597
455 3 2 1 1 579 580 599 598
456 3 2 1 1 580 581 600 599
457 3 2 1 1 581 582 601 600
458 3 2 1 1 582 583 602 601
459 3 2 1 1 583 584 603 602
460 3 2 1 1 584 366 367 603
461 3 2 1 1 329 585 604 330
462 3 2 1 1 585 586 605 604
463 3 2 1 1 586 587 606 605
464 3 2 1 1 587 588 607 606
465 3 2 1 1 588 589 608 607
466 3 2 1 1 589 590 609 608
467 3 2 1 1 590 591 610 609
468 3 2 1 1 591 592 611 610
469 3 2 1 1 592 593 612 611
470 3 2 1 1 593 594 613 612
471 3 2 1 1 594 595 614 613
472 3 2 1 1 595 596 615 614
473 3 2 1 1 596 597 616 615
474 3 2 1 1 597 598 617 616
475 3 2 1 1 598 599 618 617
476 3 2 1 1 599 600 619 618
477 3 2 1 1 600 601 620 619
478 3 2 1 1 601 602 621 620
479 3 2 1 1 602 603 622 621
480 3 2 1 1 603 367 368 622
481 3 2 1 1 330 604 623 331
482 3 2 1 1 604 605 624 623
483 3 2 1 1 605 606 625 624
484 3 2 1 1 606 607 626 625
485 3 2 1 1 607 608 627 626
486 3 2 1 1 608 609 628 627
487 3 2 1 1 609 610 629 628
488 3 2 1 1 610 611 630 629
489 3 2 1 1 611 612 631 630
490 3 2 1 1 612 613 632 631
491 3 2 1 1 613 614 633 632
492 3 2 1 1 614 615 634 633
493 3 2 1 1 615 616 635 634
494 3 2 1 1 616 617 636 635
495 3 2 1 1 617 618 637 636
496 3 2 1 1 618 619 638 637
497 3 2 1 1 619 620 639 638
498 3 2 1 1 620 621 640 639
499 3 2 1 1 621 622 641 640
500 3 2 1 1 622 368 369 641
501 3 2 1 1 331 623 642 332
502 3 2 1 1 623 624 643 642
503 3 2 1 1 624 625 644 643
504 3 2 1 1 625 626 645 644
505 3 2 1 1 626 627 646 645
506 3 2 1 1 627 628 647 646
507 3 2 1 1 628 629 648 647
508 3 2 1 1 629 630 649 648
509 3 2 1 1 630 631 650 649
510 3 2 1 1 631 632 651 650
511 3 2 1 1 632 633 652 651
512 3 2 1 1 633 634 653 652
513 3 2 1 1 634 635 654 653
514 3 2 1 1 635 636 655 654
515 3 2 1 1 636 637 656 655
516 3 2 1 1 637 638 657 656
517 3 2 1 1 638 639 658 657
518 3 2 1 1 639 640 659 658
519 3 2 1 1 640 641 660 659
520 3 2 1 1 641 369 370 660
521 3 2 1 1 332 642 661 333
522 3 2 1 1 642 643 662 661
523 3 2 1 1 643 644 663 662
524 3 2 1 1 644 645 664 663
525 3 2 1 1 645 646 665 664
526 3 2 1 1 646 647 666 665
527 3 2 1 1 647 648 667 666
528 3 2 1 1 648 649 668 667
529 3 2 1 1 649 650 669 668
530 3 2 1 1 650 651 670 669
531 3 2 1 1 651 652 671 670
532 3 2 1 1 652 653 672 671
533 3 2 1 1 653 654 673 672
534 3 2 1 1 654 655 674 673
535 3 2 1 1 655 656 675 674
536 3 2 1 1 656 657 676 675
537 3 2 1 1 657 658 677 676
538 3 2 1 1 658 659 678 677
539 3 2 1 1 659 660 679 678
540 3 2 1 1 660 370 371 679
541 3 2 1 1 333 661 680 334
542 3 2 1 1 661 662 681 680
543 3 2 1 1 662 663 682 681
544 3 2 1 1 663 664 683 682
545 3 2 1 1 664 665 684 683
546 3 2 1 1 665 666 685 684
547 3 2 1 1 666 667 686 685
548 3 2 1 1 667 668 687 686
549 3 2 1 1 668 669 688 687
550 3 2 1 1 669 670 689 688
551 3 2 1 1 670 671 690 689
552 3 2 1 1 671 672 691 690
553 3 2 1 1 672 673 692 691
554 3 2 1 1 673 674 693 692
555 3 2 1 1 674 675 694 693
556 3 2 1 1 675 676 695 694
557 3 2 1 1 676 677 696 695
558 3 2 1 1 677 678 697 696
559 3 2 1 1 678 679 698 697
560 3 2 1 1 679 371 372 698
561 3 2 1 1 334 680 699 335
562 3 2 1 1 680 681 700 699
563 3 2 1 1 681 682 701 700
564 3 2 1 1 682 683 702 701
565 3 2 1 1 683 684 703 702
566 3 2 1 1 684 685 704 703
567 3 2 1 1 685 686 705 704
568 3 2 1 1 686 687 706 705
569 3 2 1 1 687 688 707 706
570 3 2 1 1 688 689 708 707
571 3 2 1 1 689 690 709 708
572 3 2 1 1 690 691 710 709
573 3 2 1 1 691 692 711 710
574 3 2 1 1 692 693 712 711
575 3 2 1 1 693 694 713 712
576 3 2 1 1 694 695 714 713
577 3 2 1 1 695 696 715 714
578 3 2 1 1 696 697 716 715
579 3 2 1 1 697 698 717 716
580 3 2 1 1 698 372 373 717
581 3 2 1 1 335 699 718 336
582 3 2 1 1 699 700 719 718
583 3 2 1 1 700 701 720 719
584 3 2 1 1 701 702 721 720
585 3 2 1 1 702 703 722 721
586 3 2 1 1 703 704 723 722
587 3 2 1 1 704 705 724 723
588 3 2 1 1 705 706 725 724
589 3 2 1 1 706 707 726 725
590 3 2 1 1 707 708 727 726
591 3 2 1 1 708 709 728 727
592 3 2 1 1 709 710 729 728
593 3 2 1 1 710 711 730 729
594 3 2 1 1 711 712 731 730
595 3 2 1 1 712 713 732 731
596 3 2 1 1 713 714 733 732
597 3 2 1 1 714 715 734 733
598 3 2 1 1 715 716 735 734
599 3 2 1 1 716 717 736 735
600 3 2 1 1 717 373 374 736
601 3 2 1 1 336 718 737 337
602 3 2 1 1 718 719 738 737
603 3 2 1 1 719 720 739 738
604 3 2 1 1 720 721 740 739
605 3 2 1 1 721 722 741 740
606 3 2 1 1 722 723 742 741
607 3 2 1 1 723 724 743 742
608 3 2 1 1 724 725 744 743
609 3 2 1 1 725 726 745 744
610 3 2 1 1 726 727 746 745
611 3 2 1 1 727 728 747 746
612 3 2 1 1 728 729 748 747
613 3 2 1 1 729 730 749 748
614 3 2 1 1 730 731 750 749
615 3 2 1 1 731 732 751 750
616 3 2 1 1 732 733 752 751
617 3 2 1 1 733 734 753 752
618 3 2 1 1 734 735 754 753
619 3 2 1 1 735 736 755 754
620 3 2 1 1 736 374 375 755
621 3 2 1 1 337 737 281 11
622 3 2 1 1 737 738 282 281
623 3 2 1 1 738 739 283 282
624 3 2 1 1 739 740 284 283
625 3 2 1 1 740 741 285 284
626 3 2 1 1 741 742 286 285
627 3 2 1 1 742 743 287 286
628 3 2 1 1 743 744 288 287
629 3 2 1 1 744 745 289 288
630 3 2 1 1 745 746 290 289
631 3 2 1 1 746 747 291 290
632 3 2 1 1 747 748 292 291
633 3 2 1 1 748 749 293 292
634 3 2 1 1 749 750 294 293
635 3 2 1 1 750 751 295 294
636 3 2 1 1 751 752 296 295
637 3 2 1 1 752 753 297 296
638 3 2 1 1 753 754 298 297
639 3 2 1 1 754 755 299 298
640 3 2 1 1 755 375 14 299
641 3 2 1 2 12 34 756 357
642 3 2 1 2 34 35 757 756
643 3 2 1 2 35 36 758 757
644 3 2 1 2 36 37 759 758
645 3 2 1 2 37 38 760 759
646 3 2 1 2 38 39 761 760
647 3 2 1 2 39 40 762 761
648 3 2 1 2 40 41 763 762
649 3 2 1 2 41 42 764 763
650 3 2 1 2 42 43 765 764
651 3 2 1 2 43 44 766 765
652 3 2 1 2 44 45 767 766
653 3 2 1 2 45 46 768 767
654 3 2 1 2 46 47 769 768
655 3 2 1 2 47 48 770 769
656 3 2 1 2 48 49 771 770
657 3 2 1 2 49 50 772 771
658 3 2 1 2 50 51 773 772
659 3 2 1 2 51 52 774 773
660 3 2 1 2 52 6 205 774
661 3 2 1 2 357 756 775 358
662 3 2 1 2 756 757 776 775
663 3 2 1 2 757 758 777 776
664 3 2 1 2 758 759 778 777
665 3 2 1 2 759 760 779 778
666 3 2 1 2 760 761 780 779
667 3 2 1 2 761 762 781 780
668 3 2 1 2 762 763 782 781
669 3 2 1 2 763 764 783 782
670 3 2 1 2 764 765 784 783
671 3 2 1 2 765 766 785 784
672 3 2 1 2 766 767 786 785
673 3 2 1 2 767 768 787 786
674 3 2 1 2 768 769 788 787
675 3 2 1 2 769 770 789 788
676 3 2 1 2 770 771 790 789
677 3 2 1 2 771 772 791 790
678 3 2 1 2 772 773 792 791
679 3 2 1 2 773 774 793 792
680 3 2 1 2 774 205 206 793
681 3 2 1 2 358 775 794 359
682 3 2 1 2 775 776 795 794
683 3 2 1 2 776 777 796 795
684 3 2 1 2 777 778 797 796
685 3 2 1 2 778 779 798 797
686 3 2 1 2 779 780 799 798
687 3 2 1 2 780 781 800 799
688 3 2 1 2 781 782 801 800
689 3 2 1 2 782 783 802 801
690 3 2 1 2 783 784 803 802
691 3 2 1 2 784 785 804 803
692 3 2 1 2 785 786 805 804
693 3 2 1 2 786 787 806 805
694 3 2 1 2 787 788 807 806
695 3 2 1 2 788 789 808 807
696 3 2 1 2 789 790 809 808
697 3 2 1 2 790 791 810 809
698 3 2 1 2 791 792 811 810
699 3 2 1 2 792 793 812 811
700 3 2 1 2 793 206 207 812
701 3 2 1 2 359 794 813 360
702 3 2 1 2 794 795 814 813
703 3 2 1 2 795 796 815 814
704 3 2 1 2 796 797 816 815
705 3 2 1 2 797 798 817 816
706 3 2 1 2 798 799 818 817
707 3 2 1 2 799 800 819 818
708 3 2 1 2 800 801 820 819
709 3 2 1 2 801 802 821 820
710 3 2 1 2 802 803 822 821
711 3 2 1 2 803 804 823 822
712 3 2 1 2 804 805 824 823
713 3 2 1 2 805 806 825 824
714 3 2 1 2 806 807 826 825
715 3 2 1 2 807 808 827 826
716 3 2 1 2 808 809 828 827
717 3 2 1 2 809 810 829 828
718 3 2 1 2 810 811 830 829
719 3 2 1 2 811 812 831 830
720 3 2 1 2 812 207 208 831
721 3 2 1 2 360 813 832 361
722 3 2 1 2 813 814 833 832
723 3 2 1 2 814 815 834 833
724 3 2 1 2 815 816 835 834
725 3 2 1 2 816 817 836 835
726 3 2 1 2 817 818 837 836
727 3 2 1 2 818 819 838 837
728 3 2 1 2 819 820 839 838
729 3 2 1 2 820 821 840 839
730 3 2 1 2 821 822 841 840
731 3 2 1 2 822 823 842 841
732 3 2 1 2 823 824 843 842
733 3 2 1 2 824 825 844 843
734 3 2 1 2 825 826 845 844
735 3 2 1 2 826 827 846 845
736 3 2 1 2 827 828 847 846
737 3 2 1 2 828 829 848 847
738 3 2 1 2 829 830 849 848
739 3 2 1 2 830 831 850 849
740 3 2 1 2 831 208 209 850
741 3 2 1 2 361 832 851 362
742 3 2 1 2 832 833 852 851
743 3 2 1 2 833 834 853 852
744 3 2 1 2 834 835 854 853
745 3 2 1 2 835 836 855 854
746 3 2 1 2 836 837 856 855
747 3 2 1 2 837 838 857 856
748 3 2 1 2 838 839 858 857
749 3 2 1 2 839 840 859 858
750 3 2 1 2 840 841 860 859
751 3 2 1 2 841 842 861 860
752 3 2 1 2 842 843 862 861
753 3 2 1 2 843 844 863 862
754 3 2 1 2 844 845 864 863
755 3 2 1 2 845 846 865 864
756 3 2 1 2 846 847 866 865
757 3 2 1 2 847 848 867 866
758 3 2 1 2 848 849 868 867
759 3 2 1 2 849 850 869 868
760 3 2 1 2 850 209 210 869
761 3 2 1 2 362 851 870 363
762 3 2 1 2 851 852 871 870
763 3 2 1 2 852 853 872 871
764 3 2 1 2 853 854 873 872
765 3 2 1 2 854 855 874 873
766 3 2 1 2 855 856 875 874
767 3 2 1 2 856 857 876 875
768 3 2 1 2 857 858 877 876
769 3 2 1 2 858 859 878 877
770 3 2 1 2 859 860 879 878
771 3 2 1 2 860 861 880 879
772 3 2 1 2 861 862 881 880
773 3 2 1 2 862 863 882 881
774 3 2 1 2 863 864 883 882
775 3 2 1 2 864 865 884 883
776 3 2 1 2 865 866 885 884
777 3 2 1 2 866 867 886 885
778 3 2 1 2 867 868 887 886
779 3 2 1 2 868 869 888 887
780 3 2 1 2 869 210 211 888
781 3 2 1 2 363 870 889 364
782 3 2 1 2 870 871 890 889
783 3 2 1 2 871 872 891 890
784 3 2 1 2 872 873 892 891
785 3 2 1 2 873 874 893 892
786 3 2 1 2 874 875 894 893
787 3 2 1 2 875 876 895 894
788 3 2 1 2 876 877 896 895
789 3 2 1 2 877 878 897 896
790 3 2 1 2 878 879 898 897
791 3 2 1 2 879 880 899 898
792 3 2 1 2 880 881 900 899
793 3 2 1 2 881 882 901 900
794 3 2 1 2 882 883 902 901
795 3 2 1 2 883 884 903 902
796 3 2 1 2 884 885 904 903
797 3 2 1 2 885 886 905 904
798 3 2 1 2 886 887 906 905
799 3 2 1 2 887 888 907 906
800 3 2 1 2 888 211 212 907
801 3 2 1 2 364 889 908 365
802 3 2 1 2 889 890 909 908
803 3 2 1 2 890 891 910 909
804 3 2 1 2 891 892 911 910
805 3 2 1 2 892 893 912 911
806 3 2 1 2 893 894 913 912
807 3 2 1 2 894 895 914 913
808 3 2 1 2 895 896 915 914
809 3 2 1 2 896 897 916 915
810 3 2 1 2 897 898 917 916
811 3 2 1 2 898 899 918 917
812 3 2 1 2 899 900 919 918
813 3 2 1 2 900 901 920 919
814 3 2 1 2 901 902 921 920
815 3 2 1 2 902 903 922 921
816 3 2 1 2 903 904 923 922
817 3 2 1 2 904 905 924 923
818 3 2 1 2 905 906 925 924
819 3 2 1 2 906 907 926 925
820 3 2 1 2 907 212 213 926
821 3 2 1 2 365 908 927 366
822 3 2 1 2 908 909 928 927
823 3 2 1 2 909 910 929 928
824 3 2 1 2 910 911 930 929
825 3 2 1 2 911 912 931 930
826 3 2 1 2 912 913 932 931
827 3 2 1 2 913 914 933 932
828 3 2 1 2 914 915 934 933
829 3 2 1 2 915 916 935 934
830 3 2 1 2 916 917 936 935
831 3 2 1 2 917 918 937 936
832 3 2 1 2 918 919 938 937
833 3 2 1 2 919 920 939 938
834 3 2 1 2 920 921 940 939
835 3 2 1 2 921 922 941 940
836 3 2 1 2 922 923 942 941
837 3 2 1 2 923 924 943 942
838 3 2 1 2 924 925 944 943
839 3 2 1 2 925 926 945 944
840 3 2 1 2 926 213 214 945
841 3 2 1 2 366 927 946 367
842 3 2 1 2 927 928 947 946
843 3 2 1 2 928 929 948 947
844 3 2 1 2 929 930 949 948
845 3 2 1 2 930 931 950 949
846 3 2 1 2 931 932 951 950
847 3 2 1 2 932 933 952 951
848 3 2 1 2 933 934 953 952
849 3 2 1 2 934 935 954 953
850 3 2 1 2 935 936 955 954
851 3 2 1 2 936 937 956 955
852 3 2 1 2 937 938 957 956
853 3 2 1 2 938 939 958 957
854 3 2 1 2 939 940 959 958
855 3 2 1 2 940 941 960 959
856 3 2 1 2 941 942 961 960
857 3 2 1 2 942 943 962 961
858 3 2 1 2 943 944 963 962
859 3 2 1 2 944 945 964 963
860 3 2 1 2 945 214 215 964
861 3 2 1 2 367 946 965 368
862 3 2 1 2 946 947 966 965
863 3 2 1 2 947 948 967 966
864 3 2 1 2 948 949 968 967
865 3 2 1 2 949 950 969 968
866 3 2 1 2 950 951 970 969
867 3 2 1 2 951 952 971 970
868 3 2 1 2 952 953 972 971
869 3 2 1 2 953 954 973 972
870 3 2 1 2 954 955 974 973
871 3 2 1 2 955 956 975 974
872 3 2 1 2 956 957 976 975
873 3 2 1 2 957 958 977 976
874 3 2 1 2 958 959 978 977
875 3 2 1 2 959 960 979 978
876 3 2 1 2 960 961 980 979
877 3 2 1 2 961 962 981 980
878 3 2 1 2 962 963 982 981
879 3 2 1 2 963 964 983 982
880 3 2 1 2 964 215 216 983
881 3 2 1 2 368 965 984 369
882 3 2 1 2 965 966 985 984
883 3 2 1 2 966 967 986 985
884 3 2 1 2 967 968 987 986
885 3 2 1 2 968 969 988 987
886 3 2 1 2 969 970 989 988
887 3 2 1 2 970 971 990 989
888 3 2 1 2 971 972 991 990
889 3 2 1 2 972 973 992 991
890 3 2 1 2 973 974 993 992
891 3 2 1 2 974 975 994 993
892 3 2 1 2 975 976 995 994
893 3 2 1 2 976 977 996 995
894 3 2 1 2 977 978 997 996
895 3 2 1 2 978 979 998 997
896 3 2 1 2 979 980 999 998
897 3 2 1 2 980 981 1000 999
898 3 2 1 2 981 982 1001 1000
899 3 2 1 2 982 983 1002 1001
900 3 2 1 2 983 216 217 1002
901 3 2 1 2 369 984 1003 370
902 3 2 1 2 984 985 1004 1003
903 3 2 1 2 985 986 1005 1004
904 3 2 1 2 986 987 1006 1005
905 3 2 1 2 987 988 1007 1006
906 3 2 1 2 988 989 1008 1007
907 3 2 1 2 989 990 1009 1008
908 3 2 1 2 990 991 1010 1009
909 3 2 1 2 991 992 1011 1010
910 3 2 1 2 992 993 1012 1011
911 3 2 1 2 993 994 1013 1012
912 3 2 1 2 994 995 1014 1013
913 3 2 1 2 995 996 1015 1014
914 3 2 1 2 996 997 1016 1015
915 3 2 1 2 997 998 1017 1016
916 3 2 1 2 998 999 1018 1017
917 3 2 1 2 999 1000 1019 1018
918 3 2 1 2 1000 1001 1020 1019
919 3 2 1 2 1001 1002 1021 1020
920 3 2 1 2 1002 217 218 1021
921 3 2 1 2 370 1003 1022 371
922 3 2 1 2 1003 1004 1023 1022
923 3 2 1 2 1004 1005 1024 1023
924 3 2 1 2 1005 1006 1025 1024
925 3 2 1 2 1006 1007 1026 1025
926 3 2 1 2 1007 1008 1027 1026
927 3 2 1 2 1008 1009 1028 1027
928 3 2 1 2 1009 1010 1029 1028
929 3 2 1 2 1010 1011 1030 1029
930 3 2 1 2 1011 1012 1031 1030
931 3 2 1 2 1012 1013 1032 1031
932 3 2 1 2 1013 1014 1033 1032
933 3 2 1 2 1014 1015 1034 1033
934 3 2 1 2 1015 1016 1035 1034
935 3 2 1 2 1016 1017 1036 1035
936 3 2 1 2 1017 1018 1037 1036
937 3 2 1 2 1018 1019 1038 1037
938 3 2 1 2 1019 1020 1039 1038
939 3 2 1 2 1020 1021 1040 1039
940 3 2 1 2 1021 218 219 1040
941 3 2 1 2 371 1022 1041 372
942 3 2 1 2 1022 1023 1042 1041
943 3 2 1 2 1023 1024 1043 1042
944 3 2 1 2 1024 1025 1044 1043
945 3 2 1 2 1025 1026 1045 1044
946 3 2 1 2 1026 1027 1046 1045
947 3 2 1 2 1027 1028 1047 1046
948 3 2 1 2 1028 1029 1048 1047
949 3 2 1 2 1029 1030 1049 1048
950 3 2 1 2 1030 1031 1050 1049
951 3 2 1 2 1031 1032 1051 1050
952 3 2 1 2 1032 1033 1052 1051
953 3 2 1 2 1033 1034 1053 1052
954 3 2 1 2 1034 1035 1054 1053
955 3 2 1 2 1035 1036 1055 1054
956 3 2 1 2 1036 1037 1056 1055
957 3 2 1 2 1037 1038 1057 1056
958 3 2 1 2 1038 1039 1058 1057
959 3 2 1 2 1039 1040 1059 1058
960 3 2 1 2 1040 219 220 1059
961 3 2 1 2 372 1041 1060 373
962 3 2 1 2 1041 1042 1061 1060
963 3 2 1 2 1042 1043 1062 1061
964 3 2 1 2 1043 1044 1063 1062
965 3 2 1 2 1044 1045 1064 1063
966 3 2 1 2 1045 1046 1065 1064
967 3 2 1 2 1046 1047 1066 1065
968 3 2 1 2 1047 1048 1067 1066
969 3 2 1 2 1048 1049 1068 1067
970 3 2 1 2 1049 1050 1069 1068
971 3 2 1 2 1050 1051 1070 1069
972 3 2 1 2 1051 1052 1071 1070
973 3 2 1 2 1052 1053 1072 1071
974 3 2 1 2 1053 1054 1073 1072
975 3 2 1 2 1054 1055 1074 1073
976 3 2 1 2 1055 1056 1075 1074
977 3 2 1 2 1056 1057 1076 1075
978 3 2 1 2 1057 1058 1077 1076
979 3 2 1 2 1058 1059 1078 1077
980 3 2 1 2 1059 220 221 1078
981 3 2 1 2 373 1060 1079 374
982 3 2 1 2 1060 1061 1080 1079
983 3 2 1 2 1061 1062 1081 1080
984 3 2 1 2 1062 1063 1082 1081
985 3 2 1 2 1063 1064 1083 1082
986 3 2 1 2 1064 1065 1084 1083
987 3 2 1 2 1065 1066 1085 1084
988 3 2 1 2 1066 1067 1086 1085
989 3 2 1 2 1067 1068 1087 1086
990 3 2 1 2 1068 1069 1088 1087
991 3 2 1 2 1069 1070 1089 1088
992 3 2 1 2 1070 1071 1090 1089
993 3 2 1 2 1071 1072 1091 1090
994 3 2 1 2 1072 1073 1092 1091
995 3 2 1 2 1073 1074 1093 1092
996 3 2 1 2 1074 1075 1094 1093
997 3 2 1 2 1075 1076 1095 1094
998 3 2 1 2 1076 1077 1096 1095
999 3 2 1 2 1077 1078 1097 1096
1000 3 2 1 2 1078 221 222 1097
1001 3 2 1 2 374 1079 1098 375
1002 3 2 1 2 1079 1080 1099 1098
1003 3 2 1 2 1080 1081 1100 1099
1004 3 2 1 2 1081 1082 1101 1100
1005 3 2 1 2 1082 1083 1102 1101
1006 3 2 1 2 1083 1084 1103 1102
1007 3 2 1 2 1084 1085 1104 1103
1008 3 2 1 2 1085 1086 1105 1104
1009 3 2 1 2 1086 1087 1106 1105
1010 3 2 1 2 1087 1088 1107 1106
1011 3 2 1 2 1088 1089 1108 1107
1012 3 2 1 2 1089 1090 1109 1108
1013 3 2 1 2 1090 1091 1110 1109
1014 3 2 1 2 1091 1092 1111 1110
1015 3 2 1 2 1092 1093 1112 1111
1016 3 2 1 2 1093 1094 1113 1112
1017 3 2 1 2 1094 1095 1114 1113
1018 3 2 1 2 1095 1096 1115 1114
1019 3 2 1 2 1096 1097 1116 1115
1020 3 2 1 2 1097 222 223 1116
1021 3 2 1 2 375 1098 300 14
1022 3 2 1 2 1098 1099 301 300
1023 3 2 1 2 1099 1100 302 301
1024 3 2 1 2 1100 1101 303 302
1025 3 2 1 2 1101 1102 304 303
1026 3 2 1 2 1102 1103 305 304
1027 3 2 1 2 1103 1104 306 305
1028 3 2 1 2 1104 1105 307 306
1029 3 2 1 2 1105 1106 308 307
1030 3 2 1 2 1106 1107 309 308
1031 3 2 1 2 1107 1108 310 309
1032 3 2 1 2 1108 1109 311 310
1033 3 2 1 2 1109 1110 312 311
1034 3 2 1 2 1110 1111 313 312
1035 3 2 1 2 1111 1112 314 313
1036 3 2 1 2 1112 1113 315 314
1037 3 2 1 2 1113 1114 316 315
1038 3 2 1 2 1114 1115 317 316
1039 3 2 1 2 1115 1116 318 317
1040 3 2 1 2 1116 223 7 318
1041 3 2 1 3 6 53 1117 205
1042 3 2 1 3 53 54 1118 1117
1043 3 2 1 3 54 55 1119 1118
1044 3 2 1 3 55 56 1120 1119
1045 3 2 1 3 56 57 1121 1120
1046 3 2 1 3 57 58 1122 1121
1047 3 2 1 3 58 59 1123 1122
1048 3 2 1 3 59 60 1124 1123
1049 3 2 1 3 60 61 1125 1124
1050 3 2 1 3 61 62 1126 1125
1051 3 2 1 3 62 63 1127 1126
1052 3 2 1 3 63 64 1128 1127
1053 3 2 1 3 64 65 1129 1128
1054 3 2 1 3 65 66 1130 1129
1055 3 2 1 3 66 67 1131 1130
1056 3 2 1 3 67 68 1132 1131
1057 3 2 1 3 68 69 1133 1132
1058 3 2 1 3 69 70 1134 1133
1059 3 2 1 3 70 71 1135 1134
1060 3 2 1 3 71 2 72 1135
1061 3 2 1 3 205 1117 1136 206
1062 3 2 1 3 1117 1118 1137 1136
1063 3 2 1 3 1118 1119 1138 1137
1064 3 2 1 3 1119 1120 1139 1138
1065 3 2 1 3 1120 1121 1140 1139
1066 3 2 1 3 1121 1122 1141 1140
1067 3 2 1 3 1122 1123 1142 1141
1068 3 2 1 3 1123 1124 1143 1142
1069 3 2 1 3 1124 1125 1144 1143
1070 3 2 1 3 1125 1126 1145 1144
1071 3 2 1 3 1126 1127 1146 1145
1072 3 2 1 3 1127 1128 1147 1146
1073 3 2 1 3 1128 1129 1148 1147
1074 3 2 1 3 1129 1130 1149 1148
1075 3 2 1 3 1130 1131 1150 1149
1076 3 2 1 3 1131 1132 1151 1150
1077 3 2 1 3 1132 1133 1152 1151
1078 3 2 1 3 1133 1134 1153 1152
1079 3 2 1 3 1134 1135 1154 1153
1080 3 2 1 3 1135 72 73 1154
1081 3 2 1 3 206 1136 1155 207
1082 3 2 1 3 1136 1137 1156 1155
1083 3 2 1 3 1137 1138 1157 1156
1084 3 2 1 3 1138 1139 1158 1157
1085 3 2 1 3 1139 1140 1159 1158
1086 3 2 1 3 1140 1141 1160 1159
1087 3 2 1 3 1141 1142 1161 1160
1088 3 2 1 3 1142 1143 1162 1161
1089 3 2 1 3 1143 1144 1163 1162
1090 3 2 1 3 1144 1145 1164 1163
1091 3 2 1 3 1145 1146 1165 1164
1092 3 2 1 3 1146 1147 1166 1165
1093 3 2 1 3 1147 1148 1167 1166
1094 3 2 1 3 1148 1149 1168 1167
1095 3 2 1 3 1149 1150 1169 1168
1096 3 2 1 3 1150 1151 1170 1169
1097 3 2 1 3 1151 1152 1171 1170
1098 3 2 1 3 1152 1153 1172 1171
1099 3 2 1 3 1153 1154 1173 1172
1100 3 2 1 3 1154 73 74 1173
1101 3 2 1 3 207 1155 1174 208
1102 3 2 1 3 1155 1156 1175 1174
1103 3 2 1 3 1156 1157 1176 1175
1104 3 2 1 3 1157 1158 1177 1176
1105 3 2 1 3 1158 1159 1178 1177
1106 3 2 1 3 1159 1160 1179 1178
1107 3 2 1 3 1160 1161 1180 1179
1108 3 2 1 3 1161 1162 1181 1180
1109 3 2 1 3 1162 1163 1182 1181
1110 3 2 1 3 1163 1164 1183 1182
1111 3 2 1 3 1164 1165 1184 1183
1112 3 2 1 3 1165 1166 1185 1184
1113 3 2 1 3 1166 1167 1186 1185
1114 3 2 1 3 1167 1168 1187 1186
1115 3 2 1 3 1168 1169 1188 1187
1116 3 2 1 3 1169 1170 1189 1188
1117 3 2 1 3 1170 1171 1190 1189
1118 3 2 1 3 1171 1172 1191 1190
1119 3 2 1 3 1172 1173 1192 1191
1120 3 2 1 3 1173 74 75 1192
1121 3 2 1 3 208 1174 1193 209
1122 3 2 1 3 1174 1175 1194 1193
1123 3 2 1 3 1175 1176 1195 1194
1124 3 2 1 3 1176 1177 1196 1195
1125 3 2 1 3 1177 1178 1197 1196
1126 3 2 1 3 1178 1179 1198 1197
1127 3 2 1 3 1179 1180 1199 1198
1128 3 2 1 3 1180 1181 1200 1199
1129 3 2 1 3 1181 1182 1201 1200
1130 3 2 1 3 1182 1183 1202 1201
1131 3 2 1 3 1183 1184 1203 1202
1132 3 2 1 3 1184 1185 1204 1203
1133 3 2 1 3 1185 1186 1205 1204
1134 3 2 1 3 1186 1187 1206 1205
1135 3 2 1 3 1187 1188 1207 1206
1136 3 2 1 3 1188 1189 1208 1207
1137 3 2 1 3 1189 1190 1209 1208
1138 3 2 1 3 1190 1191 1210 1209
1139 3 2 1 3 1191 1192 1211 1210
1140 3 2 1 3 1192 75 76 1211
1141 3 2 1 3 209 1193 1212 210
1142 3 2 1 3 1193 1194 1213 1212
1143 3 2 1 3 1194 1195 1214 1213
1144 3 2 1 3 1195 1196 1215 1214
1145 3 2 1 3 1196 1197 1216 1215
1146 3 2 1 3 1197 1198 1217 1216
1147 3 2 1 3 1198 1199 1218 1217
1148 3 2 1 3 1199 1200 1219 1218
1149 3 2 1 3 1200 1201 1220 1219
1150 3 2 1 3 1201 1202 1221 1220
1151 3 2 1 3 1202 1203 1222 1221
1152 3 2 1 3 1203 1204 1223 1222
1153 3 2 1 3 1204 1205 1224 1223
1154 3 2 1 3 1205 1206 1225 1224
1155 3 2 1 3 1206 1207 1226 1225
1156 3 2 1 3 1207 1208 1227 1226
1157 3 2 1 3 1208 1209 1228 1227
1158 3 2 1 3 1209 1210 1229 1228
1159 3 2 1 3 1210 1211 1230 1229
1160 3 2 1 3 1211 76 77 1230
1161 3 2 1 3 210 1212 1231 211
1162 3 2 1 3 1212 1213 1232 1231
1163 3 2 1 3 1213 1214 1233 1232
1164 3 2 1 3 1214 1215 1234 1233
1165 3 2 1 3 1215 1216 1235 1234
1166 3 2 1 3 1216 1217 1236 1235
1167 3 2 1 3 1217 1218 1237 1236
1168 3 2 1 3 1218 1219 1238 1237
1169 3 2 1 3 1219 1220 1239 1238
1170 3 2 1 3 1220 1221 1240 1239
1171 3 2 1 3 1221 1222 1241 1240
1172 3 2 1 3 1222 1223 1242 1241
1173 3 2 1 3 1223 1224 1243 1242
1174 3 2 1 3 1224 1225 1244 1243
1175 3 2 1 3 1225 1226 1245 1244
1176 3 2 1 3 1226 1227 1246 1245
1177 3 2 1 3 1227 1228 1247 1246
1178 3 2 1 3 1228 1229 1248 1247
1179 3 2 1 3 1229 1230 1249 1248
1180 3 2 1 3 1230 77 78 1249
1181 3 2 1 3 211 1231 1250 212
1182 3 2 1 3 1231 1232 1251 1250
1183 3 2 1 3 1232 1233 1252 1251
1184 3 2 1 3 1233 1234 1253 1252
1185 3 2 1 3 1234 1235 1254 1253
1186 3 2 1 3 1235 1236 1255 1254
1187 3 2 1 3 1236 1237 1256 1255
1188 3 2 1 3 1237 1238 1257 1256
1189 3 2 1 3 1238 1239 1258 1257
1190 3 2 1 3 1239 1240 1259 1258
1191 3 2 1 3 1240 1241 1260 1259
1192 3 2 1 3 1241 1242 1261 1260
1193 3 2 1 3 1242 1243 1262 1261
1194 3 2 1 3 1243 1244 1263 1262
1195 3 2 1 3 1244 1245 1264 1263
1196 3 2 1 3 1245 1246 1265 1264
1197 3 2 1 3 1246 1247 1266 1265
1198 3 2 1 3 1247 1248 1267 1266
1199 3 2 1 3 1248 1249 1268 1267
1200 3 2 1 3 1249 78 79 1268
1201 3 2 1 3 212 1250 1269 213
1202 3 2 1 3 1250 1251 1270 1269
1203 3 2 1 3 1251 1252 1271 1270
1204 3 2 1 3 1252 1253 1272 1271
1205 3 2 1 3 1253 1254 1273 1272
1206 3 2 1 3 1254 1255 1274 1273
1207 3 2 1 3 1255 1256 1275 1274
1208 3 2 1 3 1256 1257 1276 1275
1209 3 2 1 3 1257 1258 1277 1276
1210 3 2 1 3 1258 1259 1278 1277
1211 3 2 1 3 1259 1260 1279 1278
1212 3 2 1 3 1260 1261 1280 1279
1213 3 2 1 3 1261 1262 1281 1280
1214 3 2 1 3 1262 1263 1282 1281
1215 3 2 1 3 1263 1264 1283 1282
1216 3 2 1 3 1264 1265 1284 1283
1217 3 2 1 3 1265 1266 1285 1284
1218 3 2 1 3 1266 1267 1286 1285
1219 3 2 1 3 1267 1268 1287 1286
1220 3 2 1 3 1268 79 80 1287
1221 3 2 1 3 213 1269 1288 214
1222 3 2 1 3 1269 1270 1289 1288
1223 3 2 1 3 1270 1271 1290 1289
1224 3 2 1 3 1271 1272 1291 1290
1225 3 2 1 3 1272 1273 1292 1291
1226 3 2 1 3 1273 1274 1293 1292
1227 3 2 1 3 1274 1275 1294 1293
1228 3 2 1 3 1275 1276 1295 1294
1229 3 2 1 3 1276 1277 1296 1295
1230 3 2 1 3 1277 1278 1297 1296
1231 3 2 1 3 1278 1279 1298 1297
1232 3 2 1 3 1279 1280 1299 1298
1233 3 2 1 3 1280 1281 1300 1299
1234 3 2 1 3 1281 1282 1301 1300
1235 3 2 1 3 1282 1283 1302 1301
1236 3 2 1 3 1283 1284 1303 1302
1237 3 2 1 3 1284 1285 1304 1303
1238 3 2 1 3 1285 1286 1305 1304
1239 3 2 1 3 1286 1287 1306 1305
1240 3 2 1 3 1287 80 81 1306
1241 3 2 1 3 214 1288 1307 215
1242 3 2 1 3 1288 1289 1308 1307
1243 3 2 1 3 1289 1290 1309 1308
1244 3 2 1 3 1290 1291 1310 1309
1245 3 2 1 3 1291 1292 1311 1310
1246 3 2 1 3 1292 1293 1312 1311
1247 3 2 1 3 1293 1294 1313 1312
1248 3 2 1 3 1294 1295 1314 1313
1249 3 2 1 3 1295 1296 1315 1314
1250 3 2 1 3 1296 1297 1316 1315
1251 3 2 1 3 1297 1298 1317 1316
1252 3 2 1 3 1298 1299 1318 1317
1253 3 2 1 3 1299 1300 1319 1318
1254 3 2 1 3 1300 1301 1320 1319
1255 3 2 1 3 1301 1302 1321 1320
1256 3 2 1 3 1302 1303 1322 1321
1257 3 2 1 3 1303 1304 1323 1322
1258 3 2 1 3 1304 1305 1324 1323
1259 3 2 1 3 1305 1306 1325 1324
1260 3 2 1 3 1306 81 82 1325
1261 3 2 1 3 215 1307 1326 216
1262 3 2 1 3 1307 1308 1327 1326
1263 3 2 1 3 1308 1309 1328 1327
1264 3 2 1 3 1309 1310 1329 1328
1265 3 2 1 3 1310 1311 1330 1329
1266 3 2 1 3 1311 1312 1331 1330
1267 3 2 1 3 1312 1313 1332 1331
1268 3 2 1 3 1313 1314 1333 1332
1269 3 2 1 3 1314 1315 1334 1333
1270 3 2 1 3 1315 1316 1335 1334
1271 3 2 1 3 1316 1317 1336 1335
1272 3 2 1 3 1317 1318 1337 1336
1273 3 2 1 3 1318 1319 1338 1337
1274 3 2 1 3 1319 1320 1339 1338
1275 3 2 1 3 1320 1321 1340 1339
1276 3 2 1 3 1321 1322 1341 1340
1277 3 2 1 3 1322 1323 1342 1341
1278 3 2 1 3 1323 1324 1343 1342
1279 3 2 1 3 1324 1325 1344 1343
1280 3 2 1 3 1325 82 83 1344
1281 3 2 1 3 216 1326 1345 217
1282 3 2 1 3 1326 1327 1346 1345
1283 3 2 1 3 1327 1328 1347 1346
1284 3 2 1 3 1328 1329 1348 1347
1285 3 2 1 3 1329 1330 1349 1348
1286 3 2 1 3 1330 1331 1350 1349
1287 3 2 1 3 1331 1332 1351 1350
1288 3 2 1 3 1332 1333 1352 1351
1289 3 2 1 3 1333 1334 1353 1352
1290 3 2 1 3 1334 1335 1354 1353
1291 3 2 1 3 1335 1336 1355 1354
1292 3 2 1 3 1336 1337 1356 1355
1293 3 2 1 3 1337 1338 1357 1356
1294 3 2 1 3 1338 1339 1358 1357
1295 3 2 1 3 1339 1340 1359 1358
1296 3 2 1 3 1340 1341 1360 1359
1297 3 2 1 3 1341 1342 1361 1360
1298 3 2 1 3 1342 1343 1362 1361
1299 3 2 1 3 1343 1344 1363 1362
1300 3 2 1 3 1344 83 84 1363
1301 3 2 1 3 217 1345 1364 218
1302 3 2 1 3 1345 1346 1365 1364
1303 3 2 1 3 1346 1347 1366 1365
1304 3 2 1 3 1347 1348 1367 1366
1305 3 2 1 3 1348 1349 1368 1367
1306 3 2 1 3 1349 1350 1369 1368
1307 3 2 1 3 1350 1351 1370 1369
1308 3 2 1 3 1351 1352 1371 1370
1309 3 2 1 3 1352 1353 1372 1371
1310 3 2 1 3 1353 1354 1373 1372
1311 3 2 1 3 1354 1355 1374 1373
1312 3 2 1 3 1355 1356 1375 1374
1313 3 2 1 3 1356 1357 1376 1375
1314 3 2 1 3 1357 1358 1377 1376
1315 3 2 1 3 1358 1359 1378 1377
1316 3 2 1 3 1359 1360 1379 1378
1317 3 2 1 3 1360 1361 1380 1379
1318 3 2 1 3 1361 1362 1381 1380
1319 3 2 1 3 1362 1363 1382 1381
1320 3 2 1 3 1363 84 85 1382
1321 3 2 1 3 218 1364 1383 219
1322 3 2 1 3 1364 1365 1384 1383
1323 3 2 1 3 1365 1366 1385 1384
1324 3 2 1 3 1366 1367 1386 1385
1325 3 2 1 3 1367 1368 1387 1386
1326 3 2 1 3 1368 1369 1388 1387
1327 3 2 1 3 1369 1370 1389 1388
1328 3 2 1 3 1370 1371 1390 1389
1329 3 2 1 3 1371 1372 1391 1390
1330 3 2 1 3 1372 1373 1392 1391
1331 3 2 1 3 1373 1374 1393 1392
1332 3 2 1 3 1374 1375 1394 1393
1333 3 2 1 3 1375 1376 1395 1394
1334 3 2 1 3 1376 1377 1396 1395
1335 3 2 1 3 1377 1378 1397 1396
1336 3 2 1 3 1378 1379 1398 1397
1337 3 2 1 3 1379 1380 1399 1398
1338 3 2 1 3 1380 1381 1400 1399
1339 3 2 1 3 1381 1382 1401 1400
1340 3 2 1 3 1382 85 86 1401
1341 3 2 1 3 219 1383 1402 220
1342 3 2 1 3 1383 1384 1403 1402
1343 3 2 1 3 1384 1385 1404 1403
1344 3 2 1 3 1385 1386 1405 1404
1345 3 2 1 3 1386 1387 1406 1405
1346 3 2 1 3 1387 1388 1407 1406
1347 3 2 1 3 1388 1389 1408 1407
1348 3 2 1 3 1389 1390 1409 1408
1349 3 2 1 3 1390 1391 1410 1409
1350 3 2 1 3 1391 1392 1411 1410
1351 3 2 1 3 1392 1393 1412 1411
1352 3 2 1 3 1393 1394 1413 1412
1353 3 2 1 3 1394 1395 1414 1413
1354 3 2 1 3 1395 1396 1415 1414
1355 3 2 1 3 1396 1397 1416 1415
1356 3 2 1 3 1397 1398 1417 1416
1357 3 2 1 3 1398 1399 1418 1417
1358 3 2 1 3 1399 1400 1419 1418
1359 3 2 1 3 1400 1401 1420 1419
1360 3 2 1 3 1401 86 87 1420
1361 3 2 1 3 220 1402 1421 221
1362 3 2 1 3 1402 1403 1422 1421
1363 3 2 1 3 1403 1404 1423 1422
1364 3 2 1 3 1404 1405 1424 1423
1365 3 2 1 3 1405 1406 1425 1424
1366 3 2 1 3 1406 1407 1426 1425
1367 3 2 1 3 1407 1408 1427 1426
1368 3 2 1 3 1408 1409 1428 1427
1369 3 2 1 3 1409 1410 1429 1428
1370 3 2 1 3 1410 1411 1430 1429
1371 3 2 1 3 1411 1412 1431 1430
1372 3 2 1 3 1412 1413 1432 1431
1373 3 2 1 3 1413 1414 1433 1432
1374 3 2 1 3 1414 1415 1434 1433
1375 3 2 1 3 1415 1416 1435 1434
1376 3 2 1 3 1416 1417 1436 1435
1377 3 2 1 3 1417 1418 1437 1436
1378 3 2 1 3 1418 1419 1438 1437
1379 3 2 1 3 1419 1420 1439 1438
1380 3 2 1 3 1420 87 88 1439
1381 3 2 1 3 221 1421 1440 222
1382 3 2 1 3 1421 1422 1441 1440
1383 3 2 1 3 1422 1423 1442 1441
1384 3 2 1 3 1423 1424 1443 1442
1385 3 2 1 3 1424 1425 1444 1443
1386 3 2 1 3 1425 1426 1445 1444
1387 3 2 1 3 1426 1427 1446 1445
1388 3 2 1 3 1427 1428 1447 1446
1389 3 2 1 3 1428 1429 1448 1447
1390 3 2 1 3 1429 1430 1449 1448
1391 3 2 1 3 1430 1431 1450 1449
1392 3 2 1 3 1431 1432 1451 1450
1393 3 2 1 3 1432 1433 1452 1451
1394 3 2 1 3 1433 1434 1453 1452
1395 3 2 1 3 1434 1435 1454 1453
1396 3 2 1 3 1435 1436 1455 1454
1397 3 2 1 3 1436 1437 1456 1455
1398 3 2 1 3 1437 1438 1457 1456
1399 3 2 1 3 1438 1439 1458 1457
1400 3 2 1 3 1439 88 89 1458
1401 3 2 1 3 222 1440 1459 223
1402 3 2 1 3 1440 1441 1460 1459
1403 3 2 1 3 1441 1442 1461 1460
1404 3 2 1 3 1442 1443 1462 1461
1405 3 2 1 3 1443 1444 1463 1462
1406 3 2 1 3 1444 1445 1464 1463
1407 3 2 1 3 1445 1446 1465 1464
1408 3 2 1 3 1446 1447 1466 1465
1409 3 2 1 3 1447 1448 1467 1466
1410 3 2 1 3 1448 1449 1468 1467
1411 3 2 1 3 1449 1450 1469 1468
1412 3 2 1 3 1450 1451 1470 1469
1413 3 2 1 3 1451 1452 1471 1470
1414 3 2 1 3 1452 1453 1472 1471
1415 3 2 1 3 1453 1454 1473 1472
1416 3 2 1 3 1454 1455 1474 1473
1417 3 2 1 3 1455 1456 1475 1474
1418 3 2 1 3 1456 1457 1476 1475
1419 3 2 1 3 1457 1458 1477 1476
1420 3 2 1 3 1458 89 90 1477
1421 3 2 1 3 223 1459 224 7
1422 3 2 1 3 1459 1460 225 224
1423 3 2 1 3 1460 1461 226 225
1424 3 2 1 3 1461 1462 227 226
1425 3 2 1 3 1462 1463 228 227
1426 3 2 1 3 1463 1464 229 228
1427 3 2 1 3 1464 1465 230 229
1428 3 2 1 3 1465 1466 231 230
1429 3 2 1 3 1466 1467 232 231
1430 3 2 1 3 1467 1468 233 232
1431 3 2 1 3 1468 1469 234 233
1432 3 2 1 3 1469 1470 235 234
1433 3 2 1 3 1470 1471 236 235
1434 3 2 1 3 1471 1472 237 236
1435 3 2 1 3 1472 1473 238 237
1436 3 2 1 3 1473 1474 239 238
1437 3 2 1 3 1474 1475 240 239
1438 3 2 1 3 1475 1476 241 240
1439 3 2 1 3 1476 1477 242 241
1440 3 2 1 3 1477 90 9 242
1441 3 2 1 4 10 243 1478 128
1442 3 2 1 4 128 1478 1479 127
1443 3 2 1 4 127 1479 1480 126
1444 3 2 1 4 126 1480 1481 125
1445 3 2 1 4 125 1481 1482 124
1446 3 2 1 4 124 1482 1483 123
1447 3 2 1 4 123 1483 1484 122
1448 3 2 1 4 122 1484 1485 121
1449 3 2 1 4 121 1485 1486 120
1450 3 2 1 4 120 1486 1487 119
1451 3 2 1 4 119 1487 1488 118
1452 3 2 1 4 118 1488 1489 117
1453 3 2 1 4 117 1489 1490 116
1454 3 2 1 4 116 1490 1491 115
1455 3 2 1 4 115 1491 1492 114
1456 3 2 1 4 114 1492 1493 113
1457 3 2 1 4 113 1493 1494 112
1458 3 2 1 4 112 1494 1495 111
1459 3 2 1 4 111 1495 1496 110
1460 3 2 1 4 110 1496 109 3
1461 3 2 1 4 243 244 1497 1478
1462 3 2 1 4 1478 1497 1498 1479
1463 3 2 1 4 1479 1498 1499 1480
1464 3 2 1 4 1480 1499 1500 1481
1465 3 2 1 4 1481 1500 1501 1482
1466 3 2 1 4 1482 1501 1502 1483
1467 3 2 1 4 1483 1502 1503 1484
1468 3 2 1 4 1484 1503 1504 1485
1469 3 2 1 4 1485 1504 1505 1486
1470 3 2 1 4 1486 1505 1506 1487
1471 3 2 1 4 1487 1506 1507 1488
1472 3 2 1 4 1488 1507 1508 1489
1473 3 2 1 4 1489 1508 1509 1490
1474 3 2 1 4 1490 1509 1510 1491
1475 3 2 1 4 1491 1510 1511 1492
1476 3 2 1 4 1492 1511 1512 1493
1477 3 2 1 4 1493 1512 1513 1494
1478 3 2 1 4 1494 1513 1514 1495
1479 3 2 1 4 1495 1514 1515 1496
1480 3 2 1 4 1496 1515 108 109
1481 3 2 1 4 244 245 1516 1497
1482 3 2 1 4 1497 1516 1517 1498
1483 3 2 1 4 1498 1517 1518 1499
1484 3 2 1 4 1499 1518 1519 1500
1485 3 2 1 4 1500 1519 1520 1501
1486 3 2 1 4 1501 1520 1521 1502
1487 3 2 1 4 1502 1521 1522 1503
1488 3 2 1 4 1503 1522 1523 1504
1489 3 2 1 4 1504 1523 1524 1505
1490 3 2 1 4 1505 1524 1525 1506
1491 3 2 1 4 1506 1525 1526 1507
1492 3 2 1 4 1507 1526 1527 1508
1493 3 2 1 4 1508 1527 1528 1509
1494 3 2 1 4 1509 1528 1529 1510
1495 3 2 1 4 1510 1529 1530 1511
1496 3 2 1 4 1511 1530 1531 1512
1497 3 2 1 4 1512 1531 1532 1513
1498 3 2 1 4 1513 1532 1533 1514
1499 3 2 1 4 1514 1533 1534 1515
1500 3 2 1 4 1515 1534 107 108
1501 3 2 1 4 245 246 1535 1516
1502 3 2 1 4 1516 1535 1536 1517
1503 3 2 1 4 1517 1536 1537 1518
1504 3 2 1 4 1518 1537 1538 1519
1505 3 2 1 4 1519 1538 1539 1520
1506 3 2 1 4 1520 1539 1540 1521
1507 3 2 1 4 1521 1540 1541 1522
1508 3 2 1 4 1522 1541 1542 1523
1509 3 2 1 4 1523 1542 1543 1524
1510 3 2 1 4 1524 1543 1544 1525
1511 3 2 1 4 1525 1544 1545 1526
1512 3 2 1 4 1526 1545 1546 1527
1513 3 2 1 4 1527 1546 1547 1528
1514 3 2 1 4 1528 1547 1548 1529
1515 3 2 1 4 1529 1548 1549 1530
1516 3 2 1 4 1530 1549 1550 1531
1517 3 2 1 4 1531 1550 1551 1532
1518 3 2 1 4 1532 1551 1552 1533
1519 3 2 1 4 1533 1552 1553 1534
1520 3 2 1 4 1534 1553 106 107
1521 3 2 1 4 246 247 1554 1535
1522 3 2 1 4 1535 1554 1555 1536
1523 3 2 1 4 1536 1555 1556 1537
1524 3 2 1 4 1537 1556 1557 1538
1525 3 2 1 4 1538 1557 1558 1539
1526 3 2 1 4 1539 1558 1559 1540
1527 3 2 1 4 1540 1559 1560 1541
1528 3 2 1 4 1541 1560 1561 1542
1529 3 2 1 4 1542 1561 1562 1543
1530 3 2 1 4 1543 1562 1563 1544
1531 3 2 1 4 1544 1563 1564 1545
1532 3 2 1 4 1545 1564 1565 1546
1533 3 2 1 4 1546 1565 1566 1547
1534 3 2 1 4 1547 1566 1567 1548
1535 3 2 1 4 1548 1567 1568 1549
1536 3 2 1 4 1549 1568 1569 1550
1537 3 2 1 4 1550 1569 1570 1551
1538 3 2 1 4 1551 1570 1571 1552
1539 3 2 1 4 1552 1571 1572 1553
1540 3 2 1 4 1553 1572 105 106
1541 3 2 1 4 247 248 1573 1554
1542 3 2 1 4 1554 1573 1574 1555
1543 3 2 1 4 1555 1574 1575 1556
1544 3 2 1 4 1556 1575 1576 1557
1545 3 2 1 4 1557 1576 1577 1558
1546 3 2 1 4 1558 1577 1578 1559
1547 3 2 1 4 1559 1578 1579 1560
1548 3 2 1 4 1560 1579 1580 1561
1549 3 2 1 4 1561 1580 1581 1562
1550 3 2 1 4 1562 1581 1582 1563
1551 3 2 1 4 1563 1582 1583 1564
1552 3 2 1 4 1564 1583 1584 1565
1553 3 2 1 4 1565 1584 1585 1566
1554 3 2 1 4 1566 1585 1586 1567
1555 3 2 1 4 1567 1586 1587 1568
1556 3 2 1 4 1568 1587 1588 1569
1557 3 2 1 4 1569 1588 1589 1570
1558 3 2 1 4 1570 1589 1590 1571
1559 3 2 1 4 1571 1590 1591 1572
1560 3 2 1 4 1572 1591 104 105
1561 3 2 1 4 248 249 1592 1573
1562 3 2 1 4 1573 1592 1593 1574
1563 3 2 1 4 1574 1593 1594 1575
1564 3 2 1 4 1575 1594 1595 1576
1565 3 2 1 4 1576 1595 1596 1577
1566 3 2 1 4 1577 1596 1597 1578
1567 3 2 1 4 1578 1597 1598 1579
1568 3 2 1 4 1579 1598 1599 1580
1569 3 2 1 4 1580 1599 1600 1581
1570 3 2 1 4 1581 1600 1601 1582
1571 3 2 1 4 1582 1601 1602 1583
1572 3 2 1 4 1583 1602 1603 1584
1573 3 2 1 4 1584 1603 1604 1585
1574 3 2 1 4 1585 1604 1605 1586
1575 3 2 1 4 1586 1605 1606 1587
1576 3 2 1 4 1587 1606 1607 1588
1577 3 2 1 4 1588 1607 1608 1589
1578 3 2 1 4 1589 1608 1609 1590
1579 3 2 1 4 1590 1609 1610 1591
1580 3 2 1 4 1591 1610 103 104
1581 3 2 1 4 249 250 1611 1592
1582 3 2 1 4 1592 1611 1612 1593
1583 3 2 1 4 1593 1612 1613 1594
1584 3 2 1 4 1594 1613 1614 1595
1585 3 2 1 4 1595 1614 1615 1596
1586 3 2 1 4 1596 1615 1616 1597
1587 3 2 1 4 1597 1616 1617 1598
1588 3 2 1 4 1598 1617 1618 1599
1589 3 2 1 4 1599 1618 1619 1600
1590 3 2 1 4 1600 1619 1620 1601
1591 3 2 1 4 1601 1620 1621 1602
1592 3 2 1 4 1602 1621 1622 1603
1593 3 2 1 4 1603 1622 1623 1604
1594 3 2 1 4 1604 1623 1624 1605
1595 3 2 1 4 1605 1624 1625 1606
1596 3 2 1 4 1606 1625 1626 1607
1597 3 2 1 4 1607 1626 1627 1608
1598 3 2 1 4 1608 1627 1628 1609
1599 3 2 1 4 1609 1628 1629 1610
1600 3 2 1 4 1610 1629 102 103
1601 3 2 1 4 250 251 1630 1611
1602 3 2 1 4 1611 1630 1631 1612
1603 3 2 1 4 1612 1631 1632 1613
1604 3 2 1 4 1613 1632 1633 1614
1605 3 2 1 4 1614 1633 1634 1615
1606 3 2 1 4 1615 1634 1635 1616
1607 3 2 1 4 1616 1635 1636 1617
1608 3 2 1 4 1617 1636 1637 1618
1609 3 2 1 4 1618 1637 1638 1619
1610 3 2 1 4 1619 1638 1639 1620
1611 3 2 1 4 1620 1639 1640 1621
1612 3 2 1 4 1621 1640 1641 1622
1613 3 2 1 4 1622 1641 1642 1623
1614 3 2 1 4 1623 1642 1643 1624
1615 3 2 1 4 1624 1643 1644 1625
1616 3 2 1 4 1625 1644 1645 1626
1617 3 2 1 4 1626 1645 1646 1627
1618 3 2 1 4 1627 1646 1647 1628
1619 3 2 1 4 1628 1647 1648 1629
1620 3 2 1 4 1629 1648 101 102
1621 3 2 1 4 251 252 1649 1630
1622 3 2 1 4 1630 1649 1650 1631
1623 3 2 1 4 1631 1650 1651 1632
1624 3 2 1 4 1632 1651 1652 1633
1625 3 2 1 4 1633 1652 1653 1634
1626 3 2 1 4 1634 1653 1654 1635
1627 3 2 1 4 1635 1654 1655 1636
1628 3 2 1 4 1636 1655 1656 1637
1629 3 2 1 4 1637 1656 1657 1638
1630 3 2 1 4 1638 1657 1658 1639
1631 3 2 1 4 1639 1658 1659 1640
1632 3 2 1 4 1640 1659 1660 1641
1633 3 2 1 4 1641 1660 1661 1642
1634 3 2 1 4 1642 1661 1662 1643
1635 3 2 1 4 1643 1662 1663 1644
1636 3 2 1 4 1644 1663 1664 1645
1637 3 2 1 4 1645 1664 1665 1646
1638 3 2 1 4 1646 1665 1666 1647
1639 3 2 1 4 1647 1666 1667 1648
1640 3 2 1 4 1648 1667 100 101
1641 3 2 1 4 252 253 1668 1649
1642 3 2 1 4 1649 1668 1669 1650
1643 3 2 1 4 1650 1669 1670 1651
1644 3 2 1 4 1651 1670 1671 1652
1645 3 2 1 4 1652 1671 1672 1653
1646 3 2 1 4 1653 1672 1673 1654
1647 3 2 1 4 1654 1673 1674 1655
1648 3 2 1 4 1655 1674 1675 1656
1649 3 2 1 4 1656 1675 1676 1657
1650 3 2 1 4 1657 1676 1677 1658
1651 3 2 1 4 1658 1677 1678 1659
1652 3 2 1 4 1659 1678 1679 1660
1653 3 2 1 4 1660 1679 1680 1661
1654 3 2 1 4 1661 1680 1681 1662
1655 3 2 1 4 1662 1681 1682 1663
1656 3 2 1 4 1663 1682 1683 1664
1657 3 2 1 4 1664 1683 1684 1665
1658 3 2 1 4 1665 1684 1685 1666
1659 3 2 1 4 1666 1685 1686 1667
1660 3 2 1 4 1667 1686 99 100
1661 3 2 1 4 253 254 1687 1668
1662 3 2 1 4 1668 1687 1688 1669
1663 3 2 1 4 1669 1688 1689 1670
1664 3 2 1 4 1670 1689 1690 1671
1665 3 2 1 4 1671 1690 1691 1672
1666 3 2 1 4 1672 1691 1692 1673
1667 3 2 1 4 1673 1692 1693 1674
1668 3 2 1 4 1674 1693 1694 1675
1669 3 2 1 4 1675 1694 1695 1676
1670 3 2 1 4 1676 1695 1696 1677
1671 3 2 1 4 1677 1696 1697 1678
1672 3 2 1 4 1678 1697 1698 1679
1673 3 2 1 4 1679 1698 1699 1680
1674 3 2 1 4 1680 1699 1700 1681
1675 3 2 1 4 1681 1700 1701 1682
1676 3 2 1 4 1682 1701 1702 1683
1677 3 2 1 4 1683 1702 1703 1684
1678 3 2 1 4 1684 1703 1704 1685
1679 3 2 1 4 1685 1704 1705 1686
1680 3 2 1 4 1686 1705 98 99
1681 3 2 1 4 254 255 1706 1687
1682 3 2 1 4 1687 1706 1707 1688
1683 3 2 1 4 1688 1707 1708 1689
1684 3 2 1 4 1689 1708 1709 1690
1685 3 2 1 4 1690 1709 1710 1691
1686 3 2 1 4 1691 1710 1711 1692
1687 3 2 1 4 1692 1711 1712 1693
1688 3 2 1 4 1693 1712 1713 1694
1689 3 2 1 4 1694 1713 1714 1695
1690 3 2 1 4 1695 1714 1715 1696
1691 3 2 1 4 1696 1715 1716 1697
1692 3 2 1 4 1697 1716 1717 1698
1693 3 2 1 4 1698 1717 1718 1699
1694 3 2 1 4 1699 1718 1719 1700
1695 3 2 1 4 1700 1719 1720 1701
1696 3 2 1 4 1701 1720 1721 1702
1697 3 2 1 4 1702 1721 1722 1703
1698 3 2 1 4 1703 1722 1723 1704
1699 3 2 1 4 1704 1723 1724 1705
1700 3 2 1 4 1705 1724 97 98
1701 3 2 1 4 255 256 1725 1706
1702 3 2 1 4 1706 1725 1726 1707
1703 3 2 1 4 1707 1726 1727 1708
1704 3 2 1 4 1708 1727 1728 1709
1705 3 2 1 4 1709 1728 1729 1710
1706 3 2 1 4 1710 1729 1730 1711
1707 3 2 1 4 1711 1730 1731 1712
1708 3 2 1 4 1712 1731 1732 1713
1709 3 2 1 4 1713 1732 1733 1714
1710 3 2 1 4 1714 1733 1734 1715
1711 3 2 1 4 1715 1734 1735 1716
1712 3 2 1 4 1716 1735 1736 1717
1713 3 2 1 4 1717 1736 1737 1718
1714 3 2 1 4 1718 1737 1738 1719
1715 3 2 1 4 1719 1738 1739 1720
1716 3 2 1 4 1720 1739 1740 1721
1717 3 2 1 4 1721 1740 1741 1722
1718 3 2 1 4 1722 1741 1742 1723
1719 3 2 1 4 1723 1742 1743 1724
1720 3 2 1 4 1724 1743 96 97
1721 3 2 1 4 256 257 1744 1725
1722 3 2 1 4 1725 1744 1745 1726
1723 3 2 1 4 1726 1745 1746 1727
1724 3 2 1 4 1727 1746 1747 1728
1725 3 2 1 4 1728 1747 1748 1729
1726 3 2 1 4 1729 1748 1749 1730
1727 3 2 1 4 1730 1749 1750 1731
1728 3 2 1 4 1731 1750 1751 1732
1729 3 2 1 4 1732 1751 1752 1733
1730 3 2 1 4 1733 1752 1753 1734
1731 3 2 1 4 1734 1753 1754 1735
1732 3 2 1 4 1735 1754 1755 1736
1733 3 2 1 4 1736 1755 1756 1737
1734 3 2 1 4 1737 1756 1757 1738
1735 3 2 1 4 1738 1757 1758 1739
1736 3 2 1 4 1739 1758 1759 1740
1737 3 2 1 4 1740 1759 1760 1741
1738 3 2 1 4 1741 1760 1761 1742
1739 3 2 1 4 1742 1761 1762 1743
1740 3 2 1 4 1743 1762 95 96
1741 3 2 1 4 257 258 1763 1744
1742 3 2 1 4 1744 1763 1764 1745
1743 3 2 1 4 1745 1764 1765 1746
1744 3 2 1 4 1746 1765 1766 1747
1745 3 2 1 4 1747 1766 1767 1748
1746 3 2 1 4 1748 1767 1768 1749
1747 3 2 1 4 1749 1768 1769 1750
1748 3 2 1 4 1750 1769 1770 1751
1749 3 2 1 4 1751 1770 1771 1752
1750 3 2 1 4 1752 1771 1772 1753
1751 3 2 1 4 1753 1772 1773 1754
1752 3 2 1 4 1754 1773 1774 1755
1753 3 2 1 4 1755 1774 1775 1756
1754 3 2 1 4 1756 1775 1776 1757
1755 3 2 1 4 1757 1776 1777 1758
1756 3 2 1 4 1758 1777 1778 1759
1757 3 2 1 4 1759 1778 1779 1760
1758 3 2 1 4 1760 1779 1780 1761
1759 3 2 1 4 1761 1780 1781 1762
1760 3 2 1 4 1762 1781 94 95
1761 3 2 1 4 258 259 1782 1763
1762 3 2 1 4 1763 1782 1783 1764
1763 3 2 1 4 1764 1783 1784 1765
1764 3 2 1 4 1765 1784 1785 1766
1765 3 2 1 4 1766 1785 1786 1767
1766 3 2 1 4 1767 1786 1787 1768
1767 3 2 1 4 1768 1787 1788 1769
1768 3 2 1 4 1769 1788 1789 1770
1769 3 2 1 4 1770 1789 1790 1771
1770 3 2 1 4 1771 1790 1791 1772
1771 3 2 1 4 1772 1791 1792 1773
1772 3 2 1 4 1773 1792 1793 1774
1773 3 2 1 4 1774 1793 1794 1775
1774 3 2 1 4 1775 1794 1795 1776
1775 3 2 1 4 1776 1795 1796 1777
1776 3 2 1 4 1777 1796 1797 1778
1777 3 2 1 4 1778 1797 1798 1779
1778 3 2 1 4 1779 1798 1799 1780
1779 3 2 1 4 1780 1799 1800 1781
1780 3 2 1 4 1781 1800 93 94
1781 3 2 1 4 259 260 1801 1782
1782 3 2 1 4 1782 1801 1802 1783
1783 3 2 1 4 1783 1802 1803 1784
1784 3 2 1 4 1784 1803 1804 1785
1785 3 2 1 4 1785 1804 1805 1786
1786 3 2 1 4 1786 1805 1806 1787
1787 3 2 1 4 1787 1806 1807 1788
1788 3 2 1 4 1788 1807 1808 1789
1789 3 2 1 4 1789 1808 1809 1790
1790 3 2 1 4 1790 1809 1810 1791
1791 3 2 1 4 1791 1810 1811 1792
1792 3 2 1 4 1792 1811 1812 1793
1793 3 2 1 4 1793 1812 1813 1794
1794 3 2 1 4 1794 1813 1814 1795
1795 3 2 1 4 1795 1814 1815 1796
1796 3 2 1 4 1796 1815 1816 1797
1797 3 2 1 4 1797 1816 1817 1798
1798 3 2 1 4 1798 1817 1818 1799
1799 3 2 1 4 1799 1818 1819 1800
1800 3 2 1 4 1800 1819 92 93
1801 3 2 1 4 260 261 1820 1801
1802 3 2 1 4 1801 1820 1821 1802
1803 3 2 1 4 1802 1821 1822 1803
1804 3 2 1 4 1803 1822 1823 1804
1805 3 2 1 4 1804 1823 1824 1805
1806 3 2 1 4 1805 1824 1825 1806
1807 3 2 1 4 1806 1825 1826 1807
1808 3 2 1 4 1807 1826 1827 1808
1809 3 2 1 4 1808 1827 1828 1809
1810 3 2 1 4 1809 1828 1829 1810
1811 3 2 1 4 1810 1829 1830 1811
1812 3 2 1 4 1811 1830 1831 1812
1813 3 2 1 4 1812 1831 1832 1813
1814 3 2 1 4 1813 1832 1833 1814
1815 3 2 1 4 1814 1833 1834 1815
1816 3 2 1 4 1815 1834 1835 1816
1817 3 2 1 4 1816 1835 1836 1817
1818 3 2 1 4 1817 1836 1837 1818
1819 3 2 1 4 1818 1837 1838 1819
1820 3 2 1 4 1819 1838 91 92
1821 3 2 1 4 261 7 224 1820
1822 3 2 1 4 1820 224 225 1821
1823 3 2 1 4 1821 225 226 1822
1824 3 2 1 4 1822 226 227 1823
1825 3 2 1 4 1823 227 228 1824
1826 3 2 1 4 1824 228 229 1825
1827 3 2 1 4 1825 229 230 1826
1828 3 2 1 4 1826 230 231 1827
1829 3 2 1 4 1827 231 232 1828
1830 3 2 1 4 1828 232 233 1829
1831 3 2 1 4 1829 233 234 1830
1832 3 2 1 4 1830 234 235 1831
1833 3 2 1 4 1831 235 236 1832
1834 3 2 1 4 1832 236 237 1833
1835 3 2 1 4 1833 237 238 1834
1836 3 2 1 4 1834 238 239 1835
1837 3 2 1 4 1835 239 240 1836
1838 3 2 1 4 1836 240 241 1837
1839 3 2 1 4 1837 241 242 1838
1840 3 2 1 4 1838 242 9 91
1841 3 2 1 5 4 148 1839 147
1842 3 2 1 5 147 1839 1840 146
1843 3 2 1 5 146 1840 1841 145
1844 3 2 1 5 145 1841 1842 144
1845 3 2 1 5 144 1842 1843 143
1846 3 2 1 5 143 1843 1844 142
1847 3 2 1 5 142 1844 1845 141
1848 3 2 1 5 141 1845 1846 140
1849 3 2 1 5 140 1846 1847 139
1850 3 2 1 5 139 1847 1848 138
1851 3 2 1 5 138 1848 1849 137
1852 3 2 1 5 137 1849 1850 136
1853 3 2 1 5 136 1850 1851 135
1854 3 2 1 5 135 1851 1852 134
1855 3 2 1 5 134 1852 1853 133
1856 3 2 1 5 133 1853 1854 132
1857 3 2 1 5 132 1854 1855 131
1858 3 2 1 5 131 1855 1856 130
1859 3 2 1 5 130 1856 1857 129
1860 3 2 1 5 129 1857 243 10
1861 3 2 1 5 148 149 1858 1839
1862 3 2 1 5 1839 1858 1859 1840
1863 3 2 1 5 1840 1859 1860 1841
1864 3 2 1 5 1841 1860 1861 1842
1865 3 2 1 5 1842 1861 1862 1843
1866 3 2 1 5 1843 1862 1863 1844
1867 3 2 1 5 1844 1863 1864 1845
1868 3 2 1 5 1845 1864 1865 1846
1869 3 2 1 5 1846 1865 1866 1847
1870 3 2 1 5 1847 1866 1867 1848
1871 3 2 1 5 1848 1867 1868 1849
1872 3 2 1 5 1849 1868 1869 1850
1873 3 2 1 5 1850 1869 1870 1851
1874 3 2 1 5 1851 1870 1871 1852
1875 3 2 1 5 1852 1871 1872 1853
1876 3 2 1 5 1853 1872 1873 1854
1877 3 2 1 5 1854 1873 1874 1855
1878 3 2 1 5 1855 1874 1875 1856
1879 3 2 1 5 1856 1875 1876 1857
1880 3 2 1 5 1857 1876 244 243
1881 3 2 1 5 149 150 1877 1858
1882 3 2 1 5 1858 1877 1878 1859
1883 3 2 1 5 1859 1878 1879 1860
1884 3 2 1 5 1860 1879 1880 1861
1885 3 2 1 5 1861 1880 1881 1862
1886 3 2 1 5 1862 1881 1882 1863
1887 3 2 1 5 1863 1882 1883 1864
1888 3 2 1 5 1864 1883 1884 1865
1889 3 2 1 5 1865 1884 1885 1866
1890 3 2 1 5 1866 1885 1886 1867
1891 3 2 1 5 1867 1886 1887 1868
1892 3 2 1 5 1868 1887 1888 1869
1893 3 2 1 5 1869 1888 1889 1870
1894 3 2 1 5 1870 1889 1890 1871
1895 3 2 1 5 1871 1890 1891 1872
1896 3 2 1 5 1872 1891 1892 1873
1897 3 2 1 5 1873 1892 1893 1874
1898 3 2 1 5 1874 1893 1894 1875
1899 3 2 1 5 1875 1894 1895 1876
1900 3 2 1 5 1876 1895 245 244
1901 3 2 1 5 150 151 1896 1877
1902 3 2 1 5 1877 1896 1897 1878
1903 3 2 1 5 1878 1897 1898 1879
1904 3 2 1 5 1879 1898 1899 1880
1905 3 2 1 5 1880 1899 1900 1881
1906 3 2 1 5 1881 1900 1901 1882
1907 3 2 1 5 1882 1901 1902 1883
1908 3 2 1 5 1883 1902 1903 1884
1909 3 2 1 5 1884 1903 1904 1885
1910 3 2 1 5 1885 1904 1905 1886
1911 3 2 1 5 1886 1905 1906 1887
1912 3 2 1 5 1887 1906 1907 1888
1913 3 2 1 5 1888 1907 1908 1889
1914 3 2 1 5 1889 1908 1909 1890
1915 3 2 1 5 1890 1909 1910 1891
1916 3 2 1 5 1891 1910 1911 1892
1917 3 2 1 5 1892 1911 1912 1893
1918 3 2 1 5 1893 1912 1913 1894
1919 3 2 1 5 1894 1913 1914 1895
1920 3 2 1 5 1895 1914 246 245
1921 3 2 1 5 151 152 1915 1896
1922 3 2 1 5 1896 1915 1916 1897
1923 3 2 1 5 1897 1916 1917 1898
1924 3 2 1 5 1898 1917 1918 1899
1925 3 2 1 5 1899 1918 1919 1900
1926 3 2 1 5 1900 1919 1920 1901
1927 3 2 1 5 1901 1920 1921 1902
1928 3 2 1 5 1902 1921 1922 1903
1929 3 2 1 5 1903 1922 1923 1904
1930 3 2 1 5 1904 1923 1924 1905
1931 3 2 1 5 1905 1924 1925 1906
1932 3 2 1 5 1906 1925 1926 1907
1933 3 2 1 5 1907 1926 1927 1908
1934 3 2 1 5 1908 1927 1928 1909
1935 3 2 1 5 1909 1928 1929 1910
1936 3 2 1 5 1910 1929 1930 1911
1937 3 2 1 5 1911 1930 1931 1912
1938 3 2 1 5 1912 1931 1932 1913
1939 3 2 1 5 1913 1932 1933 1914
1940 3 2 1 5 1914 1933 247 246
1941 3 2 1 5 152 153 1934 1915
1942 3 2 1 5 1915 1934 1935 1916
1943 3 2 1 5 1916 1935 1936 1917
1944 3 2 1 5 1917 1936 1937 1918
1945 3 2 1 5 1918 1937 1938 1919
1946 3 2 1 5 1919 1938 1939 1920
1947 3 2 1 5 1920 1939 1940 1921
1948 3 2 1 5 1921 1940 1941 1922
1949 3 2 1 5 1922 1941 1942 1923
1950 3 2 1 5 1923 1942 1943 1924
1951 3 2 1 5 1924 1943 1944 1925
1952 3 2 1 5 1925 1944 1945 1926
1953 3 2 1 5 1926 1945 1946 1927
1954 3 2 1 5 1927 1946 1947 1928
1955 3 2 1 5 1928 1947 1948 1929
1956 3 2 1 5 1929 1948 1949 1930
1957 3 2 1 5 1930 1949 1950 1931
1958 3 2 1 5 1931 1950 1951 1932
1959 3 2 1 5 1932 1951 1952 1933
1960 3 2 1 5 1933 1952 248 247
1961 3 2 1 5 153 154 1953 1934
1962 3 2 1 5 1934 1953 1954 1935
1963 3 2 1 5 1935 1954 1955 1936
1964 3 2 1 5 1936 1955 1956 1937
1965 3 2 1 5 1937 1956 1957 1938
1966 3 2 1 5 1938 1957 1958 1939
1967 3 2 1 5 1939 1958 1959 1940
1968 3 2 1 5 1940 1959 1960 1941
1969 3 2 1 5 1941 1960 1961 1942
1970 3 2 1 5 1942 1961 1962 1943
1971 3 2 1 5 1943 1962 1963 1944
1972 3 2 1 5 1944 1963 1964 1945
1973 3 2 1 5 1945 1964 1965 1946
1974 3 2 1 5 1946 1965 1966 1947
1975 3 2 1 5 1947 1966 1967 1948
1976 3 2 1 5 1948 1967 1968 1949
1977 3 2 1 5 1949 1968 1969 1950
1978 3 2 1 5 1950 1969 1970 1951
1979 3 2 1 5 1951 1970 1971 1952
1980 3 2 1 5 1952 1971 249 248
1981 3 2 1 5 154 155 1972 1953
1982 3 2 1 5 1953 1972 1973 1954
1983 3 2 1 5 1954 1973 1974 1955
1984 3 2 1 5 1955 1974 1975 1956
1985 3 2 1 5 1956 1975 1976 1957
1986 3 2 1 5 1957 1976 1977 1958
1987 3 2 1 5 1958 1977 1978 1959
1988 3 2 1 5 1959 1978 1979 1960
1989 3 2 1 5 1960 1979 1980 1961
1990 3 2 1 5 1961 1980 1981 1962
1991 3 2 1 5 1962 1981 1982 1963
1992 3 2 1 5 1963 1982 1983 1964
1993 3 2 1 5 1964 1983 1984 1965
1994 3 2 1 5 1965 1984 1985 1966
1995 3 2 1 5 1966 1985 1986 1967
1996 3 2 1 5 1967 1986 1987 1968
1997 3 2 1 5 1968 1987 1988 1969
1998 3 2 1 5 1969 1988 1989 1970
1999 3 2 1 5 1970 1989 1990 1971
2000 3 2 1 5 1971 1990 250 249
2001 3 2 1 5 155 156 1991 1972
2002 3 2 1 5 1972 1991 1992 1973
2003 3 2 1 5 1973 1992 1993 1974
2004 3 2 1 5 1974 1993 1994 1975
2005 3 2 1 5 1975 1994 1995 1976
2006 3 2 1 5 1976 1995 1996 1977
2007 3 2 1 5 1977 1996 1997 1978
2008 3 2 1 5 1978 1997 1998 1979
2009 3 2 1 5 1979 1998 1999 1980
2010 3 2 1 5 1980 1999 2000 1981
2011 3 2 1 5 1981 2000 2001 1982
2012 3 2 1 5 1982 2001 2002 1983
2013 3 2 1 5 1983 2002 2003 1984
2014 3 2 1 5 1984 2003 2004 1985
2015 3 2 1 5 1985 2004 2005 1986
2016 3 2 1 5 1986 2005 2006 1987
2017 3 2 1 5 1987 2006 2007 1988
2018 3 2 1 5 1988 2007 2008 1989
2019 3 2 1 5 1989 2008 2009 1990
2020 3 2 1 5 1990 2009 251 250
2021 3 2 1 5 156 157 2010 1991
2022 3 2 1 5 1991 2010 2011 1992
2023 3 2 1 5 1992 2011 2012 1993
2024 3 2 1 5 1993 2012 2013 1994
2025 3 2 1 5 1994 2013 2014 1995
2026 3 2 1 5 1995 2014 2015 1996
2027 3 2 1 5 1996 2015 2016 1997
2028 3 2 1 5 1997 2016 2017 1998
2029 3 2 1 5 1998 2017 2018 1999
2030 3 2 1 5 1999 2018 2019 2000
2031 3 2 1 5 2000 2019 2020 2001
2032 3 2 1 5 2001 2020 2021 2002
2033 3 2 1 5 2002 2021 2022 2003
2034 3 2 1 5 2003 2022 2023 2004
2035 3 2 1 5 2004 2023 2024 2005
2036 3 2 1 5 2005 2024 2025 2006
2037 3 2 1 5 2006 2025 2026 2007
2038 3 2 1 5 2007 2026 2027 2008
2039 3 2 1 5 2008 2027 2028 2009
2040 3 2 1 5 2009 2028 252 251
2041 3 2 1 5 157 158 2029 2010
2042 3 2 1 5 2010 2029 2030 2011
2043 3 2 1 5 2011 2030 2031 2012
2044 3 2 1 5 2012 2031 2032 2013
2045 3 2 1 5 2013 2032 2033 2014
2046 3 2 1 5 2014 2033 2034 2015
2047 3 2 1 5 2015 2034 2035 2016
2048 3 2 1 5 2016 2035 2036 2017
2049 3 2 1 5 2017 2036 2037 2018
2050 3 2 1 5 2018 2037 2038 2019
2051 3 2 1 5 2019 2038 2039 2020
2052 3 2 1 5 2020 2039 2040 2021
2053 3 2 1 5 2021 2040 2041 2022
2054 3 2 1 5 2022 2041 2042 2023
2055 3 2 1 5 2023 2042 2043 2024
2056 3 2 1 5 2024 2043 2044 2025
2057 3 2 1 5 2025 2044 2045 2026
2058 3 2 1 5 2026 2045 2046 2027
2059 3 2 1 5 2027 2046 2047 2028
2060 3 2 1 5 2028 2047 253 252
2061 3 2 1 5 158 159 2048 2029
2062 3 2 1 5 2029 2048 2049 2030
2063 3 2 1 5 2030 2049 2050 2031
2064 3 2 1 5 2031 2050 2051 2032
2065 3 2 1 5 2032 2051 2052 2033
2066 3 2 1 5 2033 2052 2053 2034
2067 3 2 1 5 2034 2053 2054 2035
2068 3 2 1 5 2035 2054 2055 2036
2069 3 2 1 5 2036 2055 2056 2037
2070 3 2 1 5 2037 2056 2057 2038
2071 3 2 1 5 2038 2057 2058 2039
2072 3 2 1 5 2039 2058 2059 2040
2073 3 2 1 5 2040 2059 2060 2041
2074 3 2 1 5 2041 2060 2061 2042
2075 3 2 1 5 2042 2061 2062 2043
2076 3 2 1 5 2043 2062 2063 2044
2077 3 2 1 5 2044 2063 2064 2045
2078 3 2 1 5 2045 2064 2065 2046
2079 3 2 1 5 2046 2065 2066 2047
2080 3 2 1 5 2047 2066 254 253
2081 3 2 1 5 159 160 2067 2048
2082 3 2 1 5 2048 2067 2068 2049
2083 3 2 1 5 2049 2068 2069 2050
2084 3 2 1 5 2050 2069 2070 2051
2085 3 2 1 5 2051 2070 2071 2052
2086 3 2 1 5 2052 2071 2072 2053
2087 3 2 1 5 2053 2072 2073 2054
2088 3 2 1 5 2054 2073 2074 2055
2089 3 2 1 5 2055 2074 2075 2056
2090 3 2 1 5 2056 2075 2076 2057
2091 3 2 1 5 2057 2076 2077 2058
2092 3 2 1 5 2058 2077 2078 2059
2093 3 2 1 5 2059 2078 2079 2060
2094 3 2 1 5 2060 2079 2080 2061
2095 3 2 1 5 2061 2080 2081 2062
2096 3 2 1 5 2062 2081 2082 2063
2097 3 2 1 5 2063 2082 2083 2064
2098 3 2 1 5 2064 2083 2084 2065
2099 3 2 1 5 2065 2084 2085 2066
2100 3 2 1 5 2066 2085 255 254
2101 3 2 1 5 160 161 2086 2067
2102 3 2 1 5 2067 2086 2087 2068
2103 3 2 1 5 2068 2087 2088 2069
2104 3 2 1 5 2069 2088 2089 2070
2105 3 2 1 5 2070 2089 2090 2071
2106 3 2 1 5 2071 2090 2091 2072
2107 3 2 1 5 2072 2091 2092 2073
2108 3 2 1 5 2073 2092 2093 2074
2109 3 2 1 5 2074 2093 2094 2075
2110 3 2 1 5 2075 2094 2095 2076
2111 3 2 1 5 2076 2095 2096 2077
2112 3 2 1 5 2077 2096 2097 2078
2113 3 2 1 5 2078 2097 2098 2079
2114 3 2 1 5 2079 2098 2099 2080
2115 3 2 1 5 2080 2099 2100 2081
2116 3 2 1 5 2081 2100 2101 2082
2117 3 2 1 5 2082 2101 2102 2083
2118 3 2 1 5 2083 2102 2103 2084
2119 3 2 1 5 2084 2103 2104 2085
2120 3 2 1 5 2085 2104 256 255
2121 3 2 1 5 161 162 2105 2086
2122 3 2 1 5 2086 2105 2106 2087
2123 3 2 1 5 2087 2106 2107 2088
2124 3 2 1 5 2088 2107 2108 2089
2125 3 2 1 5 2089 2108 2109 2090
2126 3 2 1 5 2090 2109 2110 2091
2127 3 2 1 5 2091 2110 2111 2092
2128 3 2 1 5 2092 2111 2112 2093
2129 3 2 1 5 2093 2112 2113 2094
2130 3 2 1 5 2094 2113 2114 2095
2131 3 2 1 5 2095 2114 2115 2096
2132 3 2 1 5 2096 2115 2116 2097
2133 3 2 1 5 2097 2116 2117 2098
2134 3 2 1 5 2098 2117 2118 2099
2135 3 2 1 5 2099 2118 2119 2100
2136 3 2 1 5 2100 2119 2120 2101
2137 3 2 1 5 2101 2120 2121 2102
2138 3 2 1 5 2102 2121 2122 2103
2139 3 2 1 5 2103 2122 2123 2104
2140 3 2 1 5 2104 2123 257 256
2141 3 2 1 5 162 163 2124 2105
2142 3 2 1 5 2105 2124 2125 2106
2143 3 2 1 5 2106 2125 2126 2107
2144 3 2 1 5 2107 2126 2127 2108
2145 3 2 1 5 2108 2127 2128 2109
2146 3 2 1 5 2109 2128 2129 2110
2147 3 2 1 5 2110 2129 2130 2111
2148 3 2 1 5 2111 2130 2131 2112
2149 3 2 1 5 2112 2131 2132 2113
2150 3 2 1 5 2113 2132 2133 2114
2151 3 2 1 5 2114 2133 2134 2115
2152 3 2 1 5 2115 2134 2135 2116
2153 3 2 1 5 2116 2135 2136 2117
2154 3 2 1 5 2117 2136 2137 2118
2155 3 2 1 5 2118 2137 2138 2119
2156 3 2 1 5 2119 2138 2139 2120
2157 3 2 1 5 2120 2139 2140 2121
2158 3 2 1 5 2121 2140 2141 2122
2159 3 2 1 5 2122 2141 2142 2123
2160 3 2 1 5 2123 2142 258 257
2161 3 2 1 5 163 164 2143 2124
2162 3 2 1 5 2124 2143 2144 2125
2163 3 2 1 5 2125 2144 2145 2126
2164 3 2 1 5 2126 2145 2146 2127
2165 3 2 1 5 2127 2146 2147 2128
2166 3 2 1 5 2128 2147 2148 2129
2167 3 2 1 5 2129 2148 2149 2130
2168 3 2 1 5 2130 2149 2150 2131
2169 3 2 1 5 2131 2150 2151 2132
2170 3 2 1 5 2132 2151 2152 2133
2171 3 2 1 5 2133 2152 2153 2134
2172 3 2 1 5 2134 2153 2154 2135
2173 3 2 1 5 2135 2154 2155 2136
2174 3 2 1 5 2136 2155 2156 2137
2175 3 2 1 5 2137 2156 2157 2138
2176 3 2 1 5 2138 2157 2158 2139
2177 3 2 1 5 2139 2158 2159 2140
2178 3 2 1 5 2140 2159 2160 2141
2179 3 2 1 5 2141 2160 2161 2142
2180 3 2 1 5 2142 2161 259 258
2181 3 2 1 5 164 165 2162 2143
2182 3 2 1 5 2143 2162 2163 2144
2183 3 2 1 5 2144 2163 2164 2145
2184 3 2 1 5 2145 2164 2165 2146
2185 3 2 1 5 2146 2165 2166 2147
2186 3 2 1 5 2147 2166 2167 2148
2187 3 2 1 5 2148 2167 2168 2149
2188 3 2 1 5 2149 2168 2169 2150
2189 3 2 1 5 2150 2169 2170 2151
2190 3 2 1 5 2151 2170 2171 2152
2191 3 2 1 5 2152 2171 2172 2153
2192 3 2 1 5 2153 2172 2173 2154
2193 3 2 1 5 2154 2173 2174 2155
2194 3 2 1 5 2155 2174 2175 2156
2195 3 2 1 5 2156 2175 2176 2157
2196 3 2 1 5 2157 2176 2177 2158
2197 3 2 1 5 2158 2177 2178 2159
2198 3 2 1 5 2159 2178 2179 2160
2199 3 2 1 5 2160 2179 2180 2161
2200 3 2 1 5 2161 2180 260 259
2201 3 2 1 5 165 166 2181 2162
2202 3 2 1 5 2162 2181 2182 2163
2203 3 2 1 5 2163 2182 2183 2164
2204 3 2 1 5 2164 2183 2184 2165
2205 3 2 1 5 2165 2184 2185 2166
2206 3 2 1 5 2166 2185 2186 2167
2207 3 2 1 5 2167 2186 2187 2168
2208 3 2 1 5 2168 2187 2188 2169
2209 3 2 1 5 2169 2188 2189 2170
2210 3 2 1 5 2170 2189 2190 2171
2211 3 2 1 5 2171 2190 2191 2172
2212 3 2 1 5 2172 2191 2192 2173
2213 3 2 1 5 2173 2192 2193 2174
2214 3 2 1 5 2174 2193 2194 2175
2215 3 2 1 5 2175 2194 2195 2176
2216 3 2 1 5 2176 2195 2196 2177
2217 3 2 1 5 2177 2196 2197 2178
2218 3 2 1 5 2178 2197 2198 2179
2219 3 2 1 5 2179 2198 2199 2180
2220 3 2 1 5 2180 2199 261 260
2221 3 2 1 5 166 8 262 2181
2222 3 2 1 5 2181 262 263 2182
2223 3 2 1 5 2182 263 264 2183
2224 3 2 1 5 2183 264 265 2184
2225 3 2 1 5 2184 265 266 2185
2226 3 2 1 5 2185 266 267 2186
2227 3 2 1 5 2186 267 268 2187
2228 3 2 1 5 2187 268 269 2188
2229 3 2 1 5 2188 269 270 2189
2230 3 2 1 5 2189 270 271 2190
2231 3 2 1 5 2190 271 272 2191
2232 3 2 1 5 2191 272 273 2192
2233 3 2 1 5 2192 273 274 2193
2234 3 2 1 5 2193 274 275 2194
2235 3 2 1 5 2194 275 276 2195
2236 3 2 1 5 2195 276 277 2196
2237 3 2 1 5 2196 277 278 2197
2238 3 2 1 5 2197 278 279 2198
2239 3 2 1 5 2198 279 280 2199
2240 3 2 1 5 2199 280 7 261
2241 3 2 1 6 8 167 2200 262
2242 3 2 1 6 262 2200 2201 263
2243 3 2 1 6 263 2201 2202 264
2244 3 2 1 6 264 2202 2203 265
2245 3 2 1 6 265 2203 2204 266
2246 3 2 1 6 266 2204 2205 267
2247 3 2 1 6 267 2205 2206 268
2248 3 2 1 6 268 2206 2207 269
2249 3 2 1 6 269 2207 2208 270
2250 3 2 1 6 270 2208 2209 271
2251 3 2 1 6 271 2209 2210 272
2252 3 2 1 6 272 2210 2211 273
2253 3 2 1 6 273 2211 2212 274
2254 3 2 1 6 274 2212 2213 275
2255 3 2 1 6 275 2213 2214 276
2256 3 2 1 6 276 2214 2215 277
2257 3 2 1 6 277 2215 2216 278
2258 3 2 1 6 278 2216 2217 279
2259 3 2 1 6 279 2217 2218 280
2260 3 2 1 6 280 2218 318 7
2261 3 2 1 6 167 168 2219 2200
2262 3 2 1 6 2200 2219 2220 2201
2263 3 2 1 6 2201 2220 2221 2202
2264 3 2 1 6 2202 2221 2222 2203
2265 3 2 1 6 2203 2222 2223 2204
2266 3 2 1 6 2204 2223 2224 2205
2267 3 2 1 6 2205 2224 2225 2206
2268 3 2 1 6 2206 2225 2226 2207
2269 3 2 1 6 2207 2226 2227 2208
2270 3 2 1 6 2208 2227 2228 2209
2271 3 2 1 6 2209 2228 2229 2210
2272 3 2 1 6 2210 2229 2230 2211
2273 3 2 1 6 2211 2230 2231 2212
2274 3 2 1 6 2212 2231 2232 2213
2275 3 2 1 6 2213 2232 2233 2214
2276 3 2 1 6 2214 2233 2234 2215
2277 3 2 1 6 2215 2234 2235 2216
2278 3 2 1 6 2216 2235 2236 2217
2279 3 2 1 6 2217 2236 2237 2218
2280 3 2 1 6 2218 2237 317 318
2281 3 2 1 6 168 169 2238 2219
2282 3 2 1 6 2219 2238 2239 2220
2283 3 2 1 6 2220 2239 2240 2221
2284 3 2 1 6 2221 2240 2241 2222
2285 3 2 1 6 2222 2241 2242 2223
2286 3 2 1 6 2223 2242 2243 2224
2287 3 2 1 6 2224 2243 2244 2225
2288 3 2 1 6 2225 2244 2245 2226
2289 3 2 1 6 2226 2245 2246 2227
2290 3 2 1 6 2227 2246 2247 2228
2291 3 2 1 6 2228 2247 2248 2229
2292 3 2 1 6 2229 2248 2249 2230
2293 3 2 1 6 2230 2249 2250 2231
2294 3 2 1 6 2231 2250 2251 2232
2295 3 2 1 6 2232 2251 2252 2233
2296 3 2 1 6 2233 2252 2253 2234
2297 3 2 1 6 2234 2253 2254 2235
2298 3 2 1 6 2235 2254 2255 2236
2299 3 2 1 6 2236 2255 2256 2237
2300 3 2 1 6 2237 2256 316 317
2301 3 2 1 6 169 170 2257 2238
2302 3 2 1 6 2238 2257 2258 2239
2303 3 2 1 6 2239 2258 2259 2240
2304 3 2 1 6 2240 2259 2260 2241
2305 3 2 1 6 2241 2260 2261 2242
2306 3 2 1 6 2242 2261 2262 2243
2307 3 2 1 6 2243 2262 2263 2244
2308 3 2 1 6 2244 2263 2264 2245
2309 3 2 1 6 2245 2264 2265 2246
2310 3 2 1 6 2246 2265 2266 2247
2311 3 2 1 6 2247 2266 2267 2248
2312 3 2 1 6 2248 2267 2268 2249
2313 3 2 1 6 2249 2268 2269 2250
2314 3 2 1 6 2250 2269 2270 2251
2315 3 2 1 6 2251 2270 2271 2252
2316 3 2 1 6 2252 2271 2272 2253
2317 3 2 1 6 2253 2272 2273 2254
2318 3 2 1 6 2254 2273 2274 2255
2319 3 2 1 6 2255 2274 2275 2256
2320 3 2 1 6 2256 2275 315 316
2321 3 2 1 6 170 171 2276 2257
2322 3 2 1 6 2257 2276 2277 2258
2323 3 2 1 6 2258 2277 2278 2259
2324 3 2 1 6 2259 2278 2279 2260
2325 3 2 1 6 2260 2279 2280 2261
2326 3 2 1 6 2261 2280 2281 2262
2327 3 2 1 6 2262 2281 2282 2263
2328 3 2 1 6 2263 2282 2283 2264
2329 3 2 1 6 2264 2283 2284 2265
2330 3 2 1 6 2265 2284 2285 2266
2331 3 2 1 6 2266 2285 2286 2267
2332 3 2 1 6 2267 2286 2287 2268
2333 3 2 1 6 2268 2287 2288 2269
2334 3 2 1 6 2269 2288 2289 2270
2335 3 2 1 6 2270 2289 2290 2271
2336 3 2 1 6 2271 2290 2291 2272
2337 3 2 1 6 2272 2291 2292 2273
2338 3 2 1 6 2273 2292 2293 2274
2339 3 2 1 6 2274 2293 2294 2275
2340 3 2 1 6 2275 2294 314 315
2341 3 2 1 6 171 172 2295 2276
2342 3 2 1 6 2276 2295 2296 2277
2343 3 2 1 6 2277 2296 2297 2278
2344 3 2 1 6 2278 2297 2298 2279
2345 3 2 1 6 2279 2298 2299 2280
2346 3 2 1 6 2280 2299 2300 2281
2347 3 2 1 6 2281 2300 2301 2282
2348 3 2 1 6 2282 2301 2302 2283
2349 3 2 1 6 2283 2302 2303 2284
2350 3 2 1 6 2284 2303 2304 2285
2351 3 2 1 6 2285 2304 2305 2286
2352 3 2 1 6 2286 2305 2306 2287
2353 3 2 1 6 2287 2306 2307 2288
2354 3 2 1 6 2288 2307 2308 2289
2355 3 2 1 6 2289 2308 2309 2290
2356 3 2 1 6 2290 2309 2310 2291
2357 3 2 1 6 2291 2310 2311 2292
2358 3 2 1 6 2292 2311 2312 2293
2359 3 2 1 6 2293 2312 2313 2294
2360 3 2 1 6 2294 2313 313 314
2361 3 2 1 6 172 173 2314 2295
2362 3 2 1 6 2295 2314 2315 2296
2363 3 2 1 6 2296 2315 2316 2297
2364 3 2 1 6 2297 2316 2317 2298
2365 3 2 1 6 2298 2317 2318 2299
2366 3 2 1 6 2299 2318 2319 2300
2367 3 2 1 6 2300 2319 2320 2301
2368 3 2 1 6 2301 2320 2321 2302
2369 3 2 1 6 2302 2321 2322 2303
2370 3 2 1 6 2303 2322 2323 2304
2371 3 2 1 6 2304 2323 2324 2305
2372 3 2 1 6 2305 2324 2325 2306
2373 3 2 1 6 2306 2325 2326 2307
2374 3 2 1 6 2307 2326 2327 2308
2375 3 2 1 6 2308 2327 2328 2309
2376 3 2 1 6 2309 2328 2329 2310
2377 3 2 1 6 2310 2329 2330 2311
2378 3 2 1 6 2311 2330 2331 2312
2379 3 2 1 6 2312 2331 2332 2313
2380 3 2 1 6 2313 2332 312 313
2381 3 2 1 6 173 174 2333 2314
2382 3 2 1 6 2314 2333 2334 2315
2383 3 2 1 6 2315 2334 2335 2316
2384 3 2 1 6 2316 2335 2336 2317
2385 3 2 1 6 2317 2336 2337 2318
2386 3 2 1 6 2318 2337 2338 2319
2387 3 2 1 6 2319 2338 2339 2320
2388 3 2 1 6 2320 2339 2340 2321
2389 3 2 1 6 2321 2340 2341 2322
2390 3 2 1 6 2322 2341 2342 2323
2391 3 2 1 6 2323 2342 2343 2324
2392 3 2 1 6 2324 2343 2344 2325
2393 3 2 1 6 2325 2344 2345 2326
2394 3 2 1 6 2326 2345 2346 2327
2395 3 2 1 6 2327 2346 2347 2328
2396 3 2 1 6 2328 2347 2348 2329
2397 3 2 1 6 2329 2348 2349 2330
2398 3 2 1 6 2330 2349 2350 2331
2399 3 2 1 6 2331 2350 2351 2332
2400 3 2 1 6 2332 2351 311 312
2401 3 2 1 6 174 175 2352 2333
2402 3 2 1 6 2333 2352 2353 2334
2403 3 2 1 6 2334 2353 2354 2335
2404 3 2 1 6 2335 2354 2355 2336
2405 3 2 1 6 2336 2355 2356 2337
2406 3 2 1 6 2337 2356 2357 2338
2407 3 2 1 6 2338 2357 2358 2339
2408 3 2 1 6 2339 2358 2359 2340
2409 3 2 1 6 2340 2359 2360 2341
2410 3 2 1 6 2341 2360 2361 2342
2411 3 2 1 6 2342 2361 2362 2343
2412 3 2 1 6 2343 2362 2363 2344
2413 3 2 1 6 2344 2363 2364 2345
2414 3 2 1 6 2345 2364 2365 2346
2415 3 2 1 6 2346 2365 2366 2347
2416 3 2 1 6 2347 2366 2367 2348
2417 3 2 1 6 2348 2367 2368 2349
2418 3 2 1 6 2349 2368 2369 2350
2419 3 2 1 6 2350 2369 2370 2351
2420 3 2 1 6 2351 2370 310 311
2421 3 2 1 6 175 176 2371 2352
2422 3 2 1 6 2352 2371 2372 2353
2423 3 2 1 6 2353 2372 2373 2354
2424 3 2 1 6 2354 2373 2374 2355
2425 3 2 1 6 2355 2374 2375 2356
2426 3 2 1 6 2356 2375 2376 2357
2427 3 2 1 6 2357 2376 2377 2358
2428 3 2 1 6 2358 2377 2378 2359
2429 3 2 1 6 2359 2378 2379 2360
2430 3 2 1 6 2360 2379 2380 2361
2431 3 2 1 6 2361 2380 2381 2362
2432 3 2 1 6 2362 2381 2382 2363
2433 3 2 1 6 2363 2382 2383 2364
2434 3 2 1 6 2364 2383 2384 2365
2435 3 2 1 6 2365 2384 2385 2366
2436 3 2 1 6 2366 2385 2386 2367
2437 3 2 1 6 2367 2386 2387 2368
2438 3 2 1 6 2368 2387 2388 2369
2439 3 2 1 6 2369 2388 2389 2370
2440 3 2 1 6 2370 2389 309 310
2441 3 2 1 6 176 177 2390 2371
2442 3 2 1 6 2371 2390 2391 2372
2443 3 2 1 6 2372 2391 2392 2373
2444 3 2 1 6 2373 2392 2393 2374
2445 3 2 1 6 2374 2393 2394 2375
2446 3 2 1 6 2375 2394 2395 2376
2447 3 2 1 6 2376 2395 2396 2377
2448 3 2 1 6 2377 2396 2397 2378
2449 3 2 1 6 2378 2397 2398 2379
2450 3 2 1 6 2379 2398 2399 2380
2451 3 2 1 6 2380 2399 2400 2381
2452 3 2 1 6 2381 2400 2401 2382
2453 3 2 1 6 2382 2401 2402 2383
2454 3 2 1 6 2383 2402 2403 2384
2455 3 2 1 6 2384 2403 2404 2385
2456 3 2 1 6 2385 2404 2405 2386
2457 3 2 1 6 2386 2405 2406 2387
2458 3 2 1 6 2387 2406 2407 2388
2459 3 2 1 6 2388 2407 2408 2389
2460 3 2 1 6 2389 2408 308 309
2461 3 2 1 6 177 178 2409 2390
2462 3 2 1 6 2390 2409 2410 2391
2463 3 2 1 6 2391 2410 2411 2392
2464 3 2 1 6 2392 2411 2412 2393
2465 3 2 1 6 2393 2412 2413 2394
2466 3 2 1 6 2394 2413 2414 2395
2467 3 2 1 6 2395 2414 2415 2396
2468 3 2 1 6 2396 2415 2416 2397
2469 3 2 1 6 2397 2416 2417 2398
2470 3 2 1 6 2398 2417 2418 2399
2471 3 2 1 6 2399 2418 2419 2400
2472 3 2 1 6 2400 2419 2420 2401
2473 3 2 1 6 2401 2420 2421 2402
2474 3 2 1 6 2402 2421 2422 2403
2475 3 2 1 6 2403 2422 2423 2404
2476 3 2 1 6 2404 2423 2424 2405
2477 3 2 1 6 2405 2424 2425 2406
2478 3 2 1 6 2406 2425 2426 2407
2479 3 2 1 6 2407 2426 2427 2408
2480 3 2 1 6 2408 2427 307 308
2481 3 2 1 6 178 179 2428 2409
2482 3 2 1 6 2409 2428 2429 2410
2483 3 2 1 6 2410 2429 2430 2411
2484 3 2 1 6 2411 2430 2431 2412
2485 3 2 1 6 2412 2431 2432 2413
2486 3 2 1 6 2413 2432 2433 2414
2487 3 2 1 6 2414 2433 2434 2415
2488 3 2 1 6 2415 2434 2435 2416
2489 3 2 1 6 2416 2435 2436 2417
2490 3 2 1 6 2417 2436 2437 2418
2491 3 2 1 6 2418 2437 2438 2419
2492 3 2 1 6 2419 2438 2439 2420
2493 3 2 1 6 2420 2439 2440 2421
2494 3 2 1 6 2421 2440 2441 2422
2495 3 2 1 6 2422 2441 2442 2423
2496 3 2 1 6 2423 2442 2443 2424
2497 3 2 1 6 2424 2443 2444 2425
2498 3 2 1 6 2425 2444 2445 2426
2499 3 2 1 6 2426 2445 2446 2427
2500 3 2 1 6 2427 2446 306 307
2501 3 2 1 6 179 180 2447 2428
2502 3 2 1 6 2428 2447 2448 2429
2503 3 2 1 6 2429 2448 2449 2430
2504 3 2 1 6 2430 2449 2450 2431
2505 3 2 1 6 2431 2450 2451 2432
2506 3 2 1 6 2432 2451 2452 2433
2507 3 2 1 6 2433 2452 2453 2434
2508 3 2 1 6 2434 2453 2454 2435
2509 3 2 1 6 2435 2454 2455 2436
2510 3 2 1 6 2436 2455 2456 2437
2511 3 2 1 6 2437 2456 2457 2438
2512 3 2 1 6 2438 2457 2458 2439
2513 3 2 1 6 2439 2458 2459 2440
2514 3 2 1 6 2440 2459 2460 2441
2515 3 2 1 6 2441 2460 2461 2442
2516 3 2 1 6 2442 2461 2462 2443
2517 3 2 1 6 2443 2462 2463 2444
2518 3 2 1 6 2444 2463 2464 2445
2519 3 2 1 6 2445 2464 2465 2446
2520 3 2 1 6 2446 2465 305 306
2521 3 2 1 6 180 181 2466 2447
2522 3 2 1 6 2447 2466 2467 2448
2523 3 2 1 6 2448 2467 2468 2449
2524 3 2 1 6 2449 2468 2469 2450
2525 3 2 1 6 2450 2469 2470 2451
2526 3 2 1 6 2451 2470 2471 2452
2527 3 2 1 6 2452 2471 2472 2453
2528 3 2 1 6 2453 2472 2473 2454
2529 3 2 1 6 2454 2473 2474 2455
2530 3 2 1 6 2455 2474 2475 2456
2531 3 2 1 6 2456 2475 2476 2457
2532 3 2 1 6 2457 2476 2477 2458
2533 3 2 1 6 2458 2477 2478 2459
2534 3 2 1 6 2459 2478 2479 2460
2535 3 2 1 6 2460 2479 2480 2461
2536 3 2 1 6 2461 2480 2481 2462
2537 3 2 1 6 2462 2481 2482 2463
2538 3 2 1 6 2463 2482 2483 2464
2539 3 2 1 6 2464 2483 2484 2465
2540 3 2 1 6 2465 2484 304 305
2541 3 2 1 6 181 182 2485 2466
2542 3 2 1 6 2466 2485 2486 2467
2543 3 2 1 6 2467 2486 2487 2468
2544 3 2 1 6 2468 2487 2488 2469
2545 3 2 1 6 2469 2488 2489 2470
2546 3 2 1 6 2470 2489 2490 2471
2547 3 2 1 6 2471 2490 2491 2472
2548 3 2 1 6 2472 2491 2492 2473
2549 3 2 1 6 2473 2492 2493 2474
2550 3 2 1 6 2474 2493 2494 2475
2551 3 2 1 6 2475 2494 2495 2476
2552 3 2 1 6 2476 2495 2496 2477
2553 3 2 1 6 2477 2496 2497 2478
2554 3 2 1 6 2478 2497 2498 2479
2555 3 2 1 6 2479 2498 2499 2480
2556 3 2 1 6 2480 2499 2500 2481
2557 3 2 1 6 2481 2500 2501 2482
2558 3 2 1 6 2482 2501 2502 2483
2559 3 2 1 6 2483 2502 2503 2484
2560 3 2 1 6 2484 2503 303 304
2561 3 2 1 6 182 183 2504 2485
2562 3 2 1 6 2485 2504 2505 2486
2563 3 2 1 6 2486 2505 2506 2487
2564 3 2 1 6 2487 2506 2507 2488
2565 3 2 1 6 2488 2507 2508 2489
2566 3 2 1 6 2489 2508 2509 2490
2567 3 2 1 6 2490 2509 2510 2491
2568 3 2 1 6 2491 2510 2511 2492
2569 3 2 1 6 2492 2511 2512 2493
2570 3 2 1 6 2493 2512 2513 2494
2571 3 2 1 6 2494 2513 2514 2495
2572 3 2 1 6 2495 2514 2515 2496
2573 3 2 1 6 2496 2515 2516 2497
2574 3 2 1 6 2497 2516 2517 2498
2575 3 2 1 6 2498 2517 2518 2499
2576 3 2 1 6 2499 2518 2519 2500
2577 3 2 1 6 2500 2519 2520 2501
2578 3 2 1 6 2501 2520 2521 2502
2579 3 2 1 6 2502 2521 2522 2503
2580 3 2 1 6 2503 2522 302 303
2581 3 2 1 6 183 184 2523 2504
2582 3 2 1 6 2504 2523 2524 2505
2583 3 2 1 6 2505 2524 2525 2506
2584 3 2 1 6 2506 2525 2526 2507
2585 3 2 1 6 2507 2526 2527 2508
2586 3 2 1 6 2508 2527 2528 2509
2587 3 2 1 6 2509 2528 2529 2510
2588 3 2 1 6 2510 2529 2530 2511
2589 3 2 1 6 2511 2530 2531 2512
2590 3 2 1 6 2512 2531 2532 2513
2591 3 2 1 6 2513 2532 2533 2514
2592 3 2 1 6 2514 2533 2534 2515
2593 3 2 1 6 2515 2534 2535 2516
2594 3 2 1 6 2516 2535 2536 2517
2595 3 2 1 6 2517 2536 2537 2518
2596 3 2 1 6 2518 2537 2538 2519
2597 3 2 1 6 2519 2538 2539 2520
2598 3 2 1 6 2520 2539 2540 2521
2599 3 2 1 6 2521 2540 2541 2522
2600 3 2 1 6 2522 2541 301 302
2601 3 2 1 6 184 185 2542 2523
2602 3 2 1 6 2523 2542 2543 2524
2603 3 2 1 6 2524 2543 2544 2525
2604 3 2 1 6 2525 2544 2545 2526
2605 3 2 1 6 2526 2545 2546 2527
2606 3 2 1 6 2527 2546 2547 2528
2607 3 2 1 6 2528 2547 2548 2529
2608 3 2 1 6 2529 2548 2549 2530
2609 3 2 1 6 2530 2549 2550 2531
2610 3 2 1 6 2531 2550 2551 2532
2611 3 2 1 6 2532 2551 2552 2533
2612 3 2 1 6 2533 2552 2553 2534
2613 3 2 1 6 2534 2553 2554 2535
2614 3 2 1 6 2535 2554 2555 2536
2615 3 2 1 6 2536 2555 2556 2537
2616 3 2 1 6 2537 2556 2557 2538
2617 3 2 1 6 2538 2557 2558 2539
2618 3 2 1 6 2539 2558 2559 2540
2619 3 2 1 6 2540 2559 2560 2541
2620 3 2 1 6 2541 2560 300 301
2621 3 2 1 6 185 13 394 2542
2622 3 2 1 6 2542 394 393 2543
2623 3 2 1 6 2543 393 392 2544
2624 3 2 1 6 2544 392 391 2545
2625 3 2 1 6 2545 391 390 2546
2626 3 2 1 6 2546 390 389 2547
2627 3 2 1 6 2547 389 388 2548
2628 3 2 1 6 2548 388 387 2549
2629 3 2 1 6 2549 387 386 2550
2630 3 2 1 6 2550 386 385 2551
2631 3 2 1 6 2551 385 384 2552
2632 3 2 1 6 2552 384 383 2553
2633 3 2 1 6 2553 383 382 2554
2634 3 2 1 6 2554 382 381 2555
2635 3 2 1 6 2555 381 380 2556
2636 3 2 1 6 2556 380 379 2557
2637 3 2 1 6 2557 379 378 2558
2638 3 2 1 6 2558 378 377 2559
2639 3 2 1 6 2559 377 376 2560
2640 3 2 1 6 2560 376 14 300
2641 3 2 1 7 13 186 2561 394
2642 3 2 1 7 394 2561 2562 393
2643 3 2 1 7 393 2562 2563 392
2644 3 2 1 7 392 2563 2564 391
2645 3 2 1 7 391 2564 2565 390
2646 3 2 1 7 390 2565 2566 389
2647 3 2 1 7 389 2566 2567 388
2648 3 2 1 7 388 2567 2568 387
2649 3 2 1 7 387 2568 2569 386
2650 3 2 1 7 386 2569 2570 385
2651 3 2 1 7 385 2570 2571 384
2652 3 2 1 7 384 2571 2572 383
2653 3 2 1 7 383 2572 2573 382
2654 3 2 1 7 382 2573 2574 381
2655 3 2 1 7 381 2574 2575 380
2656 3 2 1 7 380 2575 2576 379
2657 3 2 1 7 379 2576 2577 378
2658 3 2 1 7 378 2577 2578 377
2659 3 2 1 7 377 2578 2579 376
2660 3 2 1 7 376 2579 299 14
2661 3 2 1 7 186 187 2580 2561
2662 3 2 1 7 2561 2580 2581 2562
2663 3 2 1 7 2562 2581 2582 2563
2664 3 2 1 7 2563 2582 2583 2564
2665 3 2 1 7 2564 2583 2584 2565
2666 3 2 1 7 2565 2584 2585 2566
2667 3 2 1 7 2566 2585 2586 2567
2668 3 2 1 7 2567 2586 2587 2568
2669 3 2 1 7 2568 2587 2588 2569
2670 3 2 1 7 2569 2588 2589 2570
2671 3 2 1 7 2570 2589 2590 2571
2672 3 2 1 7 2571 2590 2591 2572
2673 3 2 1 7 2572 2591 2592 2573
2674 3 2 1 7 2573 2592 2593 2574
2675 3 2 1 7 2574 2593 2594 2575
2676 3 2 1 7 2575 2594 2595 2576
2677 3 2 1 7 2576 2595 2596 2577
2678 3 2 1 7 2577 2596 2597 2578
2679 3 2 1 7 2578 2597 2598 2579
2680 3 2 1 7 2579 2598 298 299
2681 3 2 1 7 187 188 2599 2580
2682 3 2 1 7 2580 2599 2600 2581
2683 3 2 1 7 2581 2600 2601 2582
2684 3 2 1 7 2582 2601 2602 2583
2685 3 2 1 7 2583 2602 2603 2584
2686 3 2 1 7 2584 2603 2604 2585
2687 3 2 1 7 2585 2604 2605 2586
2688 3 2 1 7 2586 2605 2606 2587
2689 3 2 1 7 2587 2606 2607 2588
2690 3 2 1 7 2588 2607 2608 2589
2691 3 2 1 7 2589 2608 2609 2590
2692 3 2 1 7 2590 2609 2610 2591
2693 3 2 1 7 2591 2610 2611 2592
2694 3 2 1 7 2592 2611 2612 2593
2695 3 2 1 7 2593 2612 2613 2594
2696 3 2 1 7 2594 2613 2614 2595
2697 3 2 1 7 2595 2614 2615 2596
2698 3 2 1 7 2596 2615 2616 2597
2699 3 2 1 7 2597 2616 2617 2598
2700 3 2 1 7 2598 2617 297 298
2701 3 2 1 7 188 189 2618 2599
2702 3 2 1 7 2599 2618 2619 2600
2703 3 2 1 7 2600 2619 2620 2601
2704 3 2 1 7 2601 2620 2621 2602
2705 3 2 1 7 2602 2621 2622 2603
2706 3 2 1 7 2603 2622 2623 2604
2707 3 2 1 7 2604 2623 2624 2605
2708 3 2 1 7 2605 2624 2625 2606
2709 3 2 1 7 2606 2625 2626 2607
2710 3 2 1 7 2607 2626 2627 2608
2711 3 2 1 7 2608 2627 2628 2609
2712 3 2 1 7 2609 2628 2629 2610
2713 3 2 1 7 2610 2629 2630 2611
2714 3 2 1 7 2611 2630 2631 2612
2715 3 2 1 7 2612 2631 2632 2613
2716 3 2 1 7 2613 2632 2633 2614
2717 3 2 1 7 2614 2633 2634 2615
2718 3 2 1 7 2615 2634 2635 2616
2719 3 2 1 7 2616 2635 2636 2617
2720 3 2 1 7 2617 2636 296 297
2721 3 2 1 7 189 190 2637 2618
2722 3 2 1 7 2618 2637 2638 2619
2723 3 2 1 7 2619 2638 2639 2620
2724 3 2 1 7 2620 2639 2640 2621
2725 3 2 1 7 2621 2640 2641 2622
2726 3 2 1 7 2622 2641 2642 2623
2727 3 2 1 7 2623 2642 2643 2624
2728 3 2 1 7 2624 2643 2644 2625
2729 3 2 1 7 2625 2644 2645 2626
2730 3 2 1 7 2626 2645 2646 2627
2731 3 2 1 7 2627 2646 2647 2628
2732 3 2 1 7 2628 2647 2648 2629
2733 3 2 1 7 2629 2648 2649 2630
2734 3 2 1 7 2630 2649 2650 2631
2735 3 2 1 7 2631 2650 2651 2632
2736 3 2 1 7 2632 2651 2652 2633
2737 3 2 1 7 2633 2652 2653 2634
2738 3 2 1 7 2634 2653 2654 2635
2739 3 2 1 7 2635 2654 2655 2636
2740 3 2 1 7 2636 2655 295 296
2741 3 2 1 7 190 191 2656 2637
2742 3 2 1 7 2637 2656 2657 2638
2743 3 2 1 7 2638 2657 2658 2639
2744 3 2 1 7 2639 2658 2659 2640
2745 3 2 1 7 2640 2659 2660 2641
2746 3 2 1 7 2641 2660 2661 2642
2747 3 2 1 7 2642 2661 2662 2643
2748 3 2 1 7 2643 2662 2663 2644
2749 3 2 1 7 2644 2663 2664 2645
2750 3 2 1 7 2645 2664 2665 2646
2751 3 2 1 7 2646 2665 2666 2647
2752 3 2 1 7 2647 2666 2667 2648
2753 3 2 1 7 2648 2667 2668 2649
2754 3 2 1 7 2649 2668 2669 2650
2755 3 2 1 7 2650 2669 2670 2651
2756 3 2 1 7 2651 2670 2671 2652
2757 3 2 1 7 2652 2671 2672 2653
2758 3 2 1 7 2653 2672 2673 2654
2759 3 2 1 7 2654 2673 2674 2655
2760 3 2 1 7 2655 2674 294 295
2761 3 2 1 7 191 192 2675 2656
2762 3 2 1 7 2656 2675 2676 2657
2763 3 2 1 7 2657 2676 2677 2658
2764 3 2 1 7 2658 2677 2678 2659
2765 3 2 1 7 2659 2678 2679 2660
2766 3 2 1 7 2660 2679 2680 2661
2767 3 2 1 7 2661 2680 2681 2662
2768 3 2 1 7 2662 2681 2682 2663
2769 3 2 1 7 2663 2682 2683 2664
2770 3 2 1 7 2664 2683 2684 2665
2771 3 2 1 7 2665 2684 2685 2666
2772 3 2 1 7 2666 2685 2686 2667
2773 3 2 1 7 2667 2686 2687 2668
2774 3 2 1 7 2668 2687 2688 2669
2775 3 2 1 7 2669 2688 2689 2670
2776 3 2 1 7 2670 2689 2690 2671
2777 3 2 1 7 2671 2690 2691 2672
2778 3 2 1 7 2672 2691 2692 2673
2779 3 2 1 7 2673 2692 2693 2674
2780 3 2 1 7 2674 2693 293 294
2781 3 2 1 7 192 193 2694 2675
2782 3 2 1 7 2675 2694 2695 2676
2783 3 2 1 7 2676 2695 2696 2677
2784 3 2 1 7 2677 2696 2697 2678
2785 3 2 1 7 2678 2697 2698 2679
2786 3 2 1 7 2679 2698 2699 2680
2787 3 2 1 7 2680 2699 2700 2681
2788 3 2 1 7 2681 2700 2701 2682
2789 3 2 1 7 2682 2701 2702 2683
2790 3 2 1 7 2683 2702 2703 2684
2791 3 2 1 7 2684 2703 2704 2685
2792 3 2 1 7 2685 2704 2705 2686
2793 3 2 1 7 2686 2705 2706 2687
2794 3 2 1 7 2687 2706 2707 2688
2795 3 2 1 7 2688 2707 2708 2689
2796 3 2 1 7 2689 2708 2709 2690
2797 3 2 1 7 2690 2709 2710 2691
2798 3 2 1 7 2691 2710 2711 2692
2799 3 2 1 7 2692 2711 2712 2693
2800 3 2 1 7 2693 2712 292 293
2801 3 2 1 7 193 194 2713 2694
2802 3 2 1 7 2694 2713 2714 2695
2803 3 2 1 7 2695 2714 2715 2696
2804 3 2 1 7 2696 2715 2716 2697
2805 3 2 1 7 2697 2716 2717 2698
2806 3 2 1 7 2698 2717 2718 2699
2807 3 2 1 7 2699 2718 2719 2700
2808 3 2 1 7 2700 2719 2720 2701
2809 3 2 1 7 2701 2720 2721 2702
2810 3 2 1 7 2702 2721 2722 2703
2811 3 2 1 7 2703 2722 2723 2704
2812 3 2 1 7 2704 2723 2724 2705
2813 3 2 1 7 2705 2724 2725 2706
2814 3 2 1 7 2706 2725 2726 2707
2815 3 2 1 7 2707 2726 2727 2708
2816 3 2 1 7 2708 2727 2728 2709
2817 3 2 1 7 2709 2728 2729 2710
2818 3 2 1 7 2710 2729 2730 2711
2819 3 2 1 7 2711 2730 2731 2712
2820 3 2 1 7 2712 2731 291 292
2821 3 2 1 7 194 195 2732 2713
2822 3 2 1 7 2713 2732 2733 2714
2823 3 2 1 7 2714 2733 2734 2715
2824 3 2 1 7 2715 2734 2735 2716
2825 3 2 1 7 2716 2735 2736 2717
2826 3 2 1 7 2717 2736 2737 2718
2827 3 2 1 7 2718 2737 2738 2719
2828 3 2 1 7 2719 2738 2739 2720
2829 3 2 1 7 2720 2739 2740 2721
2830 3 2 1 7 2721 2740 2741 2722
2831 3 2 1 7 2722 2741 2742 2723
2832 3 2 1 7 2723 2742 2743 2724
2833 3 2 1 7 2724 2743 2744 2725
2834 3 2 1 7 2725 2744 2745 2726
2835 3 2 1 7 2726 2745 2746 2727
2836 3 2 1 7 2727 2746 2747 2728
2837 3 2 1 7 2728 2747 2748 2729
2838 3 2 1 7 2729 2748 2749 2730
2839 3 2 1 7 2730 2749 2750 2731
2840 3 2 1 7 2731 2750 290 291
2841 3 2 1 7 195 196 2751 2732
2842 3 2 1 7 2732 2751 2752 2733
2843 3 2 1 7 2733 2752 2753 2734
2844 3 2 1 7 2734 2753 2754 2735
2845 3 2 1 7 2735 2754 2755 2736
2846 3 2 1 7 2736 2755 2756 2737
2847 3 2 1 7 2737 2756 2757 2738
2848 3 2 1 7 2738 2757 2758 2739
2849 3 2 1 7 2739 2758 2759 2740
2850 3 2 1 7 2740 2759 2760 2741
2851 3 2 1 7 2741 2760 2761 2742
2852 3 2 1 7 2742 2761 2762 2743
2853 3 2 1 7 2743 2762 2763 2744
2854 3 2 1 7 2744 2763 2764 2745
2855 3 2 1 7 2745 2764 2765 2746
2856 3 2 1 7 2746 2765 2766 2747
2857 3 2 1 7 2747 2766 2767 2748
2858 3 2 1 7 2748 2767 2768 2749
2859 3 2 1 7 2749 2768 2769 2750
2860 3 2 1 7 2750 2769 289 290
2861 3 2 1 7 196 197 2770 2751
2862 3 2 1 7 2751 2770 2771 2752
2863 3 2 1 7 2752 2771 2772 2753
2864 3 2 1 7 2753 2772 2773 2754
2865 3 2 1 7 2754 2773 2774 2755
2866 3 2 1 7 2755 2774 2775 2756
2867 3 2 1 7 2756 2775 2776 2757
2868 3 2 1 7 2757 2776 2777 2758
2869 3 2 1 7 2758 2777 2778 2759
2870 3 2 1 7 2759 2778 2779 2760
2871 3 2 1 7 2760 2779 2780 2761
2872 3 2 1 7 2761 2780 2781 2762
2873 3 2 1 7 2762 2781 2782 2763
2874 3 2 1 7 2763 2782 2783 2764
2875 3 2 1 7 2764 2783 2784 2765
2876 3 2 1 7 2765 2784 2785 2766
2877 3 2 1 7 2766 2785 2786 2767
2878 3 2 1 7 2767 2786 2787 2768
2879 3 2 1 7 2768 2787 2788 2769
2880 3 2 1 7 2769 2788 288 289
2881 3 2 1 7 197 198 2789 2770
2882 3 2 1 7 2770 2789 2790 2771
2883 3 2 1 7 2771 2790 2791 2772
2884 3 2 1 7 2772 2791 2792 2773
2885 3 2 1 7 2773 2792 2793 2774
2886 3 2 1 7 2774 2793 2794 2775
2887 3 2 1 7 2775 2794 2795 2776
2888 3 2 1 7 2776 2795 2796 2777
2889 3 2 1 7 2777 2796 2797 2778
2890 3 2 1 7 2778 2797 2798 2779
2891 3 2 1 7 2779 2798 2799 2780
2892 3 2 1 7 2780 2799 2800 2781
2893 3 2 1 7 2781 2800 2801 2782
2894 3 2 1 7 2782 2801 2802 2783
2895 3 2 1 7 2783 2802 2803 2784
2896 3 2 1 7 2784 2803 2804 2785
2897 3 2 1 7 2785 2804 2805 2786
2898 3 2 1 7 2786 2805 2806 2787
2899 3 2 1 7 2787 2806 2807 2788
2900 3 2 1 7 2788 2807 287 288
2901 3 2 1 7 198 199 2808 2789
2902 3 2 1 7 2789 2808 2809 2790
2903 3 2 1 7 2790 2809 2810 2791
2904 3 2 1 7 2791 2810 2811 2792
2905 3 2 1 7 2792 2811 2812 2793
2906 3 2 1 7 2793 2812 2813 2794
2907 3 2 1 7 2794 2813 2814 2795
2908 3 2 1 7 2795 2814 2815 2796
2909 3 2 1 7 2796 2815 2816 2797
2910 3 2 1 7 2797 2816 2817 2798
2911 3 2 1 7 2798 2817 2818 2799
2912 3 2 1 7 2799 2818 2819 2800
2913 3 2 1 7 2800 2819 2820 2801
2914 3 2 1 7 2801 2820 2821 2802
2915 3 2 1 7 2802 2821 2822 2803
2916 3 2 1 7 2803 2822 2823 2804
2917 3 2 1 7 2804 2823 2824 2805
2918 3 2 1 7 2805 2824 2825 2806
2919 3 2 1 7 2806 2825 2826 2807
2920 3 2 1 7 2807 2826 286 287
2921 3 2 1 7 199 200 2827 2808
2922 3 2 1 7 2808 2827 2828 2809
2923 3 2 1 7 2809 2828 2829 2810
2924 3 2 1 7 2810 2829 2830 2811
2925 3 2 1 7 2811 2830 2831 2812
2926 3 2 1 7 2812 2831 2832 2813
2927 3 2 1 7 2813 2832 2833 2814
2928 3 2 1 7 2814 2833 2834 2815
2929 3 2 1 7 2815 2834 2835 2816
2930 3 2 1 7 2816 2835 2836 2817
2931 3 2 1 7 2817 2836 2837 2818
2932 3 2 1 7 2818 2837 2838 2819
2933 3 2 1 7 2819 2838 2839 2820
2934 3 2 1 7 2820 2839 2840 2821
2935 3 2 1 7 2821 2840 2841 2822
2936 3 2 1 7 2822 2841 2842 2823
2937 3 2 1 7 2823 2842 2843 2824
2938 3 2 1 7 2824 2843 2844 2825
2939 3 2 1 7 2825 2844 2845 2826
2940 3 2 1 7 2826 2845 285 286
2941 3 2 1 7 200 201 2846 2827
2942 3 2 1 7 2827 2846 2847 2828
2943 3 2 1 7 2828 2847 2848 2829
2944 3 2 1 7 2829 2848 2849 2830
2945 3 2 1 7 2830 2849 2850 2831
2946 3 2 1 7 2831 2850 2851 2832
2947 3 2 1 7 2832 2851 2852 2833
2948 3 2 1 7 2833 2852 2853 2834
2949 3 2 1 7 2834 2853 2854 2835
2950 3 2 1 7 2835 2854 2855 2836
2951 3 2 1 7 2836 2855 2856 2837
2952 3 2 1 7 2837 2856 2857 2838
2953 3 2 1 7 2838 2857 2858 2839
2954 3 2 1 7 2839 2858 2859 2840
2955 3 2 1 7 2840 2859 2860 2841
2956 3 2 1 7 2841 2860 2861 2842
2957 3 2 1 7 2842 2861 2862 2843
2958 3 2 1 7 2843 2862 2863 2844
2959 3 2 1 7 2844 2863 2864 2845
2960 3 2 1 7 2845 2864 284 285
2961 3 2 1 7 201 202 2865 2846
2962 3 2 1 7 2846 2865 2866 2847
2963 3 2 1 7 2847 2866 2867 2848
2964 3 2 1 7 2848 2867 2868 2849
2965 3 2 1 7 2849 2868 2869 2850
2966 3 2 1 7 2850 2869 2870 2851
2967 3 2 1 7 2851 2870 2871 2852
2968 3 2 1 7 2852 2871 2872 2853
2969 3 2 1 7 2853 2872 2873 2854
2970 3 2 1 7 2854 2873 2874 2855
2971 3 2 1 7 2855 2874 2875 2856
2972 3 2 1 7 2856 2875 2876 2857
2973 3 2 1 7 2857 2876 2877 2858
2974 3 2 1 7 2858 2877 2878 2859
2975 3 2 1 7 2859 2878 2879 2860
2976 3 2 1 7 2860 2879 2880 2861
2977 3 2 1 7 2861 2880 2881 2862
2978 3 2 1 7 2862 2881 2882 2863
2979 3 2 1 7 2863 2882 2883 2864
2980 3 2 1 7 2864 2883 283 284
2981 3 2 1 7 202 203 2884 2865
2982 3 2 1 7 2865 2884 2885 2866
2983 3 2 1 7 2866 2885 2886 2867
2984 3 2 1 7 2867 2886 2887 2868
2985 3 2 1 7 2868 2887 2888 2869
2986 3 2 1 7 2869 2888 2889 2870
2987 3 2 1 7 2870 2889 2890 2871
2988 3 2 1 7 2871 2890 2891 2872
2989 3 2 1 7 2872 2891 2892 2873
2990 3 2 1 7 2873 2892 2893 2874
2991 3 2 1 7 2874 2893 2894 2875
2992 3 2 1 7 2875 2894 2895 2876
2993 3 2 1 7 2876 2895 2896 2877
2994 3 2 1 7 2877 2896 2897 2878
2995 3 2 1 7 2878 2897 2898 2879
2996 3 2 1 7 2879 2898 2899 2880
2997 3 2 1 7 2880 2899 2900 2881
2998 3 2 1 7 2881 2900 2901 2882
2999 3 2 1 7 2882 2901 2902 2883
3000 3 2 1 7 2883 2902 282 283
3001 3 2 1 7 203 204 2903 2884
3002 3 2 1 7 2884 2903 2904 2885
3003 3 2 1 7 2885 2904 2905 2886
3004 3 2 1 7 2886 2905 2906 2887
3005 3 2 1 7 2887 2906 2907 2888
3006 3 2 1 7 2888 2907 2908 2889
3007 3 2 1 7 2889 2908 2909 2890
3008 3 2 1 7 2890 2909 2910 2891
3009 3 2 1 7 2891 2910 2911 2892
3010 3 2 1 7 2892 2911 2912 2893
3011 3 2 1 7 2893 2912 2913 2894
3012 3 2 1 7 2894 2913 2914 2895
3013 3 2 1 7 2895 2914 2915 2896
3014 3 2 1 7 2896 2915 2916 2897
3015 3 2 1 7 2897 2916 2917 2898
3016 3 2 1 7 2898 2917 2918 2899
3017 3 2 1 7 2899 2918 2919 2900
3018 3 2 1 7 2900 2919 2920 2901
3019 3 2 1 7 2901 2920 2921 2902
3020 3 2 1 7 2902 2921 281 282
3021 3 2 1 7 204 5 356 2903
3022 3 2 1 7 2903 356 355 2904
3023 3 2 1 7 2904 355 354 2905
3024 3 2 1 7 2905 354 353 2906
3025 3 2 1 7 2906 353 352 2907
3026 3 2 1 7 2907 352 351 2908
3027 3 2 1 7 2908 351 350 2909
3028 3 2 1 7 2909 350 349 2910
3029 3 2 1 7 2910 349 348 2911
3030 3 2 1 7 2911 348 347 2912
3031 3 2 1 7 2912 347 346 2913
3032 3 2 1 7 2913 346 345 2914
3033 3 2 1 7 2914 345 344 2915
3034 3 2 1 7 2915 344 343 2916
3035 3 2 1 7 2916 343 342 2917
3036 3 2 1 7 2917 342 341 2918
3037 3 2 1 7 2918 341 340 2919
3038 3 2 1 7 2919 340 339 2920
3039 3 2 1 7 2920 339 338 2921
3040 3 2 1 7 2921 338 11 281
$EndElements
