$MeshFormat
2.2 0 8
$EndMeshFormat
$PhysicalNames
3
1 101 "FRACTURE0"
1 102 "FRACTURE1"
2 201 "ROCK"
$EndPhysicalNames
$Nodes
1855
1 0.1 0 0
2 12.6 0 0
3 12.6 0.3 0
4 12.6 0.7 0
5 12.6 1 0
6 0.1 1 0
7 0.1 0.7 0
8 0.1 0.3 0
9 0.4676470588220831 0 0
10 0.8352941176440735 0 0
11 1.202941176466295 0 0
12 1.570588235288566 0 0
13 1.938235294110352 0 0
14 2.305882352931973 0 0
15 2.673529411753592 0 0
16 3.041176470575213 0 0
17 3.408823529396834 0 0
18 3.776470588218455 0 0
19 4.144117647040393 0 0
20 4.511764705863321 0 0
21 4.87941176468625 0 0
22 5.247058823509176 0 0
23 5.614705882332105 0 0
24 5.982352941155033 0 0
25 6.34999999997796 0 0
26 6.717647058800887 0 0
27 7.085294117623816 0 0
28 7.452941176446743 0 0
29 7.820588235269672 0 0
30 8.188235294093518 0 0
31 8.555882352919056 0 0
32 8.923529411744598 0 0
33 9.291176470570138 0 0
34 9.658823529395679 0 0
35 10.02647058822122 0 0
36 10.39411764704676 0 0
37 10.7617647058723 0 0
38 11.12941176469784 0 0
39 11.49705882352338 0 0
40 11.86470588234892 0 0
41 12.23235294117446 0 0
42 12.6 0.06276022385045334 0
43 12.6 0.112968402850351 0
44 12.6 0.1531349459859433 0
45 12.6 0.1852681806616294 0
46 12.6 0.2109747682576559 0
47 12.6 0.2315400381592601 0
48 12.6 0.2479922543178522 0
49 12.6 0.261154027573655 0
50 12.6 0.2716834462626186 0
51 12.6 0.2801069808044273 0
52 12.6 0.2868458084878798 0
53 12.6 0.2922368708335792 0
54 12.6 0.2965497205514138 0
55 0.1 0.06276022385045334 0
56 0.1 0.112968402850351 0
57 0.1 0.1531349459859433 0
58 0.1 0.1852681806616294 0
59 0.1 0.2109747682576559 0
60 0.1 0.2315400381592601 0
61 0.1 0.2479922543178522 0
62 0.1 0.261154027573655 0
63 0.1 0.2716834462626186 0
64 0.1 0.2801069808044273 0
65 0.1 0.2868458084878798 0
66 0.1 0.2922368708335792 0
67 0.1 0.2965497205514138 0
68 0.4676470588220831 0.3 0
69 0.8352941176440735 0.3 0
70 1.202941176466295 0.3 0
71 1.570588235288566 0.3 0
72 1.938235294110352 0.3 0
73 2.305882352931973 0.3 0
74 2.673529411753592 0.3 0
75 3.041176470575213 0.3 0
76 3.408823529396834 0.3 0
77 3.776470588218455 0.3 0
78 4.144117647040393 0.3 0
79 4.511764705863321 0.3 0
80 4.87941176468625 0.3 0
81 5.247058823509176 0.3 0
82 5.614705882332105 0.3 0
83 5.982352941155033 0.3 0
84 6.34999999997796 0.3 0
85 6.717647058800887 0.3 0
86 7.085294117623816 0.3 0
87 7.452941176446743 0.3 0
88 7.820588235269672 0.3 0
89 8.188235294093518 0.3 0
90 8.555882352919056 0.3 0
91 8.923529411744598 0.3 0
92 9.291176470570138 0.3 0
93 9.658823529395679 0.3 0
94 10.02647058822122 0.3 0
95 10.39411764704676 0.3 0
96 10.7617647058723 0.3 0
97 11.12941176469784 0.3 0
98 11.49705882352338 0.3 0
99 11.86470588234892 0.3 0
100 12.23235294117446 0.3 0
101 12.6 0.3036980569933673 0
102 12.6 0.3086004571733593 0
103 12.6 0.3150532385445835 0
104 12.6 0.3234674559464929 0
105 12.6 0.33430619539796 0
106 12.6 0.3480506149302519 0
107 12.6 0.365136877153012 0
108 12.6 0.3858606517267108 0
109 12.6 0.4102582768085946 0
110 12.6 0.4379933028297766 0
111 12.6 0.4682954657375284 0
112 12.6 0.4999999999990373 0
113 12.6 0.5317045342607623 0
114 12.6 0.5620066971687891 0
115 12.6 0.5897417231902651 0
116 12.6 0.6141393482724309 0
117 12.6 0.6348631228463755 0
118 12.6 0.6519493850693323 0
119 12.6 0.6656938046017508 0
120 12.6 0.6765325440533173 0
121 12.6 0.684946761455302 0
122 12.6 0.6913995428265797 0
123 12.6 0.6963019430066091 0
124 0.1 0.3036980569933673 0
125 0.1 0.3086004571733593 0
126 0.1 0.3150532385445835 0
127 0.1 0.3234674559464929 0
128 0.1 0.33430619539796 0
129 0.1 0.3480506149302519 0
130 0.1 0.365136877153012 0
131 0.1 0.3858606517267108 0
132 0.1 0.4102582768085946 0
133 0.1 0.4379933028297766 0
134 0.1 0.4682954657375284 0
135 0.1 0.4999999999990373 0
136 0.1 0.5317045342607623 0
137 0.1 0.5620066971687891 0
138 0.1 0.5897417231902651 0
139 0.1 0.6141393482724309 0
140 0.1 0.6348631228463755 0
141 0.1 0.6519493850693323 0
142 0.1 0.6656938046017508 0
143 0.1 0.6765325440533173 0
144 0.1 0.684946761455302 0
145 0.1 0.6913995428265797 0
146 0.1 0.6963019430066091 0
147 0.4676470588220831 0.7 0
148 0.8352941176440735 0.7 0
149 1.202941176466295 0.7 0
150 1.570588235288566 0.7 0
151 1.938235294110352 0.7 0
152 2.305882352931973 0.7 0
153 2.673529411753592 0.7 0
154 3.041176470575213 0.7 0
155 3.408823529396834 0.7 0
156 3.776470588218455 0.7 0
157 4.144117647040393 0.7 0
158 4.511764705863321 0.7 0
159 4.87941176468625 0.7 0
160 5.247058823509176 0.7 0
161 5.614705882332105 0.7 0
162 5.982352941155033 0.7 0
163 6.34999999997796 0.7 0
164 6.717647058800887 0.7 0
165 7.085294117623816 0.7 0
166 7.452941176446743 0.7 0
167 7.820588235269672 0.7 0
168 8.188235294093518 0.7 0
169 8.555882352919056 0.7 0
170 8.923529411744598 0.7 0
171 9.291176470570138 0.7 0
172 9.658823529395679 0.7 0
173 10.02647058822122 0.7 0
174 10.39411764704676 0.7 0
175 10.7617647058723 0.7 0
176 11.12941176469784 0.7 0
177 11.49705882352338 0.7 0
178 11.86470588234892 0.7 0
179 12.23235294117446 0.7 0
180 12.6 0.7034502800251112 0
181 12.6 0.7077631298316118 0
182 12.6 0.7131541922750086 0
183 12.6 0.7198930200616647 0
184 12.6 0.7283165547473155 0
185 12.6 0.7388459736080187 0
186 12.6 0.7520077468874732 0
187 12.6 0.7684599631093159 0
188 12.6 0.7890252330636862 0
189 12.6 0.8147318206596108 0
190 12.6 0.8468650552525241 0
191 12.6 0.8870315981816309 0
192 12.6 0.9372397767945756 0
193 0.1 0.7034502800251112 0
194 0.1 0.7077631298316118 0
195 0.1 0.7131541922750086 0
196 0.1 0.7198930200616647 0
197 0.1 0.7283165547473155 0
198 0.1 0.7388459736080187 0
199 0.1 0.7520077468874732 0
200 0.1 0.7684599631093159 0
201 0.1 0.7890252330636862 0
202 0.1 0.8147318206596108 0
203 0.1 0.8468650552525241 0
204 0.1 0.8870315981816309 0
205 0.1 0.9372397767945756 0
206 0.4676470588220831 1 0
207 0.8352941176440735 1 0
208 1.202941176466295 1 0
209 1.570588235288566 1 0
210 1.938235294110352 1 0
211 2.305882352931973 1 0
212 2.673529411753592 1 0
213 3.041176470575213 1 0
214 3.408823529396834 1 0
215 3.776470588218455 1 0
216 4.144117647040393 1 0
217 4.511764705863321 1 0
218 4.87941176468625 1 0
219 5.247058823509176 1 0
220 5.614705882332105 1 0
221 5.982352941155033 1 0
222 6.34999999997796 1 0
223 6.717647058800887 1 0
224 7.085294117623816 1 0
225 7.452941176446743 1 0
226 7.820588235269672 1 0
227 8.188235294093518 1 0
228 8.555882352919056 1 0
229 8.923529411744598 1 0
230 9.291176470570138 1 0
231 9.658823529395679 1 0
232 10.02647058822122 1 0
233 10.39411764704676 1 0
234 10.7617647058723 1 0
235 11.12941176469784 1 0
236 11.49705882352338 1 0
237 11.86470588234892 1 0
238 12.23235294117446 1 0
239 0.4676470588220831 0.06276022385045331 0
240 0.8352941176440734 0.06276022385045331 0
241 1.202941176466295 0.06276022385045331 0
242 1.570588235288565 0.06276022385045331 0
243 1.938235294110352 0.06276022385045329 0
244 2.305882352931972 0.06276022385045331 0
245 2.673529411753592 0.06276022385045331 0
246 3.041176470575213 0.06276022385045331 0
247 3.408823529396834 0.06276022385045331 0
248 3.776470588218455 0.06276022385045331 0
249 4.144117647040392 0.06276022385045331 0
250 4.511764705863321 0.06276022385045331 0
251 4.87941176468625 0.06276022385045331 0
252 5.247058823509176 0.06276022385045331 0
253 5.614705882332105 0.06276022385045331 0
254 5.982352941155032 0.06276022385045331 0
255 6.34999999997796 0.06276022385045331 0
256 6.717647058800888 0.06276022385045331 0
257 7.085294117623817 0.06276022385045331 0
258 7.452941176446743 0.06276022385045331 0
259 7.820588235269671 0.06276022385045331 0
260 8.188235294093518 0.06276022385045331 0
261 8.555882352919056 0.06276022385045331 0
262 8.923529411744598 0.06276022385045331 0
263 9.291176470570141 0.06276022385045331 0
264 9.658823529395677 0.06276022385045331 0
265 10.02647058822122 0.06276022385045331 0
266 10.39411764704676 0.06276022385045331 0
267 10.7617647058723 0.06276022385045331 0
268 11.12941176469784 0.06276022385045331 0
269 11.49705882352338 0.06276022385045331 0
270 11.86470588234892 0.06276022385045331 0
271 12.23235294117446 0.06276022385045331 0
272 0.467647058822083 0.112968402850351 0
273 0.8352941176440734 0.112968402850351 0
274 1.202941176466295 0.112968402850351 0
275 1.570588235288566 0.112968402850351 0
276 1.938235294110352 0.112968402850351 0
277 2.305882352931972 0.112968402850351 0
278 2.673529411753592 0.112968402850351 0
279 3.041176470575214 0.112968402850351 0
280 3.408823529396834 0.112968402850351 0
281 3.776470588218456 0.112968402850351 0
282 4.144117647040392 0.112968402850351 0
283 4.511764705863321 0.112968402850351 0
284 4.87941176468625 0.112968402850351 0
285 5.247058823509175 0.112968402850351 0
286 5.614705882332105 0.112968402850351 0
287 5.982352941155032 0.112968402850351 0
288 6.34999999997796 0.112968402850351 0
289 6.717647058800888 0.112968402850351 0
290 7.085294117623816 0.112968402850351 0
291 7.452941176446743 0.112968402850351 0
292 7.820588235269671 0.112968402850351 0
293 8.188235294093522 0.112968402850351 0
294 8.555882352919054 0.112968402850351 0
295 8.923529411744598 0.112968402850351 0
296 9.291176470570139 0.112968402850351 0
297 9.658823529395679 0.112968402850351 0
298 10.02647058822122 0.112968402850351 0
299 10.39411764704676 0.112968402850351 0
300 10.7617647058723 0.112968402850351 0
301 11.12941176469784 0.112968402850351 0
302 11.49705882352338 0.112968402850351 0
303 11.86470588234892 0.112968402850351 0
304 12.23235294117446 0.112968402850351 0
305 0.4676470588220831 0.1531349459859432 0
306 0.8352941176440734 0.1531349459859432 0
307 1.202941176466295 0.1531349459859432 0
308 1.570588235288565 0.1531349459859432 0
309 1.938235294110352 0.1531349459859433 0
310 2.305882352931972 0.1531349459859433 0
311 2.673529411753592 0.1531349459859432 0
312 3.041176470575213 0.1531349459859432 0
313 3.408823529396834 0.1531349459859432 0
314 3.776470588218455 0.1531349459859432 0
315 4.144117647040392 0.1531349459859432 0
316 4.511764705863322 0.1531349459859432 0
317 4.87941176468625 0.1531349459859432 0
318 5.247058823509176 0.1531349459859432 0
319 5.614705882332106 0.1531349459859432 0
320 5.982352941155032 0.1531349459859432 0
321 6.34999999997796 0.1531349459859432 0
322 6.717647058800888 0.1531349459859432 0
323 7.085294117623817 0.1531349459859432 0
324 7.452941176446743 0.1531349459859432 0
325 7.820588235269672 0.1531349459859432 0
326 8.18823529409352 0.1531349459859432 0
327 8.555882352919056 0.1531349459859432 0
328 8.9235294117446 0.1531349459859432 0
329 9.291176470570138 0.1531349459859432 0
330 9.658823529395679 0.1531349459859432 0
331 10.02647058822122 0.1531349459859432 0
332 10.39411764704676 0.1531349459859432 0
333 10.7617647058723 0.1531349459859432 0
334 11.12941176469784 0.1531349459859432 0
335 11.49705882352338 0.1531349459859432 0
336 11.86470588234892 0.1531349459859432 0
337 12.23235294117446 0.1531349459859432 0
338 0.4676470588220831 0.1852681806616294 0
339 0.8352941176440734 0.1852681806616294 0
340 1.202941176466295 0.1852681806616294 0
341 1.570588235288565 0.1852681806616295 0
342 1.938235294110352 0.1852681806616294 0
343 2.305882352931972 0.1852681806616294 0
344 2.673529411753592 0.1852681806616294 0
345 3.041176470575212 0.1852681806616294 0
346 3.408823529396834 0.1852681806616294 0
347 3.776470588218456 0.1852681806616294 0
348 4.144117647040392 0.1852681806616294 0
349 4.511764705863322 0.1852681806616293 0
350 4.87941176468625 0.1852681806616294 0
351 5.247058823509175 0.1852681806616294 0
352 5.614705882332105 0.1852681806616294 0
353 5.982352941155032 0.1852681806616294 0
354 6.349999999977961 0.1852681806616294 0
355 6.717647058800888 0.1852681806616295 0
356 7.085294117623816 0.1852681806616294 0
357 7.452941176446743 0.1852681806616295 0
358 7.820588235269673 0.1852681806616293 0
359 8.18823529409352 0.1852681806616294 0
360 8.555882352919056 0.1852681806616294 0
361 8.923529411744598 0.1852681806616294 0
362 9.291176470570138 0.1852681806616294 0
363 9.658823529395679 0.1852681806616293 0
364 10.02647058822122 0.1852681806616294 0
365 10.39411764704676 0.1852681806616294 0
366 10.7617647058723 0.1852681806616294 0
367 11.12941176469784 0.1852681806616293 0
368 11.49705882352338 0.1852681806616294 0
369 11.86470588234892 0.1852681806616294 0
370 12.23235294117446 0.1852681806616294 0
371 0.4676470588220831 0.2109747682576558 0
372 0.8352941176440732 0.2109747682576558 0
373 1.202941176466295 0.2109747682576558 0
374 1.570588235288566 0.2109747682576559 0
375 1.938235294110352 0.2109747682576558 0
376 2.305882352931972 0.2109747682576558 0
377 2.673529411753592 0.2109747682576558 0
378 3.041176470575213 0.2109747682576558 0
379 3.408823529396834 0.2109747682576558 0
380 3.776470588218455 0.2109747682576558 0
381 4.144117647040392 0.2109747682576559 0
382 4.511764705863322 0.2109747682576559 0
383 4.87941176468625 0.2109747682576558 0
384 5.247058823509176 0.2109747682576558 0
385 5.614705882332106 0.2109747682576559 0
386 5.982352941155033 0.2109747682576558 0
387 6.34999999997796 0.2109747682576558 0
388 6.717647058800887 0.2109747682576558 0
389 7.085294117623816 0.2109747682576559 0
390 7.452941176446743 0.2109747682576559 0
391 7.820588235269671 0.2109747682576559 0
392 8.188235294093518 0.2109747682576558 0
393 8.555882352919056 0.2109747682576559 0
394 8.923529411744598 0.2109747682576558 0
395 9.291176470570138 0.2109747682576559 0
396 9.658823529395679 0.2109747682576559 0
397 10.02647058822122 0.2109747682576559 0
398 10.39411764704676 0.2109747682576559 0
399 10.7617647058723 0.2109747682576558 0
400 11.12941176469784 0.2109747682576558 0
401 11.49705882352338 0.2109747682576559 0
402 11.86470588234892 0.2109747682576558 0
403 12.23235294117446 0.2109747682576559 0
404 0.467647058822083 0.23154003815926 0
405 0.8352941176440735 0.2315400381592601 0
406 1.202941176466295 0.23154003815926 0
407 1.570588235288565 0.23154003815926 0
408 1.938235294110352 0.23154003815926 0
409 2.305882352931972 0.23154003815926 0
410 2.673529411753592 0.23154003815926 0
411 3.041176470575213 0.23154003815926 0
412 3.408823529396834 0.23154003815926 0
413 3.776470588218455 0.23154003815926 0
414 4.144117647040392 0.2315400381592601 0
415 4.511764705863322 0.23154003815926 0
416 4.87941176468625 0.23154003815926 0
417 5.247058823509176 0.23154003815926 0
418 5.614705882332106 0.2315400381592601 0
419 5.982352941155032 0.23154003815926 0
420 6.34999999997796 0.23154003815926 0
421 6.717647058800888 0.23154003815926 0
422 7.085294117623817 0.23154003815926 0
423 7.452941176446743 0.23154003815926 0
424 7.820588235269672 0.23154003815926 0
425 8.18823529409352 0.23154003815926 0
426 8.555882352919056 0.23154003815926 0
427 8.9235294117446 0.2315400381592601 0
428 9.291176470570138 0.23154003815926 0
429 9.658823529395679 0.23154003815926 0
430 10.02647058822122 0.2315400381592601 0
431 10.39411764704676 0.23154003815926 0
432 10.7617647058723 0.23154003815926 0
433 11.12941176469784 0.23154003815926 0
434 11.49705882352338 0.23154003815926 0
435 11.86470588234892 0.23154003815926 0
436 12.23235294117446 0.23154003815926 0
437 0.4676470588220831 0.2479922543178521 0
438 0.8352941176440732 0.2479922543178521 0
439 1.202941176466295 0.2479922543178521 0
440 1.570588235288565 0.2479922543178521 0
441 1.938235294110352 0.2479922543178521 0
442 2.305882352931972 0.2479922543178521 0
443 2.673529411753592 0.2479922543178521 0
444 3.041176470575213 0.2479922543178521 0
445 3.408823529396834 0.2479922543178521 0
446 3.776470588218455 0.2479922543178521 0
447 4.144117647040392 0.2479922543178521 0
448 4.511764705863322 0.2479922543178521 0
449 4.87941176468625 0.2479922543178521 0
450 5.247058823509176 0.2479922543178521 0
451 5.614705882332106 0.2479922543178521 0
452 5.982352941155032 0.2479922543178521 0
453 6.34999999997796 0.2479922543178521 0
454 6.717647058800887 0.2479922543178521 0
455 7.085294117623817 0.2479922543178521 0
456 7.452941176446743 0.2479922543178521 0
457 7.820588235269673 0.2479922543178521 0
458 8.188235294093518 0.2479922543178521 0
459 8.555882352919056 0.2479922543178521 0
460 8.9235294117446 0.2479922543178521 0
461 9.291176470570138 0.2479922543178521 0
462 9.658823529395679 0.2479922543178521 0
463 10.02647058822122 0.2479922543178521 0
464 10.39411764704676 0.2479922543178522 0
465 10.7617647058723 0.2479922543178521 0
466 11.12941176469784 0.2479922543178521 0
467 11.49705882352338 0.2479922543178521 0
468 11.86470588234892 0.2479922543178521 0
469 12.23235294117446 0.2479922543178521 0
470 0.4676470588220831 0.261154027573655 0
471 0.8352941176440734 0.2611540275736549 0
472 1.202941176466295 0.2611540275736549 0
473 1.570588235288566 0.2611540275736549 0
474 1.938235294110352 0.2611540275736549 0
475 2.305882352931972 0.2611540275736549 0
476 2.673529411753592 0.2611540275736549 0
477 3.041176470575213 0.2611540275736549 0
478 3.408823529396834 0.2611540275736549 0
479 3.776470588218455 0.2611540275736549 0
480 4.144117647040392 0.2611540275736549 0
481 4.511764705863322 0.2611540275736549 0
482 4.87941176468625 0.2611540275736549 0
483 5.247058823509175 0.2611540275736549 0
484 5.614705882332106 0.2611540275736549 0
485 5.982352941155032 0.2611540275736549 0
486 6.349999999977961 0.2611540275736549 0
487 6.717647058800888 0.2611540275736549 0
488 7.085294117623816 0.2611540275736549 0
489 7.452941176446743 0.2611540275736549 0
490 7.820588235269671 0.2611540275736549 0
491 8.188235294093518 0.2611540275736549 0
492 8.555882352919056 0.2611540275736549 0
493 8.923529411744598 0.2611540275736549 0
494 9.291176470570138 0.2611540275736549 0
495 9.658823529395681 0.2611540275736549 0
496 10.02647058822122 0.2611540275736549 0
497 10.39411764704676 0.2611540275736549 0
498 10.7617647058723 0.2611540275736549 0
499 11.12941176469784 0.2611540275736549 0
500 11.49705882352338 0.2611540275736549 0
501 11.86470588234892 0.2611540275736549 0
502 12.23235294117446 0.2611540275736549 0
503 0.4676470588220831 0.2716834462626186 0
504 0.8352941176440734 0.2716834462626184 0
505 1.202941176466295 0.2716834462626185 0
506 1.570588235288566 0.2716834462626185 0
507 1.938235294110352 0.2716834462626185 0
508 2.305882352931972 0.2716834462626185 0
509 2.673529411753593 0.2716834462626185 0
510 3.041176470575212 0.2716834462626185 0
511 3.408823529396834 0.2716834462626185 0
512 3.776470588218455 0.2716834462626185 0
513 4.144117647040392 0.2716834462626185 0
514 4.511764705863321 0.2716834462626185 0
515 4.87941176468625 0.2716834462626185 0
516 5.247058823509176 0.2716834462626185 0
517 5.614705882332106 0.2716834462626185 0
518 5.982352941155032 0.2716834462626185 0
519 6.349999999977961 0.2716834462626185 0
520 6.717647058800888 0.2716834462626185 0
521 7.085294117623817 0.2716834462626185 0
522 7.452941176446743 0.2716834462626185 0
523 7.820588235269672 0.2716834462626185 0
524 8.188235294093518 0.2716834462626185 0
525 8.555882352919056 0.2716834462626185 0
526 8.923529411744598 0.2716834462626185 0
527 9.291176470570138 0.2716834462626185 0
528 9.658823529395679 0.2716834462626185 0
529 10.02647058822122 0.2716834462626184 0
530 10.39411764704676 0.2716834462626185 0
531 10.7617647058723 0.2716834462626185 0
532 11.12941176469784 0.2716834462626185 0
533 11.49705882352338 0.2716834462626185 0
534 11.86470588234892 0.2716834462626185 0
535 12.23235294117446 0.2716834462626185 0
536 0.4676470588220831 0.2801069808044272 0
537 0.8352941176440734 0.2801069808044272 0
538 1.202941176466295 0.2801069808044272 0
539 1.570588235288565 0.2801069808044272 0
540 1.938235294110352 0.2801069808044272 0
541 2.305882352931972 0.2801069808044272 0
542 2.673529411753592 0.2801069808044273 0
543 3.041176470575213 0.2801069808044272 0
544 3.408823529396834 0.2801069808044273 0
545 3.776470588218455 0.2801069808044272 0
546 4.144117647040392 0.2801069808044272 0
547 4.511764705863321 0.2801069808044272 0
548 4.87941176468625 0.2801069808044272 0
549 5.247058823509176 0.2801069808044273 0
550 5.614705882332106 0.2801069808044273 0
551 5.982352941155032 0.2801069808044272 0
552 6.34999999997796 0.2801069808044271 0
553 6.717647058800888 0.2801069808044272 0
554 7.085294117623816 0.2801069808044272 0
555 7.452941176446743 0.2801069808044272 0
556 7.820588235269673 0.2801069808044272 0
557 8.18823529409352 0.2801069808044272 0
558 8.555882352919056 0.2801069808044273 0
559 8.9235294117446 0.2801069808044273 0
560 9.291176470570138 0.2801069808044272 0
561 9.658823529395679 0.2801069808044272 0
562 10.02647058822122 0.2801069808044272 0
563 10.39411764704676 0.2801069808044272 0
564 10.7617647058723 0.2801069808044272 0
565 11.12941176469784 0.2801069808044272 0
566 11.49705882352338 0.2801069808044272 0
567 11.86470588234892 0.2801069808044272 0
568 12.23235294117446 0.2801069808044272 0
569 0.4676470588220831 0.2868458084878797 0
570 0.8352941176440735 0.2868458084878797 0
571 1.202941176466295 0.2868458084878798 0
572 1.570588235288566 0.2868458084878797 0
573 1.938235294110352 0.2868458084878797 0
574 2.305882352931972 0.2868458084878797 0
575 2.673529411753592 0.2868458084878797 0
576 3.041176470575213 0.2868458084878797 0
577 3.408823529396834 0.2868458084878797 0
578 3.776470588218455 0.2868458084878797 0
579 4.144117647040392 0.2868458084878797 0
580 4.511764705863321 0.2868458084878797 0
581 4.87941176468625 0.2868458084878797 0
582 5.247058823509176 0.2868458084878798 0
583 5.614705882332106 0.2868458084878797 0
584 5.982352941155032 0.2868458084878797 0
585 6.34999999997796 0.2868458084878797 0
586 6.717647058800889 0.2868458084878797 0
587 7.085294117623816 0.2868458084878797 0
588 7.452941176446743 0.2868458084878797 0
589 7.820588235269671 0.2868458084878797 0
590 8.188235294093518 0.2868458084878797 0
591 8.555882352919056 0.2868458084878797 0
592 8.923529411744596 0.2868458084878797 0
593 9.291176470570138 0.2868458084878797 0
594 9.658823529395679 0.2868458084878797 0
595 10.02647058822122 0.2868458084878797 0
596 10.39411764704676 0.2868458084878797 0
597 10.7617647058723 0.2868458084878798 0
598 11.12941176469784 0.2868458084878798 0
599 11.49705882352338 0.2868458084878798 0
600 11.86470588234892 0.2868458084878797 0
601 12.23235294117446 0.2868458084878798 0
602 0.4676470588220831 0.2922368708335791 0
603 0.8352941176440736 0.2922368708335792 0
604 1.202941176466295 0.2922368708335791 0
605 1.570588235288565 0.2922368708335791 0
606 1.938235294110352 0.2922368708335792 0
607 2.305882352931972 0.2922368708335791 0
608 2.673529411753593 0.2922368708335791 0
609 3.041176470575213 0.2922368708335792 0
610 3.408823529396834 0.2922368708335791 0
611 3.776470588218455 0.2922368708335791 0
612 4.144117647040392 0.2922368708335791 0
613 4.511764705863321 0.2922368708335791 0
614 4.87941176468625 0.2922368708335791 0
615 5.247058823509175 0.2922368708335791 0
616 5.614705882332105 0.2922368708335791 0
617 5.982352941155033 0.2922368708335791 0
618 6.34999999997796 0.2922368708335791 0
619 6.717647058800889 0.2922368708335791 0
620 7.085294117623817 0.2922368708335791 0
621 7.452941176446743 0.2922368708335791 0
622 7.820588235269672 0.2922368708335791 0
623 8.188235294093518 0.2922368708335791 0
624 8.555882352919056 0.2922368708335791 0
625 8.923529411744598 0.2922368708335791 0
626 9.291176470570136 0.2922368708335791 0
627 9.658823529395679 0.2922368708335791 0
628 10.02647058822122 0.2922368708335791 0
629 10.39411764704676 0.2922368708335791 0
630 10.7617647058723 0.2922368708335791 0
631 11.12941176469784 0.2922368708335791 0
632 11.49705882352337 0.2922368708335791 0
633 11.86470588234892 0.2922368708335791 0
634 12.23235294117446 0.2922368708335791 0
635 0.4676470588220831 0.2965497205514136 0
636 0.8352941176440734 0.2965497205514137 0
637 1.202941176466295 0.2965497205514137 0
638 1.570588235288565 0.2965497205514137 0
639 1.938235294110352 0.2965497205514137 0
640 2.305882352931972 0.2965497205514137 0
641 2.673529411753592 0.2965497205514137 0
642 3.041176470575213 0.2965497205514136 0
643 3.408823529396834 0.2965497205514137 0
644 3.776470588218456 0.2965497205514137 0
645 4.144117647040392 0.2965497205514137 0
646 4.511764705863322 0.2965497205514137 0
647 4.87941176468625 0.2965497205514137 0
648 5.247058823509176 0.2965497205514137 0
649 5.614705882332105 0.2965497205514137 0
650 5.982352941155032 0.2965497205514137 0
651 6.349999999977961 0.2965497205514137 0
652 6.717647058800888 0.2965497205514137 0
653 7.085294117623817 0.2965497205514137 0
654 7.452941176446743 0.2965497205514137 0
655 7.820588235269672 0.2965497205514137 0
656 8.188235294093516 0.2965497205514137 0
657 8.555882352919054 0.2965497205514137 0
658 8.9235294117446 0.2965497205514137 0
659 9.291176470570138 0.2965497205514137 0
660 9.658823529395679 0.2965497205514137 0
661 10.02647058822122 0.2965497205514137 0
662 10.39411764704676 0.2965497205514137 0
663 10.7617647058723 0.2965497205514137 0
664 11.12941176469784 0.2965497205514137 0
665 11.49705882352338 0.2965497205514137 0
666 11.86470588234892 0.2965497205514137 0
667 12.23235294117446 0.2965497205514137 0
668 0.4676470588220831 0.3036980569933674 0
669 0.8352941176440734 0.3036980569933674 0
670 1.202941176466295 0.3036980569933673 0
671 1.570588235288565 0.3036980569933673 0
672 1.938235294110352 0.3036980569933673 0
673 2.305882352931972 0.3036980569933674 0
674 2.673529411753592 0.3036980569933673 0
675 3.041176470575212 0.3036980569933673 0
676 3.408823529396834 0.3036980569933673 0
677 3.776470588218455 0.3036980569933673 0
678 4.144117647040392 0.3036980569933673 0
679 4.511764705863321 0.3036980569933672 0
680 4.87941176468625 0.3036980569933673 0
681 5.247058823509176 0.3036980569933674 0
682 5.614705882332107 0.3036980569933674 0
683 5.982352941155032 0.3036980569933673 0
684 6.34999999997796 0.3036980569933673 0
685 6.717647058800888 0.3036980569933673 0
686 7.085294117623817 0.3036980569933673 0
687 7.452941176446743 0.3036980569933673 0
688 7.820588235269671 0.3036980569933673 0
689 8.188235294093518 0.3036980569933673 0
690 8.555882352919056 0.3036980569933673 0
691 8.923529411744598 0.3036980569933673 0
692 9.291176470570138 0.3036980569933673 0
693 9.658823529395677 0.3036980569933673 0
694 10.02647058822122 0.3036980569933673 0
695 10.39411764704676 0.3036980569933673 0
696 10.7617647058723 0.3036980569933673 0
697 11.12941176469784 0.3036980569933673 0
698 11.49705882352338 0.3036980569933673 0
699 11.86470588234892 0.3036980569933673 0
700 12.23235294117446 0.3036980569933673 0
701 0.4676470588220831 0.3086004571733593 0
702 0.8352941176440735 0.3086004571733593 0
703 1.202941176466294 0.3086004571733593 0
704 1.570588235288565 0.3086004571733593 0
705 1.938235294110352 0.3086004571733593 0
706 2.305882352931972 0.3086004571733593 0
707 2.673529411753592 0.3086004571733592 0
708 3.041176470575212 0.3086004571733593 0
709 3.408823529396834 0.3086004571733593 0
710 3.776470588218455 0.3086004571733593 0
711 4.144117647040392 0.3086004571733593 0
712 4.511764705863322 0.3086004571733593 0
713 4.87941176468625 0.3086004571733593 0
714 5.247058823509176 0.3086004571733593 0
715 5.614705882332104 0.3086004571733593 0
716 5.982352941155032 0.3086004571733593 0
717 6.34999999997796 0.3086004571733593 0
718 6.717647058800889 0.3086004571733593 0
719 7.085294117623817 0.3086004571733593 0
720 7.452941176446743 0.3086004571733593 0
721 7.820588235269671 0.3086004571733593 0
722 8.188235294093518 0.3086004571733593 0
723 8.555882352919054 0.3086004571733593 0
724 8.9235294117446 0.3086004571733593 0
725 9.291176470570134 0.3086004571733593 0
726 9.658823529395679 0.3086004571733593 0
727 10.02647058822122 0.3086004571733593 0
728 10.39411764704676 0.3086004571733593 0
729 10.7617647058723 0.3086004571733593 0
730 11.12941176469784 0.3086004571733593 0
731 11.49705882352338 0.3086004571733593 0
732 11.86470588234892 0.3086004571733593 0
733 12.23235294117446 0.3086004571733593 0
734 0.4676470588220831 0.3150532385445836 0
735 0.8352941176440735 0.3150532385445834 0
736 1.202941176466295 0.3150532385445833 0
737 1.570588235288566 0.3150532385445836 0
738 1.938235294110352 0.3150532385445834 0
739 2.305882352931972 0.3150532385445836 0
740 2.673529411753593 0.3150532385445835 0
741 3.041176470575213 0.3150532385445834 0
742 3.408823529396834 0.3150532385445834 0
743 3.776470588218455 0.3150532385445836 0
744 4.144117647040392 0.3150532385445834 0
745 4.511764705863322 0.3150532385445834 0
746 4.87941176468625 0.3150532385445835 0
747 5.247058823509176 0.3150532385445834 0
748 5.614705882332106 0.3150532385445834 0
749 5.982352941155032 0.3150532385445834 0
750 6.349999999977961 0.3150532385445835 0
751 6.717647058800887 0.3150532385445835 0
752 7.085294117623816 0.3150532385445834 0
753 7.452941176446744 0.3150532385445834 0
754 7.820588235269673 0.3150532385445836 0
755 8.188235294093518 0.3150532385445836 0
756 8.555882352919056 0.3150532385445836 0
757 8.923529411744594 0.3150532385445835 0
758 9.291176470570139 0.3150532385445834 0
759 9.658823529395679 0.3150532385445836 0
760 10.02647058822122 0.3150532385445834 0
761 10.39411764704676 0.3150532385445834 0
762 10.7617647058723 0.3150532385445834 0
763 11.12941176469784 0.3150532385445834 0
764 11.49705882352338 0.3150532385445834 0
765 11.86470588234892 0.3150532385445836 0
766 12.23235294117446 0.3150532385445834 0
767 0.4676470588220831 0.3234674559464929 0
768 0.8352941176440737 0.3234674559464929 0
769 1.202941176466295 0.3234674559464929 0
770 1.570588235288566 0.3234674559464928 0
771 1.938235294110352 0.3234674559464928 0
772 2.305882352931972 0.3234674559464928 0
773 2.673529411753592 0.3234674559464929 0
774 3.041176470575213 0.3234674559464928 0
775 3.408823529396834 0.3234674559464928 0
776 3.776470588218455 0.323467455946493 0
777 4.144117647040392 0.3234674559464929 0
778 4.511764705863322 0.323467455946493 0
779 4.87941176468625 0.3234674559464929 0
780 5.247058823509176 0.323467455946493 0
781 5.614705882332107 0.323467455946493 0
782 5.982352941155032 0.3234674559464929 0
783 6.349999999977961 0.3234674559464929 0
784 6.717647058800888 0.3234674559464929 0
785 7.085294117623818 0.323467455946493 0
786 7.452941176446743 0.3234674559464929 0
787 7.820588235269673 0.3234674559464929 0
788 8.188235294093518 0.3234674559464928 0
789 8.555882352919056 0.3234674559464929 0
790 8.923529411744598 0.3234674559464929 0
791 9.291176470570138 0.3234674559464928 0
792 9.658823529395679 0.3234674559464929 0
793 10.02647058822122 0.3234674559464929 0
794 10.39411764704676 0.3234674559464929 0
795 10.7617647058723 0.3234674559464929 0
796 11.12941176469784 0.3234674559464929 0
797 11.49705882352339 0.3234674559464928 0
798 11.86470588234892 0.3234674559464929 0
799 12.23235294117446 0.3234674559464929 0
800 0.4676470588220831 0.33430619539796 0
801 0.8352941176440736 0.33430619539796 0
802 1.202941176466295 0.33430619539796 0
803 1.570588235288565 0.33430619539796 0
804 1.938235294110352 0.33430619539796 0
805 2.305882352931972 0.33430619539796 0
806 2.673529411753592 0.33430619539796 0
807 3.041176470575213 0.33430619539796 0
808 3.408823529396834 0.33430619539796 0
809 3.776470588218456 0.33430619539796 0
810 4.144117647040392 0.33430619539796 0
811 4.511764705863321 0.33430619539796 0
812 4.87941176468625 0.33430619539796 0
813 5.247058823509176 0.33430619539796 0
814 5.614705882332106 0.33430619539796 0
815 5.982352941155033 0.33430619539796 0
816 6.34999999997796 0.33430619539796 0
817 6.717647058800888 0.33430619539796 0
818 7.085294117623817 0.33430619539796 0
819 7.452941176446743 0.33430619539796 0
820 7.820588235269672 0.33430619539796 0
821 8.188235294093518 0.33430619539796 0
822 8.555882352919054 0.33430619539796 0
823 8.923529411744603 0.33430619539796 0
824 9.291176470570136 0.33430619539796 0
825 9.658823529395677 0.33430619539796 0
826 10.02647058822122 0.33430619539796 0
827 10.39411764704676 0.33430619539796 0
828 10.7617647058723 0.33430619539796 0
829 11.12941176469784 0.33430619539796 0
830 11.49705882352338 0.33430619539796 0
831 11.86470588234892 0.33430619539796 0
832 12.23235294117446 0.33430619539796 0
833 0.4676470588220831 0.348050614930252 0
834 0.8352941176440734 0.348050614930252 0
835 1.202941176466295 0.3480506149302519 0
836 1.570588235288566 0.3480506149302519 0
837 1.938235294110352 0.3480506149302519 0
838 2.305882352931972 0.3480506149302519 0
839 2.673529411753592 0.3480506149302519 0
840 3.041176470575213 0.3480506149302519 0
841 3.408823529396834 0.3480506149302519 0
842 3.776470588218455 0.3480506149302519 0
843 4.144117647040392 0.3480506149302519 0
844 4.511764705863321 0.3480506149302519 0
845 4.87941176468625 0.3480506149302519 0
846 5.247058823509176 0.3480506149302519 0
847 5.614705882332107 0.348050614930252 0
848 5.982352941155032 0.3480506149302519 0
849 6.34999999997796 0.3480506149302519 0
850 6.717647058800888 0.3480506149302519 0
851 7.085294117623817 0.3480506149302519 0
852 7.452941176446743 0.3480506149302519 0
853 7.820588235269671 0.3480506149302519 0
854 8.188235294093518 0.3480506149302519 0
855 8.555882352919054 0.3480506149302519 0
856 8.9235294117446 0.3480506149302519 0
857 9.291176470570134 0.3480506149302519 0
858 9.658823529395679 0.3480506149302519 0
859 10.02647058822122 0.3480506149302519 0
860 10.39411764704676 0.3480506149302519 0
861 10.7617647058723 0.3480506149302519 0
862 11.12941176469784 0.3480506149302519 0
863 11.49705882352338 0.3480506149302519 0
864 11.86470588234892 0.3480506149302519 0
865 12.23235294117446 0.3480506149302519 0
866 0.4676470588220831 0.3651368771530119 0
867 0.8352941176440732 0.3651368771530121 0
868 1.202941176466294 0.365136877153012 0
869 1.570588235288565 0.365136877153012 0
870 1.938235294110352 0.3651368771530119 0
871 2.305882352931972 0.365136877153012 0
872 2.673529411753592 0.365136877153012 0
873 3.041176470575213 0.3651368771530121 0
874 3.408823529396834 0.3651368771530119 0
875 3.776470588218456 0.365136877153012 0
876 4.144117647040392 0.3651368771530121 0
877 4.511764705863322 0.365136877153012 0
878 4.87941176468625 0.365136877153012 0
879 5.247058823509176 0.3651368771530121 0
880 5.614705882332106 0.3651368771530121 0
881 5.982352941155032 0.365136877153012 0
882 6.349999999977961 0.365136877153012 0
883 6.717647058800888 0.365136877153012 0
884 7.085294117623816 0.365136877153012 0
885 7.452941176446743 0.365136877153012 0
886 7.820588235269672 0.365136877153012 0
887 8.18823529409352 0.365136877153012 0
888 8.555882352919054 0.365136877153012 0
889 8.923529411744598 0.365136877153012 0
890 9.291176470570138 0.365136877153012 0
891 9.658823529395677 0.365136877153012 0
892 10.02647058822122 0.365136877153012 0
893 10.39411764704676 0.365136877153012 0
894 10.7617647058723 0.365136877153012 0
895 11.12941176469784 0.365136877153012 0
896 11.49705882352338 0.365136877153012 0
897 11.86470588234892 0.365136877153012 0
898 12.23235294117446 0.365136877153012 0
899 0.467647058822083 0.3858606517267108 0
900 0.8352941176440735 0.3858606517267107 0
901 1.202941176466295 0.3858606517267109 0
902 1.570588235288565 0.3858606517267108 0
903 1.938235294110352 0.3858606517267107 0
904 2.305882352931972 0.3858606517267108 0
905 2.673529411753592 0.3858606517267108 0
906 3.041176470575214 0.3858606517267108 0
907 3.408823529396834 0.3858606517267108 0
908 3.776470588218455 0.3858606517267108 0
909 4.144117647040392 0.3858606517267108 0
910 4.511764705863322 0.3858606517267108 0
911 4.87941176468625 0.3858606517267108 0
912 5.247058823509176 0.3858606517267108 0
913 5.614705882332106 0.3858606517267108 0
914 5.982352941155032 0.3858606517267108 0
915 6.349999999977961 0.3858606517267108 0
916 6.717647058800888 0.3858606517267108 0
917 7.085294117623817 0.3858606517267108 0
918 7.452941176446743 0.3858606517267108 0
919 7.820588235269672 0.3858606517267108 0
920 8.188235294093518 0.3858606517267108 0
921 8.555882352919056 0.3858606517267108 0
922 8.923529411744598 0.3858606517267108 0
923 9.291176470570138 0.3858606517267108 0
924 9.658823529395679 0.3858606517267108 0
925 10.02647058822122 0.3858606517267108 0
926 10.39411764704676 0.3858606517267108 0
927 10.7617647058723 0.3858606517267108 0
928 11.12941176469784 0.3858606517267108 0
929 11.49705882352338 0.3858606517267108 0
930 11.86470588234892 0.3858606517267108 0
931 12.23235294117446 0.3858606517267108 0
932 0.4676470588220831 0.4102582768085946 0
933 0.8352941176440734 0.4102582768085946 0
934 1.202941176466295 0.4102582768085946 0
935 1.570588235288565 0.4102582768085946 0
936 1.938235294110352 0.4102582768085947 0
937 2.305882352931972 0.4102582768085947 0
938 2.673529411753592 0.4102582768085946 0
939 3.041176470575212 0.4102582768085946 0
940 3.408823529396834 0.4102582768085947 0
941 3.776470588218457 0.4102582768085946 0
942 4.144117647040392 0.4102582768085946 0
943 4.511764705863322 0.4102582768085946 0
944 4.87941176468625 0.4102582768085946 0
945 5.247058823509176 0.4102582768085946 0
946 5.614705882332106 0.4102582768085947 0
947 5.982352941155032 0.4102582768085946 0
948 6.349999999977961 0.4102582768085946 0
949 6.717647058800888 0.4102582768085946 0
950 7.085294117623816 0.4102582768085946 0
951 7.452941176446743 0.4102582768085946 0
952 7.820588235269671 0.4102582768085946 0
953 8.188235294093518 0.4102582768085946 0
954 8.555882352919056 0.4102582768085946 0
955 8.9235294117446 0.4102582768085946 0
956 9.291176470570139 0.4102582768085946 0
957 9.658823529395679 0.4102582768085946 0
958 10.02647058822122 0.4102582768085946 0
959 10.39411764704676 0.4102582768085946 0
960 10.7617647058723 0.4102582768085946 0
961 11.12941176469784 0.4102582768085946 0
962 11.49705882352338 0.4102582768085946 0
963 11.86470588234892 0.4102582768085946 0
964 12.23235294117446 0.4102582768085946 0
965 0.4676470588220831 0.4379933028297767 0
966 0.8352941176440737 0.4379933028297767 0
967 1.202941176466295 0.4379933028297767 0
968 1.570588235288565 0.4379933028297766 0
969 1.938235294110352 0.4379933028297767 0
970 2.305882352931972 0.4379933028297767 0
971 2.673529411753592 0.4379933028297767 0
972 3.041176470575214 0.4379933028297767 0
973 3.408823529396834 0.4379933028297766 0
974 3.776470588218455 0.4379933028297767 0
975 4.144117647040392 0.4379933028297767 0
976 4.511764705863321 0.4379933028297766 0
977 4.87941176468625 0.4379933028297766 0
978 5.247058823509175 0.4379933028297766 0
979 5.614705882332105 0.4379933028297767 0
980 5.982352941155034 0.4379933028297766 0
981 6.34999999997796 0.4379933028297767 0
982 6.717647058800888 0.4379933028297767 0
983 7.085294117623817 0.4379933028297767 0
984 7.452941176446743 0.4379933028297767 0
985 7.820588235269671 0.4379933028297767 0
986 8.188235294093518 0.4379933028297767 0
987 8.555882352919054 0.4379933028297767 0
988 8.923529411744598 0.4379933028297766 0
989 9.291176470570139 0.4379933028297767 0
990 9.658823529395677 0.4379933028297767 0
991 10.02647058822122 0.4379933028297767 0
992 10.39411764704676 0.4379933028297767 0
993 10.7617647058723 0.4379933028297767 0
994 11.12941176469784 0.4379933028297767 0
995 11.49705882352338 0.4379933028297768 0
996 11.86470588234892 0.4379933028297767 0
997 12.23235294117446 0.4379933028297767 0
998 0.467647058822083 0.4682954657375284 0
999 0.8352941176440734 0.4682954657375285 0
1000 1.202941176466295 0.4682954657375285 0
1001 1.570588235288566 0.4682954657375284 0
1002 1.938235294110352 0.4682954657375286 0
1003 2.305882352931973 0.4682954657375283 0
1004 2.673529411753592 0.4682954657375284 0
1005 3.041176470575213 0.4682954657375284 0
1006 3.408823529396834 0.4682954657375284 0
1007 3.776470588218456 0.4682954657375286 0
1008 4.144117647040392 0.4682954657375284 0
1009 4.511764705863321 0.4682954657375283 0
1010 4.87941176468625 0.4682954657375284 0
1011 5.247058823509176 0.4682954657375285 0
1012 5.614705882332106 0.4682954657375284 0
1013 5.982352941155031 0.4682954657375284 0
1014 6.34999999997796 0.4682954657375286 0
1015 6.717647058800887 0.4682954657375284 0
1016 7.085294117623817 0.4682954657375284 0
1017 7.452941176446743 0.4682954657375284 0
1018 7.820588235269671 0.4682954657375284 0
1019 8.18823529409352 0.4682954657375284 0
1020 8.555882352919054 0.4682954657375284 0
1021 8.923529411744598 0.4682954657375284 0
1022 9.291176470570139 0.4682954657375284 0
1023 9.658823529395679 0.4682954657375284 0
1024 10.02647058822122 0.4682954657375284 0
1025 10.39411764704676 0.4682954657375284 0
1026 10.7617647058723 0.4682954657375284 0
1027 11.12941176469784 0.4682954657375284 0
1028 11.49705882352338 0.4682954657375284 0
1029 11.86470588234892 0.4682954657375284 0
1030 12.23235294117446 0.4682954657375284 0
1031 0.4676470588220831 0.4999999999990373 0
1032 0.8352941176440734 0.4999999999990373 0
1033 1.202941176466295 0.4999999999990372 0
1034 1.570588235288565 0.4999999999990373 0
1035 1.938235294110352 0.4999999999990373 0
1036 2.305882352931972 0.4999999999990374 0
1037 2.673529411753592 0.4999999999990374 0
1038 3.041176470575213 0.4999999999990373 0
1039 3.408823529396834 0.4999999999990373 0
1040 3.776470588218455 0.4999999999990374 0
1041 4.144117647040392 0.4999999999990373 0
1042 4.511764705863322 0.4999999999990374 0
1043 4.87941176468625 0.4999999999990373 0
1044 5.247058823509176 0.4999999999990373 0
1045 5.614705882332106 0.4999999999990373 0
1046 5.982352941155032 0.4999999999990373 0
1047 6.349999999977961 0.4999999999990373 0
1048 6.717647058800888 0.4999999999990373 0
1049 7.085294117623817 0.4999999999990374 0
1050 7.452941176446743 0.4999999999990373 0
1051 7.820588235269671 0.4999999999990374 0
1052 8.188235294093518 0.4999999999990374 0
1053 8.555882352919056 0.4999999999990373 0
1054 8.9235294117446 0.4999999999990374 0
1055 9.291176470570138 0.4999999999990373 0
1056 9.658823529395679 0.4999999999990374 0
1057 10.02647058822122 0.4999999999990374 0
1058 10.39411764704676 0.4999999999990374 0
1059 10.7617647058723 0.4999999999990373 0
1060 11.12941176469784 0.4999999999990373 0
1061 11.49705882352338 0.4999999999990372 0
1062 11.86470588234892 0.4999999999990373 0
1063 12.23235294117446 0.4999999999990374 0
1064 0.4676470588220831 0.5317045342607623 0
1065 0.8352941176440735 0.5317045342607623 0
1066 1.202941176466295 0.5317045342607623 0
1067 1.570588235288565 0.5317045342607623 0
1068 1.938235294110352 0.5317045342607621 0
1069 2.305882352931972 0.5317045342607623 0
1070 2.673529411753592 0.5317045342607623 0
1071 3.041176470575213 0.5317045342607621 0
1072 3.408823529396834 0.5317045342607623 0
1073 3.776470588218454 0.5317045342607623 0
1074 4.144117647040392 0.5317045342607624 0
1075 4.511764705863322 0.5317045342607623 0
1076 4.87941176468625 0.5317045342607621 0
1077 5.247058823509176 0.5317045342607623 0
1078 5.614705882332107 0.5317045342607623 0
1079 5.982352941155032 0.5317045342607623 0
1080 6.34999999997796 0.5317045342607621 0
1081 6.717647058800889 0.5317045342607623 0
1082 7.085294117623817 0.5317045342607623 0
1083 7.452941176446743 0.5317045342607623 0
1084 7.820588235269672 0.5317045342607623 0
1085 8.188235294093518 0.5317045342607623 0
1086 8.555882352919056 0.5317045342607623 0
1087 8.923529411744598 0.5317045342607623 0
1088 9.291176470570138 0.5317045342607623 0
1089 9.658823529395679 0.5317045342607623 0
1090 10.02647058822122 0.5317045342607621 0
1091 10.39411764704676 0.5317045342607623 0
1092 10.7617647058723 0.5317045342607623 0
1093 11.12941176469784 0.5317045342607623 0
1094 11.49705882352338 0.5317045342607623 0
1095 11.86470588234892 0.5317045342607623 0
1096 12.23235294117446 0.5317045342607623 0
1097 0.4676470588220831 0.5620066971687889 0
1098 0.8352941176440732 0.5620066971687893 0
1099 1.202941176466295 0.5620066971687891 0
1100 1.570588235288566 0.5620066971687891 0
1101 1.938235294110352 0.5620066971687891 0
1102 2.305882352931972 0.5620066971687891 0
1103 2.673529411753592 0.5620066971687891 0
1104 3.041176470575213 0.5620066971687891 0
1105 3.408823529396834 0.5620066971687891 0
1106 3.776470588218455 0.5620066971687891 0
1107 4.144117647040392 0.5620066971687891 0
1108 4.511764705863322 0.5620066971687891 0
1109 4.87941176468625 0.5620066971687891 0
1110 5.247058823509176 0.5620066971687893 0
1111 5.614705882332106 0.5620066971687891 0
1112 5.982352941155032 0.5620066971687891 0
1113 6.34999999997796 0.562006697168789 0
1114 6.717647058800888 0.5620066971687891 0
1115 7.085294117623816 0.5620066971687891 0
1116 7.452941176446743 0.562006697168789 0
1117 7.820588235269672 0.5620066971687891 0
1118 8.188235294093518 0.5620066971687891 0
1119 8.555882352919056 0.5620066971687891 0
1120 8.9235294117446 0.5620066971687891 0
1121 9.291176470570138 0.5620066971687891 0
1122 9.658823529395679 0.562006697168789 0
1123 10.02647058822122 0.5620066971687891 0
1124 10.39411764704676 0.5620066971687891 0
1125 10.7617647058723 0.5620066971687891 0
1126 11.12941176469784 0.5620066971687891 0
1127 11.49705882352338 0.5620066971687891 0
1128 11.86470588234892 0.5620066971687891 0
1129 12.23235294117446 0.5620066971687891 0
1130 0.4676470588220831 0.5897417231902651 0
1131 0.8352941176440736 0.5897417231902652 0
1132 1.202941176466295 0.589741723190265 0
1133 1.570588235288565 0.5897417231902651 0
1134 1.938235294110352 0.589741723190265 0
1135 2.305882352931972 0.5897417231902651 0
1136 2.673529411753592 0.5897417231902651 0
1137 3.041176470575213 0.5897417231902649 0
1138 3.408823529396834 0.5897417231902651 0
1139 3.776470588218455 0.5897417231902651 0
1140 4.144117647040392 0.5897417231902651 0
1141 4.511764705863322 0.5897417231902651 0
1142 4.87941176468625 0.5897417231902651 0
1143 5.247058823509176 0.5897417231902651 0
1144 5.614705882332106 0.5897417231902651 0
1145 5.982352941155032 0.5897417231902652 0
1146 6.349999999977961 0.5897417231902651 0
1147 6.717647058800887 0.589741723190265 0
1148 7.085294117623816 0.5897417231902651 0
1149 7.452941176446743 0.5897417231902651 0
1150 7.820588235269673 0.5897417231902651 0
1151 8.188235294093518 0.5897417231902651 0
1152 8.555882352919056 0.5897417231902651 0
1153 8.9235294117446 0.5897417231902651 0
1154 9.291176470570138 0.5897417231902651 0
1155 9.658823529395679 0.589741723190265 0
1156 10.02647058822122 0.5897417231902651 0
1157 10.39411764704676 0.5897417231902651 0
1158 10.7617647058723 0.589741723190265 0
1159 11.12941176469784 0.5897417231902651 0
1160 11.49705882352338 0.5897417231902652 0
1161 11.86470588234892 0.5897417231902651 0
1162 12.23235294117446 0.5897417231902651 0
1163 0.4676470588220831 0.6141393482724309 0
1164 0.8352941176440735 0.6141393482724309 0
1165 1.202941176466295 0.6141393482724311 0
1166 1.570588235288566 0.6141393482724308 0
1167 1.938235294110352 0.6141393482724309 0
1168 2.305882352931972 0.614139348272431 0
1169 2.673529411753592 0.6141393482724308 0
1170 3.041176470575213 0.6141393482724308 0
1171 3.408823529396834 0.6141393482724309 0
1172 3.776470588218456 0.614139348272431 0
1173 4.144117647040392 0.6141393482724308 0
1174 4.511764705863322 0.6141393482724309 0
1175 4.87941176468625 0.6141393482724309 0
1176 5.247058823509176 0.614139348272431 0
1177 5.614705882332106 0.6141393482724309 0
1178 5.982352941155032 0.6141393482724309 0
1179 6.34999999997796 0.6141393482724309 0
1180 6.717647058800888 0.6141393482724309 0
1181 7.085294117623817 0.6141393482724308 0
1182 7.452941176446743 0.6141393482724309 0
1183 7.820588235269672 0.6141393482724309 0
1184 8.188235294093518 0.6141393482724309 0
1185 8.555882352919056 0.6141393482724308 0
1186 8.9235294117446 0.6141393482724309 0
1187 9.291176470570138 0.6141393482724309 0
1188 9.658823529395679 0.6141393482724309 0
1189 10.02647058822122 0.6141393482724308 0
1190 10.39411764704676 0.6141393482724308 0
1191 10.7617647058723 0.6141393482724308 0
1192 11.12941176469784 0.6141393482724309 0
1193 11.49705882352338 0.6141393482724309 0
1194 11.86470588234892 0.6141393482724309 0
1195 12.23235294117445 0.6141393482724309 0
1196 0.4676470588220831 0.6348631228463757 0
1197 0.8352941176440735 0.6348631228463756 0
1198 1.202941176466295 0.6348631228463754 0
1199 1.570588235288566 0.6348631228463754 0
1200 1.938235294110352 0.6348631228463757 0
1201 2.305882352931972 0.6348631228463755 0
1202 2.673529411753592 0.6348631228463754 0
1203 3.041176470575212 0.6348631228463755 0
1204 3.408823529396834 0.6348631228463755 0
1205 3.776470588218456 0.6348631228463755 0
1206 4.144117647040392 0.6348631228463756 0
1207 4.511764705863322 0.6348631228463755 0
1208 4.87941176468625 0.6348631228463755 0
1209 5.247058823509175 0.6348631228463755 0
1210 5.614705882332106 0.6348631228463755 0
1211 5.982352941155032 0.6348631228463755 0
1212 6.34999999997796 0.6348631228463755 0
1213 6.717647058800889 0.6348631228463755 0
1214 7.085294117623816 0.6348631228463755 0
1215 7.452941176446743 0.6348631228463755 0
1216 7.820588235269671 0.6348631228463755 0
1217 8.18823529409352 0.6348631228463755 0
1218 8.555882352919056 0.6348631228463755 0
1219 8.9235294117446 0.6348631228463754 0
1220 9.291176470570138 0.6348631228463755 0
1221 9.658823529395679 0.6348631228463754 0
1222 10.02647058822122 0.6348631228463756 0
1223 10.39411764704676 0.6348631228463755 0
1224 10.7617647058723 0.6348631228463755 0
1225 11.12941176469784 0.6348631228463755 0
1226 11.49705882352338 0.6348631228463755 0
1227 11.86470588234892 0.6348631228463755 0
1228 12.23235294117446 0.6348631228463755 0
1229 0.4676470588220831 0.6519493850693323 0
1230 0.8352941176440731 0.6519493850693321 0
1231 1.202941176466295 0.6519493850693323 0
1232 1.570588235288566 0.6519493850693325 0
1233 1.938235294110352 0.6519493850693325 0
1234 2.305882352931972 0.6519493850693321 0
1235 2.673529411753592 0.6519493850693323 0
1236 3.041176470575213 0.6519493850693324 0
1237 3.408823529396834 0.6519493850693324 0
1238 3.776470588218455 0.6519493850693324 0
1239 4.144117647040392 0.6519493850693323 0
1240 4.511764705863322 0.6519493850693322 0
1241 4.87941176468625 0.6519493850693323 0
1242 5.247058823509176 0.6519493850693323 0
1243 5.614705882332106 0.6519493850693323 0
1244 5.982352941155032 0.6519493850693323 0
1245 6.34999999997796 0.6519493850693323 0
1246 6.717647058800887 0.6519493850693323 0
1247 7.085294117623817 0.6519493850693323 0
1248 7.452941176446743 0.6519493850693323 0
1249 7.820588235269671 0.6519493850693323 0
1250 8.188235294093518 0.6519493850693323 0
1251 8.555882352919056 0.6519493850693323 0
1252 8.9235294117446 0.6519493850693323 0
1253 9.291176470570141 0.6519493850693323 0
1254 9.658823529395679 0.6519493850693323 0
1255 10.02647058822122 0.6519493850693323 0
1256 10.39411764704676 0.6519493850693323 0
1257 10.7617647058723 0.6519493850693323 0
1258 11.12941176469784 0.6519493850693324 0
1259 11.49705882352338 0.6519493850693323 0
1260 11.86470588234892 0.6519493850693324 0
1261 12.23235294117446 0.6519493850693323 0
1262 0.4676470588220831 0.6656938046017508 0
1263 0.8352941176440734 0.6656938046017508 0
1264 1.202941176466295 0.6656938046017509 0
1265 1.570588235288565 0.6656938046017509 0
1266 1.938235294110352 0.6656938046017509 0
1267 2.305882352931972 0.6656938046017509 0
1268 2.673529411753592 0.6656938046017505 0
1269 3.041176470575213 0.6656938046017508 0
1270 3.408823529396834 0.6656938046017509 0
1271 3.776470588218456 0.6656938046017509 0
1272 4.144117647040392 0.6656938046017508 0
1273 4.511764705863321 0.6656938046017508 0
1274 4.87941176468625 0.6656938046017508 0
1275 5.247058823509176 0.6656938046017506 0
1276 5.614705882332106 0.6656938046017509 0
1277 5.982352941155032 0.6656938046017508 0
1278 6.34999999997796 0.6656938046017508 0
1279 6.717647058800887 0.6656938046017509 0
1280 7.085294117623816 0.6656938046017508 0
1281 7.452941176446743 0.6656938046017508 0
1282 7.820588235269672 0.6656938046017508 0
1283 8.188235294093518 0.6656938046017509 0
1284 8.555882352919056 0.6656938046017508 0
1285 8.923529411744598 0.6656938046017506 0
1286 9.291176470570138 0.6656938046017508 0
1287 9.658823529395679 0.6656938046017508 0
1288 10.02647058822122 0.6656938046017508 0
1289 10.39411764704676 0.6656938046017508 0
1290 10.7617647058723 0.6656938046017508 0
1291 11.12941176469784 0.6656938046017509 0
1292 11.49705882352338 0.6656938046017508 0
1293 11.86470588234892 0.6656938046017506 0
1294 12.23235294117446 0.6656938046017509 0
1295 0.467647058822083 0.6765325440533171 0
1296 0.8352941176440735 0.6765325440533171 0
1297 1.202941176466295 0.6765325440533173 0
1298 1.570588235288565 0.6765325440533173 0
1299 1.938235294110352 0.6765325440533171 0
1300 2.305882352931972 0.6765325440533171 0
1301 2.673529411753592 0.6765325440533172 0
1302 3.041176470575213 0.6765325440533171 0
1303 3.408823529396834 0.6765325440533171 0
1304 3.776470588218455 0.6765325440533172 0
1305 4.144117647040392 0.6765325440533172 0
1306 4.511764705863321 0.6765325440533173 0
1307 4.87941176468625 0.6765325440533172 0
1308 5.247058823509176 0.6765325440533174 0
1309 5.614705882332106 0.6765325440533174 0
1310 5.982352941155032 0.6765325440533172 0
1311 6.349999999977961 0.6765325440533171 0
1312 6.717647058800889 0.6765325440533171 0
1313 7.085294117623816 0.6765325440533171 0
1314 7.452941176446743 0.6765325440533171 0
1315 7.820588235269672 0.6765325440533171 0
1316 8.188235294093518 0.676532544053317 0
1317 8.555882352919056 0.6765325440533171 0
1318 8.923529411744596 0.6765325440533171 0
1319 9.291176470570138 0.6765325440533173 0
1320 9.658823529395681 0.6765325440533171 0
1321 10.02647058822122 0.6765325440533171 0
1322 10.39411764704676 0.6765325440533171 0
1323 10.7617647058723 0.6765325440533172 0
1324 11.12941176469784 0.6765325440533172 0
1325 11.49705882352338 0.6765325440533171 0
1326 11.86470588234892 0.6765325440533171 0
1327 12.23235294117446 0.6765325440533172 0
1328 0.4676470588220831 0.684946761455302 0
1329 0.8352941176440734 0.6849467614553021 0
1330 1.202941176466295 0.6849467614553019 0
1331 1.570588235288566 0.6849467614553019 0
1332 1.938235294110352 0.684946761455302 0
1333 2.305882352931972 0.684946761455302 0
1334 2.673529411753592 0.684946761455302 0
1335 3.041176470575213 0.6849467614553021 0
1336 3.408823529396834 0.6849467614553019 0
1337 3.776470588218455 0.684946761455302 0
1338 4.144117647040392 0.6849467614553019 0
1339 4.511764705863322 0.684946761455302 0
1340 4.87941176468625 0.6849467614553021 0
1341 5.247058823509175 0.684946761455302 0
1342 5.614705882332106 0.684946761455302 0
1343 5.982352941155032 0.684946761455302 0
1344 6.34999999997796 0.684946761455302 0
1345 6.717647058800888 0.6849467614553019 0
1346 7.085294117623817 0.6849467614553021 0
1347 7.452941176446743 0.6849467614553019 0
1348 7.820588235269672 0.6849467614553019 0
1349 8.188235294093518 0.684946761455302 0
1350 8.555882352919056 0.684946761455302 0
1351 8.923529411744598 0.6849467614553021 0
1352 9.291176470570136 0.684946761455302 0
1353 9.658823529395681 0.684946761455302 0
1354 10.02647058822122 0.684946761455302 0
1355 10.39411764704676 0.6849467614553021 0
1356 10.7617647058723 0.6849467614553019 0
1357 11.12941176469784 0.6849467614553021 0
1358 11.49705882352338 0.684946761455302 0
1359 11.86470588234892 0.684946761455302 0
1360 12.23235294117446 0.684946761455302 0
1361 0.4676470588220831 0.6913995428265794 0
1362 0.8352941176440734 0.6913995428265797 0
1363 1.202941176466295 0.6913995428265798 0
1364 1.570588235288565 0.6913995428265794 0
1365 1.938235294110352 0.6913995428265797 0
1366 2.305882352931972 0.6913995428265794 0
1367 2.673529411753593 0.6913995428265796 0
1368 3.041176470575212 0.6913995428265798 0
1369 3.408823529396833 0.6913995428265796 0
1370 3.776470588218455 0.6913995428265796 0
1371 4.144117647040392 0.6913995428265794 0
1372 4.511764705863322 0.6913995428265798 0
1373 4.87941176468625 0.6913995428265797 0
1374 5.247058823509175 0.6913995428265794 0
1375 5.614705882332106 0.6913995428265794 0
1376 5.982352941155033 0.6913995428265797 0
1377 6.34999999997796 0.6913995428265794 0
1378 6.717647058800888 0.6913995428265798 0
1379 7.085294117623816 0.6913995428265793 0
1380 7.452941176446743 0.6913995428265797 0
1381 7.820588235269672 0.6913995428265794 0
1382 8.188235294093518 0.6913995428265796 0
1383 8.555882352919056 0.6913995428265797 0
1384 8.923529411744596 0.6913995428265794 0
1385 9.291176470570138 0.6913995428265796 0
1386 9.658823529395679 0.6913995428265794 0
1387 10.02647058822122 0.6913995428265796 0
1388 10.39411764704676 0.6913995428265794 0
1389 10.7617647058723 0.6913995428265794 0
1390 11.12941176469784 0.6913995428265796 0
1391 11.49705882352338 0.6913995428265796 0
1392 11.86470588234892 0.6913995428265794 0
1393 12.23235294117446 0.6913995428265794 0
1394 0.4676470588220831 0.6963019430066091 0
1395 0.8352941176440735 0.6963019430066092 0
1396 1.202941176466295 0.6963019430066093 0
1397 1.570588235288566 0.6963019430066091 0
1398 1.938235294110352 0.6963019430066091 0
1399 2.305882352931972 0.6963019430066092 0
1400 2.673529411753593 0.696301943006609 0
1401 3.041176470575212 0.6963019430066091 0
1402 3.408823529396834 0.6963019430066092 0
1403 3.776470588218455 0.6963019430066091 0
1404 4.144117647040392 0.6963019430066092 0
1405 4.511764705863321 0.696301943006609 0
1406 4.87941176468625 0.6963019430066091 0
1407 5.247058823509176 0.6963019430066092 0
1408 5.614705882332105 0.6963019430066091 0
1409 5.982352941155032 0.6963019430066091 0
1410 6.34999999997796 0.6963019430066091 0
1411 6.717647058800888 0.6963019430066091 0
1412 7.085294117623816 0.6963019430066091 0
1413 7.452941176446743 0.6963019430066091 0
1414 7.820588235269671 0.6963019430066091 0
1415 8.188235294093518 0.6963019430066091 0
1416 8.555882352919056 0.6963019430066091 0
1417 8.923529411744598 0.6963019430066092 0
1418 9.291176470570138 0.6963019430066091 0
1419 9.658823529395679 0.6963019430066092 0
1420 10.02647058822122 0.6963019430066091 0
1421 10.39411764704676 0.696301943006609 0
1422 10.7617647058723 0.696301943006609 0
1423 11.12941176469784 0.696301943006609 0
1424 11.49705882352338 0.6963019430066091 0
1425 11.86470588234892 0.6963019430066091 0
1426 12.23235294117446 0.6963019430066092 0
1427 0.4676470588220831 0.7034502800251113 0
1428 0.8352941176440735 0.7034502800251115 0
1429 1.202941176466295 0.7034502800251115 0
1430 1.570588235288566 0.7034502800251111 0
1431 1.938235294110352 0.7034502800251112 0
1432 2.305882352931972 0.7034502800251115 0
1433 2.673529411753592 0.7034502800251112 0
1434 3.041176470575212 0.7034502800251112 0
1435 3.408823529396834 0.7034502800251112 0
1436 3.776470588218456 0.7034502800251112 0
1437 4.144117647040392 0.7034502800251113 0
1438 4.511764705863321 0.703450280025111 0
1439 4.87941176468625 0.7034502800251112 0
1440 5.247058823509176 0.7034502800251112 0
1441 5.614705882332107 0.7034502800251112 0
1442 5.982352941155032 0.7034502800251112 0
1443 6.349999999977961 0.7034502800251112 0
1444 6.717647058800887 0.7034502800251112 0
1445 7.085294117623816 0.7034502800251112 0
1446 7.452941176446743 0.7034502800251112 0
1447 7.820588235269673 0.7034502800251113 0
1448 8.188235294093516 0.7034502800251112 0
1449 8.555882352919056 0.7034502800251112 0
1450 8.923529411744598 0.7034502800251112 0
1451 9.291176470570139 0.7034502800251112 0
1452 9.658823529395679 0.7034502800251112 0
1453 10.02647058822122 0.7034502800251112 0
1454 10.39411764704676 0.7034502800251112 0
1455 10.7617647058723 0.7034502800251112 0
1456 11.12941176469784 0.7034502800251113 0
1457 11.49705882352338 0.7034502800251113 0
1458 11.86470588234892 0.7034502800251112 0
1459 12.23235294117446 0.7034502800251112 0
1460 0.4676470588220831 0.7077631298316116 0
1461 0.8352941176440734 0.7077631298316115 0
1462 1.202941176466295 0.7077631298316117 0
1463 1.570588235288565 0.7077631298316118 0
1464 1.938235294110352 0.7077631298316118 0
1465 2.305882352931972 0.7077631298316117 0
1466 2.673529411753592 0.7077631298316118 0
1467 3.041176470575212 0.7077631298316118 0
1468 3.408823529396834 0.7077631298316118 0
1469 3.776470588218456 0.7077631298316118 0
1470 4.144117647040392 0.7077631298316118 0
1471 4.511764705863321 0.7077631298316118 0
1472 4.87941176468625 0.7077631298316118 0
1473 5.247058823509176 0.7077631298316118 0
1474 5.614705882332106 0.7077631298316118 0
1475 5.982352941155031 0.7077631298316118 0
1476 6.349999999977961 0.7077631298316118 0
1477 6.717647058800887 0.7077631298316118 0
1478 7.085294117623816 0.7077631298316118 0
1479 7.452941176446742 0.7077631298316118 0
1480 7.820588235269671 0.7077631298316118 0
1481 8.188235294093518 0.7077631298316118 0
1482 8.555882352919054 0.7077631298316118 0
1483 8.9235294117446 0.7077631298316118 0
1484 9.291176470570138 0.7077631298316118 0
1485 9.658823529395679 0.7077631298316118 0
1486 10.02647058822122 0.7077631298316118 0
1487 10.39411764704676 0.7077631298316118 0
1488 10.7617647058723 0.7077631298316118 0
1489 11.12941176469784 0.7077631298316118 0
1490 11.49705882352338 0.7077631298316118 0
1491 11.86470588234892 0.7077631298316118 0
1492 12.23235294117446 0.7077631298316117 0
1493 0.4676470588220831 0.7131541922750086 0
1494 0.8352941176440734 0.7131541922750086 0
1495 1.202941176466295 0.7131541922750086 0
1496 1.570588235288566 0.7131541922750089 0
1497 1.938235294110352 0.7131541922750086 0
1498 2.305882352931972 0.7131541922750086 0
1499 2.673529411753592 0.713154192275009 0
1500 3.041176470575212 0.7131541922750086 0
1501 3.408823529396834 0.7131541922750086 0
1502 3.776470588218455 0.7131541922750086 0
1503 4.144117647040392 0.7131541922750086 0
1504 4.511764705863322 0.7131541922750086 0
1505 4.87941176468625 0.7131541922750086 0
1506 5.247058823509176 0.7131541922750084 0
1507 5.614705882332106 0.7131541922750086 0
1508 5.982352941155031 0.7131541922750086 0
1509 6.349999999977961 0.7131541922750086 0
1510 6.717647058800888 0.7131541922750086 0
1511 7.085294117623817 0.7131541922750086 0
1512 7.452941176446743 0.7131541922750086 0
1513 7.820588235269671 0.7131541922750086 0
1514 8.188235294093518 0.7131541922750086 0
1515 8.555882352919056 0.7131541922750086 0
1516 8.923529411744598 0.7131541922750086 0
1517 9.291176470570138 0.7131541922750086 0
1518 9.658823529395679 0.7131541922750086 0
1519 10.02647058822122 0.7131541922750086 0
1520 10.39411764704676 0.7131541922750086 0
1521 10.7617647058723 0.7131541922750086 0
1522 11.12941176469784 0.7131541922750086 0
1523 11.49705882352338 0.7131541922750086 0
1524 11.86470588234892 0.7131541922750086 0
1525 12.23235294117446 0.7131541922750088 0
1526 0.4676470588220831 0.7198930200616647 0
1527 0.8352941176440735 0.7198930200616649 0
1528 1.202941176466295 0.7198930200616648 0
1529 1.570588235288565 0.7198930200616648 0
1530 1.938235294110352 0.7198930200616647 0
1531 2.305882352931972 0.7198930200616644 0
1532 2.673529411753592 0.7198930200616647 0
1533 3.041176470575212 0.7198930200616647 0
1534 3.408823529396834 0.7198930200616647 0
1535 3.776470588218455 0.7198930200616647 0
1536 4.144117647040392 0.7198930200616648 0
1537 4.511764705863322 0.7198930200616647 0
1538 4.87941176468625 0.7198930200616647 0
1539 5.247058823509176 0.7198930200616647 0
1540 5.614705882332106 0.7198930200616647 0
1541 5.982352941155032 0.7198930200616647 0
1542 6.349999999977961 0.7198930200616647 0
1543 6.717647058800888 0.7198930200616647 0
1544 7.085294117623818 0.7198930200616647 0
1545 7.452941176446743 0.7198930200616647 0
1546 7.820588235269672 0.7198930200616647 0
1547 8.188235294093518 0.7198930200616647 0
1548 8.555882352919056 0.7198930200616647 0
1549 8.923529411744598 0.7198930200616647 0
1550 9.291176470570138 0.7198930200616647 0
1551 9.658823529395679 0.7198930200616647 0
1552 10.02647058822122 0.7198930200616647 0
1553 10.39411764704676 0.7198930200616647 0
1554 10.7617647058723 0.7198930200616647 0
1555 11.12941176469784 0.7198930200616647 0
1556 11.49705882352338 0.7198930200616647 0
1557 11.86470588234892 0.7198930200616647 0
1558 12.23235294117446 0.7198930200616647 0
1559 0.4676470588220831 0.7283165547473155 0
1560 0.8352941176440734 0.7283165547473155 0
1561 1.202941176466294 0.7283165547473155 0
1562 1.570588235288566 0.7283165547473155 0
1563 1.938235294110352 0.7283165547473155 0
1564 2.305882352931972 0.7283165547473154 0
1565 2.673529411753592 0.7283165547473154 0
1566 3.041176470575212 0.7283165547473156 0
1567 3.408823529396834 0.7283165547473156 0
1568 3.776470588218455 0.7283165547473158 0
1569 4.144117647040392 0.7283165547473154 0
1570 4.511764705863322 0.7283165547473154 0
1571 4.87941176468625 0.7283165547473155 0
1572 5.247058823509175 0.7283165547473156 0
1573 5.614705882332106 0.7283165547473153 0
1574 5.982352941155032 0.7283165547473156 0
1575 6.349999999977961 0.7283165547473154 0
1576 6.717647058800888 0.7283165547473152 0
1577 7.085294117623817 0.7283165547473154 0
1578 7.452941176446743 0.7283165547473154 0
1579 7.820588235269672 0.7283165547473155 0
1580 8.188235294093518 0.7283165547473156 0
1581 8.555882352919054 0.7283165547473155 0
1582 8.9235294117446 0.7283165547473156 0
1583 9.291176470570138 0.7283165547473152 0
1584 9.658823529395679 0.7283165547473155 0
1585 10.02647058822122 0.7283165547473154 0
1586 10.39411764704676 0.7283165547473156 0
1587 10.7617647058723 0.7283165547473155 0
1588 11.12941176469784 0.7283165547473154 0
1589 11.49705882352338 0.7283165547473156 0
1590 11.86470588234892 0.7283165547473156 0
1591 12.23235294117446 0.7283165547473156 0
1592 0.4676470588220831 0.7388459736080186 0
1593 0.8352941176440735 0.738845973608019 0
1594 1.202941176466295 0.7388459736080188 0
1595 1.570588235288566 0.7388459736080187 0
1596 1.938235294110352 0.738845973608019 0
1597 2.305882352931972 0.7388459736080188 0
1598 2.673529411753592 0.7388459736080188 0
1599 3.041176470575212 0.7388459736080187 0
1600 3.408823529396834 0.7388459736080186 0
1601 3.776470588218456 0.7388459736080188 0
1602 4.144117647040392 0.7388459736080187 0
1603 4.511764705863321 0.738845973608019 0
1604 4.87941176468625 0.7388459736080187 0
1605 5.247058823509177 0.738845973608019 0
1606 5.614705882332106 0.7388459736080187 0
1607 5.982352941155034 0.7388459736080186 0
1608 6.34999999997796 0.7388459736080186 0
1609 6.717647058800887 0.7388459736080188 0
1610 7.085294117623818 0.7388459736080186 0
1611 7.452941176446742 0.7388459736080188 0
1612 7.820588235269671 0.7388459736080186 0
1613 8.188235294093518 0.7388459736080186 0
1614 8.555882352919056 0.7388459736080187 0
1615 8.923529411744598 0.7388459736080188 0
1616 9.291176470570138 0.7388459736080191 0
1617 9.658823529395677 0.738845973608019 0
1618 10.02647058822122 0.7388459736080188 0
1619 10.39411764704676 0.7388459736080188 0
1620 10.7617647058723 0.7388459736080188 0
1621 11.12941176469784 0.7388459736080188 0
1622 11.49705882352338 0.7388459736080188 0
1623 11.86470588234892 0.7388459736080188 0
1624 12.23235294117446 0.738845973608019 0
1625 0.4676470588220831 0.7520077468874733 0
1626 0.8352941176440735 0.752007746887473 0
1627 1.202941176466295 0.7520077468874734 0
1628 1.570588235288565 0.7520077468874731 0
1629 1.938235294110352 0.7520077468874734 0
1630 2.305882352931972 0.7520077468874733 0
1631 2.673529411753592 0.7520077468874731 0
1632 3.041176470575213 0.7520077468874732 0
1633 3.408823529396834 0.7520077468874733 0
1634 3.776470588218455 0.7520077468874733 0
1635 4.144117647040392 0.7520077468874733 0
1636 4.511764705863321 0.7520077468874728 0
1637 4.87941176468625 0.7520077468874734 0
1638 5.247058823509176 0.7520077468874732 0
1639 5.614705882332107 0.7520077468874731 0
1640 5.982352941155032 0.7520077468874732 0
1641 6.34999999997796 0.7520077468874734 0
1642 6.717647058800888 0.7520077468874732 0
1643 7.085294117623817 0.7520077468874732 0
1644 7.452941176446743 0.7520077468874732 0
1645 7.820588235269672 0.7520077468874732 0
1646 8.188235294093518 0.7520077468874733 0
1647 8.555882352919056 0.7520077468874732 0
1648 8.9235294117446 0.7520077468874732 0
1649 9.291176470570138 0.7520077468874733 0
1650 9.658823529395679 0.7520077468874733 0
1651 10.02647058822122 0.7520077468874732 0
1652 10.39411764704676 0.7520077468874732 0
1653 10.7617647058723 0.7520077468874733 0
1654 11.12941176469784 0.7520077468874733 0
1655 11.49705882352338 0.7520077468874732 0
1656 11.86470588234892 0.7520077468874732 0
1657 12.23235294117446 0.7520077468874732 0
1658 0.4676470588220831 0.768459963109316 0
1659 0.8352941176440736 0.7684599631093159 0
1660 1.202941176466295 0.7684599631093157 0
1661 1.570588235288566 0.7684599631093159 0
1662 1.938235294110352 0.7684599631093157 0
1663 2.305882352931972 0.7684599631093159 0
1664 2.673529411753592 0.7684599631093157 0
1665 3.041176470575212 0.7684599631093159 0
1666 3.408823529396834 0.7684599631093159 0
1667 3.776470588218456 0.768459963109316 0
1668 4.144117647040392 0.768459963109316 0
1669 4.511764705863322 0.7684599631093157 0
1670 4.87941176468625 0.7684599631093159 0
1671 5.247058823509176 0.7684599631093159 0
1672 5.614705882332105 0.7684599631093159 0
1673 5.982352941155032 0.7684599631093159 0
1674 6.34999999997796 0.7684599631093159 0
1675 6.717647058800887 0.7684599631093159 0
1676 7.085294117623817 0.7684599631093159 0
1677 7.452941176446743 0.7684599631093159 0
1678 7.820588235269671 0.7684599631093159 0
1679 8.188235294093518 0.7684599631093159 0
1680 8.555882352919054 0.7684599631093159 0
1681 8.923529411744596 0.7684599631093159 0
1682 9.291176470570138 0.7684599631093159 0
1683 9.658823529395679 0.7684599631093159 0
1684 10.02647058822122 0.7684599631093159 0
1685 10.39411764704676 0.7684599631093159 0
1686 10.7617647058723 0.7684599631093159 0
1687 11.12941176469784 0.7684599631093159 0
1688 11.49705882352338 0.7684599631093159 0
1689 11.86470588234892 0.7684599631093159 0
1690 12.23235294117446 0.7684599631093159 0
1691 0.4676470588220831 0.7890252330636863 0
1692 0.8352941176440736 0.7890252330636862 0
1693 1.202941176466295 0.7890252330636862 0
1694 1.570588235288566 0.7890252330636861 0
1695 1.938235294110352 0.7890252330636862 0
1696 2.305882352931972 0.7890252330636862 0
1697 2.673529411753592 0.7890252330636861 0
1698 3.041176470575212 0.7890252330636863 0
1699 3.408823529396834 0.7890252330636862 0
1700 3.776470588218456 0.7890252330636861 0
1701 4.144117647040392 0.7890252330636862 0
1702 4.511764705863321 0.7890252330636862 0
1703 4.87941176468625 0.7890252330636862 0
1704 5.247058823509176 0.7890252330636862 0
1705 5.614705882332105 0.7890252330636862 0
1706 5.982352941155031 0.7890252330636862 0
1707 6.34999999997796 0.7890252330636861 0
1708 6.717647058800887 0.7890252330636862 0
1709 7.085294117623816 0.7890252330636862 0
1710 7.452941176446743 0.7890252330636862 0
1711 7.820588235269671 0.7890252330636862 0
1712 8.188235294093518 0.7890252330636862 0
1713 8.555882352919054 0.7890252330636862 0
1714 8.923529411744598 0.7890252330636862 0
1715 9.291176470570136 0.7890252330636862 0
1716 9.658823529395679 0.7890252330636862 0
1717 10.02647058822122 0.7890252330636862 0
1718 10.39411764704676 0.7890252330636862 0
1719 10.7617647058723 0.7890252330636861 0
1720 11.12941176469784 0.7890252330636861 0
1721 11.49705882352338 0.7890252330636862 0
1722 11.86470588234892 0.7890252330636862 0
1723 12.23235294117446 0.7890252330636861 0
1724 0.4676470588220831 0.8147318206596108 0
1725 0.8352941176440737 0.8147318206596109 0
1726 1.202941176466295 0.8147318206596109 0
1727 1.570588235288566 0.8147318206596108 0
1728 1.938235294110352 0.8147318206596108 0
1729 2.305882352931972 0.8147318206596106 0
1730 2.673529411753592 0.8147318206596108 0
1731 3.041176470575213 0.8147318206596108 0
1732 3.408823529396834 0.8147318206596108 0
1733 3.776470588218455 0.8147318206596108 0
1734 4.144117647040392 0.8147318206596106 0
1735 4.511764705863322 0.8147318206596106 0
1736 4.87941176468625 0.8147318206596108 0
1737 5.247058823509176 0.8147318206596108 0
1738 5.614705882332105 0.8147318206596108 0
1739 5.982352941155032 0.8147318206596108 0
1740 6.349999999977962 0.8147318206596108 0
1741 6.717647058800888 0.8147318206596108 0
1742 7.085294117623816 0.8147318206596108 0
1743 7.452941176446743 0.8147318206596108 0
1744 7.820588235269672 0.8147318206596108 0
1745 8.188235294093518 0.8147318206596108 0
1746 8.555882352919056 0.8147318206596108 0
1747 8.9235294117446 0.8147318206596108 0
1748 9.291176470570138 0.8147318206596108 0
1749 9.658823529395679 0.8147318206596108 0
1750 10.02647058822122 0.8147318206596108 0
1751 10.39411764704676 0.8147318206596108 0
1752 10.7617647058723 0.8147318206596108 0
1753 11.12941176469784 0.8147318206596108 0
1754 11.49705882352338 0.8147318206596108 0
1755 11.86470588234892 0.8147318206596108 0
1756 12.23235294117446 0.8147318206596108 0
1757 0.4676470588220831 0.8468650552525241 0
1758 0.8352941176440732 0.846865055252524 0
1759 1.202941176466295 0.8468650552525241 0
1760 1.570588235288565 0.8468650552525241 0
1761 1.938235294110352 0.8468650552525243 0
1762 2.305882352931972 0.8468650552525241 0
1763 2.673529411753592 0.8468650552525241 0
1764 3.041176470575213 0.8468650552525241 0
1765 3.408823529396834 0.8468650552525241 0
1766 3.776470588218455 0.8468650552525242 0
1767 4.144117647040392 0.846865055252524 0
1768 4.511764705863322 0.8468650552525242 0
1769 4.87941176468625 0.8468650552525241 0
1770 5.247058823509176 0.8468650552525242 0
1771 5.614705882332106 0.8468650552525239 0
1772 5.982352941155032 0.8468650552525242 0
1773 6.349999999977961 0.8468650552525241 0
1774 6.717647058800889 0.8468650552525241 0
1775 7.085294117623817 0.8468650552525241 0
1776 7.452941176446744 0.8468650552525241 0
1777 7.820588235269671 0.8468650552525241 0
1778 8.18823529409352 0.8468650552525242 0
1779 8.555882352919056 0.8468650552525241 0
1780 8.923529411744596 0.8468650552525241 0
1781 9.291176470570139 0.8468650552525241 0
1782 9.658823529395679 0.8468650552525241 0
1783 10.02647058822122 0.8468650552525241 0
1784 10.39411764704676 0.8468650552525241 0
1785 10.7617647058723 0.8468650552525241 0
1786 11.12941176469784 0.8468650552525241 0
1787 11.49705882352338 0.8468650552525241 0
1788 11.86470588234892 0.8468650552525241 0
1789 12.23235294117446 0.8468650552525241 0
1790 0.4676470588220831 0.887031598181631 0
1791 0.8352941176440731 0.8870315981816307 0
1792 1.202941176466295 0.8870315981816309 0
1793 1.570588235288565 0.8870315981816309 0
1794 1.938235294110352 0.8870315981816309 0
1795 2.305882352931972 0.8870315981816307 0
1796 2.673529411753592 0.8870315981816308 0
1797 3.041176470575213 0.8870315981816308 0
1798 3.408823529396834 0.8870315981816307 0
1799 3.776470588218455 0.8870315981816309 0
1800 4.144117647040392 0.8870315981816307 0
1801 4.511764705863322 0.8870315981816307 0
1802 4.87941176468625 0.8870315981816308 0
1803 5.247058823509175 0.8870315981816307 0
1804 5.614705882332106 0.8870315981816308 0
1805 5.982352941155032 0.8870315981816306 0
1806 6.34999999997796 0.887031598181631 0
1807 6.717647058800889 0.8870315981816308 0
1808 7.085294117623817 0.8870315981816309 0
1809 7.452941176446743 0.8870315981816308 0
1810 7.820588235269673 0.8870315981816308 0
1811 8.18823529409352 0.8870315981816309 0
1812 8.555882352919056 0.8870315981816307 0
1813 8.9235294117446 0.8870315981816307 0
1814 9.291176470570138 0.8870315981816306 0
1815 9.658823529395679 0.8870315981816309 0
1816 10.02647058822122 0.887031598181631 0
1817 10.39411764704676 0.8870315981816312 0
1818 10.7617647058723 0.8870315981816312 0
1819 11.12941176469784 0.887031598181631 0
1820 11.49705882352338 0.8870315981816309 0
1821 11.86470588234892 0.8870315981816309 0
1822 12.23235294117446 0.887031598181631 0
1823 0.4676470588220831 0.9372397767945756 0
1824 0.8352941176440734 0.9372397767945757 0
1825 1.202941176466295 0.9372397767945756 0
1826 1.570588235288566 0.9372397767945756 0
1827 1.938235294110352 0.9372397767945756 0
1828 2.305882352931972 0.9372397767945755 0
1829 2.673529411753592 0.9372397767945756 0
1830 3.041176470575213 0.9372397767945756 0
1831 3.408823529396834 0.9372397767945755 0
1832 3.776470588218455 0.9372397767945758 0
1833 4.144117647040392 0.9372397767945757 0
1834 4.511764705863322 0.9372397767945756 0
1835 4.87941176468625 0.9372397767945757 0
1836 5.247058823509175 0.9372397767945758 0
1837 5.614705882332106 0.9372397767945757 0
1838 5.982352941155032 0.9372397767945756 0
1839 6.34999999997796 0.9372397767945756 0
1840 6.717647058800888 0.9372397767945755 0
1841 7.085294117623816 0.9372397767945754 0
1842 7.452941176446743 0.9372397767945754 0
1843 7.820588235269672 0.9372397767945756 0
1844 8.188235294093518 0.9372397767945754 0
1845 8.555882352919054 0.9372397767945757 0
1846 8.9235294117446 0.9372397767945756 0
1847 9.291176470570138 0.9372397767945758 0
1848 9.658823529395679 0.9372397767945759 0
1849 10.02647058822122 0.9372397767945754 0
1850 10.39411764704676 0.9372397767945754 0
1851 10.7617647058723 0.9372397767945755 0
1852 11.12941176469784 0.9372397767945757 0
1853 11.49705882352338 0.9372397767945756 0
1854 11.86470588234892 0.9372397767945755 0
1855 12.23235294117446 0.9372397767945756 0
$EndNodes
$Elements
1836
1 1 2 101 4 8 68
2 1 2 101 4 68 69
3 1 2 101 4 69 70
4 1 2 101 4 70 71
5 1 2 101 4 71 72
6 1 2 101 4 72 73
7 1 2 101 4 73 74
8 1 2 101 4 74 75
9 1 2 101 4 75 76
10 1 2 101 4 76 77
11 1 2 101 4 77 78
12 1 2 101 4 78 79
13 1 2 101 4 79 80
14 1 2 101 4 80 81
15 1 2 101 4 81 82
16 1 2 101 4 82 83
17 1 2 101 4 83 84
18 1 2 101 4 84 85
19 1 2 101 4 85 86
20 1 2 101 4 86 87
21 1 2 101 4 87 88
22 1 2 101 4 88 89
23 1 2 101 4 89 90
24 1 2 101 4 90 91
25 1 2 101 4 91 92
26 1 2 101 4 92 93
27 1 2 101 4 93 94
28 1 2 101 4 94 95
29 1 2 101 4 95 96
30 1 2 101 4 96 97
31 1 2 101 4 97 98
32 1 2 101 4 98 99
33 1 2 101 4 99 100
34 1 2 101 4 100 3
35 1 2 102 7 7 147
36 1 2 102 7 147 148
37 1 2 102 7 148 149
38 1 2 102 7 149 150
39 1 2 102 7 150 151
40 1 2 102 7 151 152
41 1 2 102 7 152 153
42 1 2 102 7 153 154
43 1 2 102 7 154 155
44 1 2 102 7 155 156
45 1 2 102 7 156 157
46 1 2 102 7 157 158
47 1 2 102 7 158 159
48 1 2 102 7 159 160
49 1 2 102 7 160 161
50 1 2 102 7 161 162
51 1 2 102 7 162 163
52 1 2 102 7 163 164
53 1 2 102 7 164 165
54 1 2 102 7 165 166
55 1 2 102 7 166 167
56 1 2 102 7 167 168
57 1 2 102 7 168 169
58 1 2 102 7 169 170
59 1 2 102 7 170 171
60 1 2 102 7 171 172
61 1 2 102 7 172 173
62 1 2 102 7 173 174
63 1 2 102 7 174 175
64 1 2 102 7 175 176
65 1 2 102 7 176 177
66 1 2 102 7 177 178
67 1 2 102 7 178 179
68 1 2 102 7 179 4
69 3 2 201 1 1 9 239 55
70 3 2 201 1 9 10 240 239
71 3 2 201 1 10 11 241 240
72 3 2 201 1 11 12 242 241
73 3 2 201 1 12 13 243 242
74 3 2 201 1 13 14 244 243
75 3 2 201 1 14 15 245 244
76 3 2 201 1 15 16 246 245
77 3 2 201 1 16 17 247 246
78 3 2 201 1 17 18 248 247
79 3 2 201 1 18 19 249 248
80 3 2 201 1 19 20 250 249
81 3 2 201 1 20 21 251 250
82 3 2 201 1 21 22 252 251
83 3 2 201 1 22 23 253 252
84 3 2 201 1 23 24 254 253
85 3 2 201 1 24 25 255 254
86 3 2 201 1 25 26 256 255
87 3 2 201 1 26 27 257 256
88 3 2 201 1 27 28 258 257
89 3 2 201 1 28 29 259 258
90 3 2 201 1 29 30 260 259
91 3 2 201 1 30 31 261 260
92 3 2 201 1 31 32 262 261
93 3 2 201 1 32 33 263 262
94 3 2 201 1 33 34 264 263
95 3 2 201 1 34 35 265 264
96 3 2 201 1 35 36 266 265
97 3 2 201 1 36 37 267 266
98 3 2 201 1 37 38 268 267
99 3 2 201 1 38 39 269 268
100 3 2 201 1 39 40 270 269
101 3 2 201 1 40 41 271 270
102 3 2 201 1 41 2 42 271
103 3 2 201 1 55 239 272 56
104 3 2 201 1 239 240 273 272
105 3 2 201 1 240 241 274 273
106 3 2 201 1 241 242 275 274
107 3 2 201 1 242 243 276 275
108 3 2 201 1 243 244 277 276
109 3 2 201 1 244 245 278 277
110 3 2 201 1 245 246 279 278
111 3 2 201 1 246 247 280 279
112 3 2 201 1 247 248 281 280
113 3 2 201 1 248 249 282 281
114 3 2 201 1 249 250 283 282
115 3 2 201 1 250 251 284 283
116 3 2 201 1 251 252 285 284
117 3 2 201 1 252 253 286 285
118 3 2 201 1 253 254 287 286
119 3 2 201 1 254 255 288 287
120 3 2 201 1 255 256 289 288
121 3 2 201 1 256 257 290 289
122 3 2 201 1 257 258 291 290
123 3 2 201 1 258 259 292 291
124 3 2 201 1 259 260 293 292
125 3 2 201 1 260 261 294 293
126 3 2 201 1 261 262 295 294
127 3 2 201 1 262 263 296 295
128 3 2 201 1 263 264 297 296
129 3 2 201 1 264 265 298 297
130 3 2 201 1 265 266 299 298
131 3 2 201 1 266 267 300 299
132 3 2 201 1 267 268 301 300
133 3 2 201 1 268 269 302 301
134 3 2 201 1 269 270 303 302
135 3 2 201 1 270 271 304 303
136 3 2 201 1 271 42 43 304
137 3 2 201 1 56 272 305 57
138 3 2 201 1 272 273 306 305
139 3 2 201 1 273 274 307 306
140 3 2 201 1 274 275 308 307
141 3 2 201 1 275 276 309 308
142 3 2 201 1 276 277 310 309
143 3 2 201 1 277 278 311 310
144 3 2 201 1 278 279 312 311
145 3 2 201 1 279 280 313 312
146 3 2 201 1 280 281 314 313
147 3 2 201 1 281 282 315 314
148 3 2 201 1 282 283 316 315
149 3 2 201 1 283 284 317 316
150 3 2 201 1 284 285 318 317
151 3 2 201 1 285 286 319 318
152 3 2 201 1 286 287 320 319
153 3 2 201 1 287 288 321 320
154 3 2 201 1 288 289 322 321
155 3 2 201 1 289 290 323 322
156 3 2 201 1 290 291 324 323
157 3 2 201 1 291 292 325 324
158 3 2 201 1 292 293 326 325
159 3 2 201 1 293 294 327 326
160 3 2 201 1 294 295 328 327
161 3 2 201 1 295 296 329 328
162 3 2 201 1 296 297 330 329
163 3 2 201 1 297 298 331 330
164 3 2 201 1 298 299 332 331
165 3 2 201 1 299 300 333 332
166 3 2 201 1 300 301 334 333
167 3 2 201 1 301 302 335 334
168 3 2 201 1 302 303 336 335
169 3 2 201 1 303 304 337 336
170 3 2 201 1 304 43 44 337
171 3 2 201 1 57 305 338 58
172 3 2 201 1 305 306 339 338
173 3 2 201 1 306 307 340 339
174 3 2 201 1 307 308 341 340
175 3 2 201 1 308 309 342 341
176 3 2 201 1 309 310 343 342
177 3 2 201 1 310 311 344 343
178 3 2 201 1 311 312 345 344
179 3 2 201 1 312 313 346 345
180 3 2 201 1 313 314 347 346
181 3 2 201 1 314 315 348 347
182 3 2 201 1 315 316 349 348
183 3 2 201 1 316 317 350 349
184 3 2 201 1 317 318 351 350
185 3 2 201 1 318 319 352 351
186 3 2 201 1 319 320 353 352
187 3 2 201 1 320 321 354 353
188 3 2 201 1 321 322 355 354
189 3 2 201 1 322 323 356 355
190 3 2 201 1 323 324 357 356
191 3 2 201 1 324 325 358 357
192 3 2 201 1 325 326 359 358
193 3 2 201 1 326 327 360 359
194 3 2 201 1 327 328 361 360
195 3 2 201 1 328 329 362 361
196 3 2 201 1 329 330 363 362
197 3 2 201 1 330 331 364 363
198 3 2 201 1 331 332 365 364
199 3 2 201 1 332 333 366 365
200 3 2 201 1 333 334 367 366
201 3 2 201 1 334 335 368 367
202 3 2 201 1 335 336 369 368
203 3 2 201 1 336 337 370 369
204 3 2 201 1 337 44 45 370
205 3 2 201 1 58 338 371 59
206 3 2 201 1 338 339 372 371
207 3 2 201 1 339 340 373 372
208 3 2 201 1 340 341 374 373
209 3 2 201 1 341 342 375 374
210 3 2 201 1 342 343 376 375
211 3 2 201 1 343 344 377 376
212 3 2 201 1 344 345 378 377
213 3 2 201 1 345 346 379 378
214 3 2 201 1 346 347 380 379
215 3 2 201 1 347 348 381 380
216 3 2 201 1 348 349 382 381
217 3 2 201 1 349 350 383 382
218 3 2 201 1 350 351 384 383
219 3 2 201 1 351 352 385 384
220 3 2 201 1 352 353 386 385
221 3 2 201 1 353 354 387 386
222 3 2 201 1 354 355 388 387
223 3 2 201 1 355 356 389 388
224 3 2 201 1 356 357 390 389
225 3 2 201 1 357 358 391 390
226 3 2 201 1 358 359 392 391
227 3 2 201 1 359 360 393 392
228 3 2 201 1 360 361 394 393
229 3 2 201 1 361 362 395 394
230 3 2 201 1 362 363 396 395
231 3 2 201 1 363 364 397 396
232 3 2 201 1 364 365 398 397
233 3 2 201 1 365 366 399 398
234 3 2 201 1 366 367 400 399
235 3 2 201 1 367 368 401 400
236 3 2 201 1 368 369 402 401
237 3 2 201 1 369 370 403 402
238 3 2 201 1 370 45 46 403
239 3 2 201 1 59 371 404 60
240 3 2 201 1 371 372 405 404
241 3 2 201 1 372 373 406 405
242 3 2 201 1 373 374 407 406
243 3 2 201 1 374 375 408 407
244 3 2 201 1 375 376 409 408
245 3 2 201 1 376 377 410 409
246 3 2 201 1 377 378 411 410
247 3 2 201 1 378 379 412 411
248 3 2 201 1 379 380 413 412
249 3 2 201 1 380 381 414 413
250 3 2 201 1 381 382 415 414
251 3 2 201 1 382 383 416 415
252 3 2 201 1 383 384 417 416
253 3 2 201 1 384 385 418 417
254 3 2 201 1 385 386 419 418
255 3 2 201 1 386 387 420 419
256 3 2 201 1 387 388 421 420
257 3 2 201 1 388 389 422 421
258 3 2 201 1 389 390 423 422
259 3 2 201 1 390 391 424 423
260 3 2 201 1 391 392 425 424
261 3 2 201 1 392 393 426 425
262 3 2 201 1 393 394 427 426
263 3 2 201 1 394 395 428 427
264 3 2 201 1 395 396 429 428
265 3 2 201 1 396 397 430 429
266 3 2 201 1 397 398 431 430
267 3 2 201 1 398 399 432 431
268 3 2 201 1 399 400 433 432
269 3 2 201 1 400 401 434 433
270 3 2 201 1 401 402 435 434
271 3 2 201 1 402 403 436 435
272 3 2 201 1 403 46 47 436
273 3 2 201 1 60 404 437 61
274 3 2 201 1 404 405 438 437
275 3 2 201 1 405 406 439 438
276 3 2 201 1 406 407 440 439
277 3 2 201 1 407 408 441 440
278 3 2 201 1 408 409 442 441
279 3 2 201 1 409 410 443 442
280 3 2 201 1 410 411 444 443
281 3 2 201 1 411 412 445 444
282 3 2 201 1 412 413 446 445
283 3 2 201 1 413 414 447 446
284 3 2 201 1 414 415 448 447
285 3 2 201 1 415 416 449 448
286 3 2 201 1 416 417 450 449
287 3 2 201 1 417 418 451 450
288 3 2 201 1 418 419 452 451
289 3 2 201 1 419 420 453 452
290 3 2 201 1 420 421 454 453
291 3 2 201 1 421 422 455 454
292 3 2 201 1 422 423 456 455
293 3 2 201 1 423 424 457 456
294 3 2 201 1 424 425 458 457
295 3 2 201 1 425 426 459 458
296 3 2 201 1 426 427 460 459
297 3 2 201 1 427 428 461 460
298 3 2 201 1 428 429 462 461
299 3 2 201 1 429 430 463 462
300 3 2 201 1 430 431 464 463
301 3 2 201 1 431 432 465 464
302 3 2 201 1 432 433 466 465
303 3 2 201 1 433 434 467 466
304 3 2 201 1 434 435 468 467
305 3 2 201 1 435 436 469 468
306 3 2 201 1 436 47 48 469
307 3 2 201 1 61 437 470 62
308 3 2 201 1 437 438 471 470
309 3 2 201 1 438 439 472 471
310 3 2 201 1 439 440 473 472
311 3 2 201 1 440 441 474 473
312 3 2 201 1 441 442 475 474
313 3 2 201 1 442 443 476 475
314 3 2 201 1 443 444 477 476
315 3 2 201 1 444 445 478 477
316 3 2 201 1 445 446 479 478
317 3 2 201 1 446 447 480 479
318 3 2 201 1 447 448 481 480
319 3 2 201 1 448 449 482 481
320 3 2 201 1 449 450 483 482
321 3 2 201 1 450 451 484 483
322 3 2 201 1 451 452 485 484
323 3 2 201 1 452 453 486 485
324 3 2 201 1 453 454 487 486
325 3 2 201 1 454 455 488 487
326 3 2 201 1 455 456 489 488
327 3 2 201 1 456 457 490 489
328 3 2 201 1 457 458 491 490
329 3 2 201 1 458 459 492 491
330 3 2 201 1 459 460 493 492
331 3 2 201 1 460 461 494 493
332 3 2 201 1 461 462 495 494
333 3 2 201 1 462 463 496 495
334 3 2 201 1 463 464 497 496
335 3 2 201 1 464 465 498 497
336 3 2 201 1 465 466 499 498
337 3 2 201 1 466 467 500 499
338 3 2 201 1 467 468 501 500
339 3 2 201 1 468 469 502 501
340 3 2 201 1 469 48 49 502
341 3 2 201 1 62 470 503 63
342 3 2 201 1 470 471 504 503
343 3 2 201 1 471 472 505 504
344 3 2 201 1 472 473 506 505
345 3 2 201 1 473 474 507 506
346 3 2 201 1 474 475 508 507
347 3 2 201 1 475 476 509 508
348 3 2 201 1 476 477 510 509
349 3 2 201 1 477 478 511 510
350 3 2 201 1 478 479 512 511
351 3 2 201 1 479 480 513 512
352 3 2 201 1 480 481 514 513
353 3 2 201 1 481 482 515 514
354 3 2 201 1 482 483 516 515
355 3 2 201 1 483 484 517 516
356 3 2 201 1 484 485 518 517
357 3 2 201 1 485 486 519 518
358 3 2 201 1 486 487 520 519
359 3 2 201 1 487 488 521 520
360 3 2 201 1 488 489 522 521
361 3 2 201 1 489 490 523 522
362 3 2 201 1 490 491 524 523
363 3 2 201 1 491 492 525 524
364 3 2 201 1 492 493 526 525
365 3 2 201 1 493 494 527 526
366 3 2 201 1 494 495 528 527
367 3 2 201 1 495 496 529 528
368 3 2 201 1 496 497 530 529
369 3 2 201 1 497 498 531 530
370 3 2 201 1 498 499 532 531
371 3 2 201 1 499 500 533 532
372 3 2 201 1 500 501 534 533
373 3 2 201 1 501 502 535 534
374 3 2 201 1 502 49 50 535
375 3 2 201 1 63 503 536 64
376 3 2 201 1 503 504 537 536
377 3 2 201 1 504 505 538 537
378 3 2 201 1 505 506 539 538
379 3 2 201 1 506 507 540 539
380 3 2 201 1 507 508 541 540
381 3 2 201 1 508 509 542 541
382 3 2 201 1 509 510 543 542
383 3 2 201 1 510 511 544 543
384 3 2 201 1 511 512 545 544
385 3 2 201 1 512 513 546 545
386 3 2 201 1 513 514 547 546
387 3 2 201 1 514 515 548 547
388 3 2 201 1 515 516 549 548
389 3 2 201 1 516 517 550 549
390 3 2 201 1 517 518 551 550
391 3 2 201 1 518 519 552 551
392 3 2 201 1 519 520 553 552
393 3 2 201 1 520 521 554 553
394 3 2 201 1 521 522 555 554
395 3 2 201 1 522 523 556 555
396 3 2 201 1 523 524 557 556
397 3 2 201 1 524 525 558 557
398 3 2 201 1 525 526 559 558
399 3 2 201 1 526 527 560 559
400 3 2 201 1 527 528 561 560
401 3 2 201 1 528 529 562 561
402 3 2 201 1 529 530 563 562
403 3 2 201 1 530 531 564 563
404 3 2 201 1 531 532 565 564
405 3 2 201 1 532 533 566 565
406 3 2 201 1 533 534 567 566
407 3 2 201 1 534 535 568 567
408 3 2 201 1 535 50 51 568
409 3 2 201 1 64 536 569 65
410 3 2 201 1 536 537 570 569
411 3 2 201 1 537 538 571 570
412 3 2 201 1 538 539 572 571
413 3 2 201 1 539 540 573 572
414 3 2 201 1 540 541 574 573
415 3 2 201 1 541 542 575 574
416 3 2 201 1 542 543 576 575
417 3 2 201 1 543 544 577 576
418 3 2 201 1 544 545 578 577
419 3 2 201 1 545 546 579 578
420 3 2 201 1 546 547 580 579
421 3 2 201 1 547 548 581 580
422 3 2 201 1 548 549 582 581
423 3 2 201 1 549 550 583 582
424 3 2 201 1 550 551 584 583
425 3 2 201 1 551 552 585 584
426 3 2 201 1 552 553 586 585
427 3 2 201 1 553 554 587 586
428 3 2 201 1 554 555 588 587
429 3 2 201 1 555 556 589 588
430 3 2 201 1 556 557 590 589
431 3 2 201 1 557 558 591 590
432 3 2 201 1 558 559 592 591
433 3 2 201 1 559 560 593 592
434 3 2 201 1 560 561 594 593
435 3 2 201 1 561 562 595 594
436 3 2 201 1 562 563 596 595
437 3 2 201 1 563 564 597 596
438 3 2 201 1 564 565 598 597
439 3 2 201 1 565 566 599 598
440 3 2 201 1 566 567 600 599
441 3 2 201 1 567 568 601 600
442 3 2 201 1 568 51 52 601
443 3 2 201 1 65 569 602 66
444 3 2 201 1 569 570 603 602
445 3 2 201 1 570 571 604 603
446 3 2 201 1 571 572 605 604
447 3 2 201 1 572 573 606 605
448 3 2 201 1 573 574 607 606
449 3 2 201 1 574 575 608 607
450 3 2 201 1 575 576 609 608
451 3 2 201 1 576 577 610 609
452 3 2 201 1 577 578 611 610
453 3 2 201 1 578 579 612 611
454 3 2 201 1 579 580 613 612
455 3 2 201 1 580 581 614 613
456 3 2 201 1 581 582 615 614
457 3 2 201 1 582 583 616 615
458 3 2 201 1 583 584 617 616
459 3 2 201 1 584 585 618 617
460 3 2 201 1 585 586 619 618
461 3 2 201 1 586 587 620 619
462 3 2 201 1 587 588 621 620
463 3 2 201 1 588 589 622 621
464 3 2 201 1 589 590 623 622
465 3 2 201 1 590 591 624 623
466 3 2 201 1 591 592 625 624
467 3 2 201 1 592 593 626 625
468 3 2 201 1 593 594 627 626
469 3 2 201 1 594 595 628 627
470 3 2 201 1 595 596 629 628
471 3 2 201 1 596 597 630 629
472 3 2 201 1 597 598 631 630
473 3 2 201 1 598 599 632 631
474 3 2 201 1 599 600 633 632
475 3 2 201 1 600 601 634 633
476 3 2 201 1 601 52 53 634
477 3 2 201 1 66 602 635 67
478 3 2 201 1 602 603 636 635
479 3 2 201 1 603 604 637 636
480 3 2 201 1 604 605 638 637
481 3 2 201 1 605 606 639 638
482 3 2 201 1 606 607 640 639
483 3 2 201 1 607 608 641 640
484 3 2 201 1 608 609 642 641
485 3 2 201 1 609 610 643 642
486 3 2 201 1 610 611 644 643
487 3 2 201 1 611 612 645 644
488 3 2 201 1 612 613 646 645
489 3 2 201 1 613 614 647 646
490 3 2 201 1 614 615 648 647
491 3 2 201 1 615 616 649 648
492 3 2 201 1 616 617 650 649
493 3 2 201 1 617 618 651 650
494 3 2 201 1 618 619 652 651
495 3 2 201 1 619 620 653 652
496 3 2 201 1 620 621 654 653
497 3 2 201 1 621 622 655 654
498 3 2 201 1 622 623 656 655
499 3 2 201 1 623 624 657 656
500 3 2 201 1 624 625 658 657
501 3 2 201 1 625 626 659 658
502 3 2 201 1 626 627 660 659
503 3 2 201 1 627 628 661 660
504 3 2 201 1 628 629 662 661
505 3 2 201 1 629 630 663 662
506 3 2 201 1 630 631 664 663
507 3 2 201 1 631 632 665 664
508 3 2 201 1 632 633 666 665
509 3 2 201 1 633 634 667 666
510 3 2 201 1 634 53 54 667
511 3 2 201 1 67 635 68 8
512 3 2 201 1 635 636 69 68
513 3 2 201 1 636 637 70 69
514 3 2 201 1 637 638 71 70
515 3 2 201 1 638 639 72 71
516 3 2 201 1 639 640 73 72
517 3 2 201 1 640 641 74 73
518 3 2 201 1 641 642 75 74
519 3 2 201 1 642 643 76 75
520 3 2 201 1 643 644 77 76
521 3 2 201 1 644 645 78 77
522 3 2 201 1 645 646 79 78
523 3 2 201 1 646 647 80 79
524 3 2 201 1 647 648 81 80
525 3 2 201 1 648 649 82 81
526 3 2 201 1 649 650 83 82
527 3 2 201 1 650 651 84 83
528 3 2 201 1 651 652 85 84
529 3 2 201 1 652 653 86 85
530 3 2 201 1 653 654 87 86
531 3 2 201 1 654 655 88 87
532 3 2 201 1 655 656 89 88
533 3 2 201 1 656 657 90 89
534 3 2 201 1 657 658 91 90
535 3 2 201 1 658 659 92 91
536 3 2 201 1 659 660 93 92
537 3 2 201 1 660 661 94 93
538 3 2 201 1 661 662 95 94
539 3 2 201 1 662 663 96 95
540 3 2 201 1 663 664 97 96
541 3 2 201 1 664 665 98 97
542 3 2 201 1 665 666 99 98
543 3 2 201 1 666 667 100 99
544 3 2 201 1 667 54 3 100
545 3 2 201 2 8 68 668 124
546 3 2 201 2 68 69 669 668
547 3 2 201 2 69 70 670 669
548 3 2 201 2 70 71 671 670
549 3 2 201 2 71 72 672 671
550 3 2 201 2 72 73 673 672
551 3 2 201 2 73 74 674 673
552 3 2 201 2 74 75 675 674
553 3 2 201 2 75 76 676 675
554 3 2 201 2 76 77 677 676
555 3 2 201 2 77 78 678 677
556 3 2 201 2 78 79 679 678
557 3 2 201 2 79 80 680 679
558 3 2 201 2 80 81 681 680
559 3 2 201 2 81 82 682 681
560 3 2 201 2 82 83 683 682
561 3 2 201 2 83 84 684 683
562 3 2 201 2 84 85 685 684
563 3 2 201 2 85 86 686 685
564 3 2 201 2 86 87 687 686
565 3 2 201 2 87 88 688 687
566 3 2 201 2 88 89 689 688
567 3 2 201 2 89 90 690 689
568 3 2 201 2 90 91 691 690
569 3 2 201 2 91 92 692 691
570 3 2 201 2 92 93 693 692
571 3 2 201 2 93 94 694 693
572 3 2 201 2 94 95 695 694
573 3 2 201 2 95 96 696 695
574 3 2 201 2 96 97 697 696
575 3 2 201 2 97 98 698 697
576 3 2 201 2 98 99 699 698
577 3 2 201 2 99 100 700 699
578 3 2 201 2 100 3 101 700
579 3 2 201 2 124 668 701 125
580 3 2 201 2 668 669 702 701
581 3 2 201 2 669 670 703 702
582 3 2 201 2 670 671 704 703
583 3 2 201 2 671 672 705 704
584 3 2 201 2 672 673 706 705
585 3 2 201 2 673 674 707 706
586 3 2 201 2 674 675 708 707
587 3 2 201 2 675 676 709 708
588 3 2 201 2 676 677 710 709
589 3 2 201 2 677 678 711 710
590 3 2 201 2 678 679 712 711
591 3 2 201 2 679 680 713 712
592 3 2 201 2 680 681 714 713
593 3 2 201 2 681 682 715 714
594 3 2 201 2 682 683 716 715
595 3 2 201 2 683 684 717 716
596 3 2 201 2 684 685 718 717
597 3 2 201 2 685 686 719 718
598 3 2 201 2 686 687 720 719
599 3 2 201 2 687 688 721 720
600 3 2 201 2 688 689 722 721
601 3 2 201 2 689 690 723 722
602 3 2 201 2 690 691 724 723
603 3 2 201 2 691 692 725 724
604 3 2 201 2 692 693 726 725
605 3 2 201 2 693 694 727 726
606 3 2 201 2 694 695 728 727
607 3 2 201 2 695 696 729 728
608 3 2 201 2 696 697 730 729
609 3 2 201 2 697 698 731 730
610 3 2 201 2 698 699 732 731
611 3 2 201 2 699 700 733 732
612 3 2 201 2 700 101 102 733
613 3 2 201 2 125 701 734 126
614 3 2 201 2 701 702 735 734
615 3 2 201 2 702 703 736 735
616 3 2 201 2 703 704 737 736
617 3 2 201 2 704 705 738 737
618 3 2 201 2 705 706 739 738
619 3 2 201 2 706 707 740 739
620 3 2 201 2 707 708 741 740
621 3 2 201 2 708 709 742 741
622 3 2 201 2 709 710 743 742
623 3 2 201 2 710 711 744 743
624 3 2 201 2 711 712 745 744
625 3 2 201 2 712 713 746 745
626 3 2 201 2 713 714 747 746
627 3 2 201 2 714 715 748 747
628 3 2 201 2 715 716 749 748
629 3 2 201 2 716 717 750 749
630 3 2 201 2 717 718 751 750
631 3 2 201 2 718 719 752 751
632 3 2 201 2 719 720 753 752
633 3 2 201 2 720 721 754 753
634 3 2 201 2 721 722 755 754
635 3 2 201 2 722 723 756 755
636 3 2 201 2 723 724 757 756
637 3 2 201 2 724 725 758 757
638 3 2 201 2 725 726 759 758
639 3 2 201 2 726 727 760 759
640 3 2 201 2 727 728 761 760
641 3 2 201 2 728 729 762 761
642 3 2 201 2 729 730 763 762
643 3 2 201 2 730 731 764 763
644 3 2 201 2 731 732 765 764
645 3 2 201 2 732 733 766 765
646 3 2 201 2 733 102 103 766
647 3 2 201 2 126 734 767 127
648 3 2 201 2 734 735 768 767
649 3 2 201 2 735 736 769 768
650 3 2 201 2 736 737 770 769
651 3 2 201 2 737 738 771 770
652 3 2 201 2 738 739 772 771
653 3 2 201 2 739 740 773 772
654 3 2 201 2 740 741 774 773
655 3 2 201 2 741 742 775 774
656 3 2 201 2 742 743 776 775
657 3 2 201 2 743 744 777 776
658 3 2 201 2 744 745 778 777
659 3 2 201 2 745 746 779 778
660 3 2 201 2 746 747 780 779
661 3 2 201 2 747 748 781 780
662 3 2 201 2 748 749 782 781
663 3 2 201 2 749 750 783 782
664 3 2 201 2 750 751 784 783
665 3 2 201 2 751 752 785 784
666 3 2 201 2 752 753 786 785
667 3 2 201 2 753 754 787 786
668 3 2 201 2 754 755 788 787
669 3 2 201 2 755 756 789 788
670 3 2 201 2 756 757 790 789
671 3 2 201 2 757 758 791 790
672 3 2 201 2 758 759 792 791
673 3 2 201 2 759 760 793 792
674 3 2 201 2 760 761 794 793
675 3 2 201 2 761 762 795 794
676 3 2 201 2 762 763 796 795
677 3 2 201 2 763 764 797 796
678 3 2 201 2 764 765 798 797
679 3 2 201 2 765 766 799 798
680 3 2 201 2 766 103 104 799
681 3 2 201 2 127 767 800 128
682 3 2 201 2 767 768 801 800
683 3 2 201 2 768 769 802 801
684 3 2 201 2 769 770 803 802
685 3 2 201 2 770 771 804 803
686 3 2 201 2 771 772 805 804
687 3 2 201 2 772 773 806 805
688 3 2 201 2 773 774 807 806
689 3 2 201 2 774 775 808 807
690 3 2 201 2 775 776 809 808
691 3 2 201 2 776 777 810 809
692 3 2 201 2 777 778 811 810
693 3 2 201 2 778 779 812 811
694 3 2 201 2 779 780 813 812
695 3 2 201 2 780 781 814 813
696 3 2 201 2 781 782 815 814
697 3 2 201 2 782 783 816 815
698 3 2 201 2 783 784 817 816
699 3 2 201 2 784 785 818 817
700 3 2 201 2 785 786 819 818
701 3 2 201 2 786 787 820 819
702 3 2 201 2 787 788 821 820
703 3 2 201 2 788 789 822 821
704 3 2 201 2 789 790 823 822
705 3 2 201 2 790 791 824 823
706 3 2 201 2 791 792 825 824
707 3 2 201 2 792 793 826 825
708 3 2 201 2 793 794 827 826
709 3 2 201 2 794 795 828 827
710 3 2 201 2 795 796 829 828
711 3 2 201 2 796 797 830 829
712 3 2 201 2 797 798 831 830
713 3 2 201 2 798 799 832 831
714 3 2 201 2 799 104 105 832
715 3 2 201 2 128 800 833 129
716 3 2 201 2 800 801 834 833
717 3 2 201 2 801 802 835 834
718 3 2 201 2 802 803 836 835
719 3 2 201 2 803 804 837 836
720 3 2 201 2 804 805 838 837
721 3 2 201 2 805 806 839 838
722 3 2 201 2 806 807 840 839
723 3 2 201 2 807 808 841 840
724 3 2 201 2 808 809 842 841
725 3 2 201 2 809 810 843 842
726 3 2 201 2 810 811 844 843
727 3 2 201 2 811 812 845 844
728 3 2 201 2 812 813 846 845
729 3 2 201 2 813 814 847 846
730 3 2 201 2 814 815 848 847
731 3 2 201 2 815 816 849 848
732 3 2 201 2 816 817 850 849
733 3 2 201 2 817 818 851 850
734 3 2 201 2 818 819 852 851
735 3 2 201 2 819 820 853 852
736 3 2 201 2 820 821 854 853
737 3 2 201 2 821 822 855 854
738 3 2 201 2 822 823 856 855
739 3 2 201 2 823 824 857 856
740 3 2 201 2 824 825 858 857
741 3 2 201 2 825 826 859 858
742 3 2 201 2 826 827 860 859
743 3 2 201 2 827 828 861 860
744 3 2 201 2 828 829 862 861
745 3 2 201 2 829 830 863 862
746 3 2 201 2 830 831 864 863
747 3 2 201 2 831 832 865 864
748 3 2 201 2 832 105 106 865
749 3 2 201 2 129 833 866 130
750 3 2 201 2 833 834 867 866
751 3 2 201 2 834 835 868 867
752 3 2 201 2 835 836 869 868
753 3 2 201 2 836 837 870 869
754 3 2 201 2 837 838 871 870
755 3 2 201 2 838 839 872 871
756 3 2 201 2 839 840 873 872
757 3 2 201 2 840 841 874 873
758 3 2 201 2 841 842 875 874
759 3 2 201 2 842 843 876 875
760 3 2 201 2 843 844 877 876
761 3 2 201 2 844 845 878 877
762 3 2 201 2 845 846 879 878
763 3 2 201 2 846 847 880 879
764 3 2 201 2 847 848 881 880
765 3 2 201 2 848 849 882 881
766 3 2 201 2 849 850 883 882
767 3 2 201 2 850 851 884 883
768 3 2 201 2 851 852 885 884
769 3 2 201 2 852 853 886 885
770 3 2 201 2 853 854 887 886
771 3 2 201 2 854 855 888 887
772 3 2 201 2 855 856 889 888
773 3 2 201 2 856 857 890 889
774 3 2 201 2 857 858 891 890
775 3 2 201 2 858 859 892 891
776 3 2 201 2 859 860 893 892
777 3 2 201 2 860 861 894 893
778 3 2 201 2 861 862 895 894
779 3 2 201 2 862 863 896 895
780 3 2 201 2 863 864 897 896
781 3 2 201 2 864 865 898 897
782 3 2 201 2 865 106 107 898
783 3 2 201 2 130 866 899 131
784 3 2 201 2 866 867 900 899
785 3 2 201 2 867 868 901 900
786 3 2 201 2 868 869 902 901
787 3 2 201 2 869 870 903 902
788 3 2 201 2 870 871 904 903
789 3 2 201 2 871 872 905 904
790 3 2 201 2 872 873 906 905
791 3 2 201 2 873 874 907 906
792 3 2 201 2 874 875 908 907
793 3 2 201 2 875 876 909 908
794 3 2 201 2 876 877 910 909
795 3 2 201 2 877 878 911 910
796 3 2 201 2 878 879 912 911
797 3 2 201 2 879 880 913 912
798 3 2 201 2 880 881 914 913
799 3 2 201 2 881 882 915 914
800 3 2 201 2 882 883 916 915
801 3 2 201 2 883 884 917 916
802 3 2 201 2 884 885 918 917
803 3 2 201 2 885 886 919 918
804 3 2 201 2 886 887 920 919
805 3 2 201 2 887 888 921 920
806 3 2 201 2 888 889 922 921
807 3 2 201 2 889 890 923 922
808 3 2 201 2 890 891 924 923
809 3 2 201 2 891 892 925 924
810 3 2 201 2 892 893 926 925
811 3 2 201 2 893 894 927 926
812 3 2 201 2 894 895 928 927
813 3 2 201 2 895 896 929 928
814 3 2 201 2 896 897 930 929
815 3 2 201 2 897 898 931 930
816 3 2 201 2 898 107 108 931
817 3 2 201 2 131 899 932 132
818 3 2 201 2 899 900 933 932
819 3 2 201 2 900 901 934 933
820 3 2 201 2 901 902 935 934
821 3 2 201 2 902 903 936 935
822 3 2 201 2 903 904 937 936
823 3 2 201 2 904 905 938 937
824 3 2 201 2 905 906 939 938
825 3 2 201 2 906 907 940 939
826 3 2 201 2 907 908 941 940
827 3 2 201 2 908 909 942 941
828 3 2 201 2 909 910 943 942
829 3 2 201 2 910 911 944 943
830 3 2 201 2 911 912 945 944
831 3 2 201 2 912 913 946 945
832 3 2 201 2 913 914 947 946
833 3 2 201 2 914 915 948 947
834 3 2 201 2 915 916 949 948
835 3 2 201 2 916 917 950 949
836 3 2 201 2 917 918 951 950
837 3 2 201 2 918 919 952 951
838 3 2 201 2 919 920 953 952
839 3 2 201 2 920 921 954 953
840 3 2 201 2 921 922 955 954
841 3 2 201 2 922 923 956 955
842 3 2 201 2 923 924 957 956
843 3 2 201 2 924 925 958 957
844 3 2 201 2 925 926 959 958
845 3 2 201 2 926 927 960 959
846 3 2 201 2 927 928 961 960
847 3 2 201 2 928 929 962 961
848 3 2 201 2 929 930 963 962
849 3 2 201 2 930 931 964 963
850 3 2 201 2 931 108 109 964
851 3 2 201 2 132 932 965 133
852 3 2 201 2 932 933 966 965
853 3 2 201 2 933 934 967 966
854 3 2 201 2 934 935 968 967
855 3 2 201 2 935 936 969 968
856 3 2 201 2 936 937 970 969
857 3 2 201 2 937 938 971 970
858 3 2 201 2 938 939 972 971
859 3 2 201 2 939 940 973 972
860 3 2 201 2 940 941 974 973
861 3 2 201 2 941 942 975 974
862 3 2 201 2 942 943 976 975
863 3 2 201 2 943 944 977 976
864 3 2 201 2 944 945 978 977
865 3 2 201 2 945 946 979 978
866 3 2 201 2 946 947 980 979
867 3 2 201 2 947 948 981 980
868 3 2 201 2 948 949 982 981
869 3 2 201 2 949 950 983 982
870 3 2 201 2 950 951 984 983
871 3 2 201 2 951 952 985 984
872 3 2 201 2 952 953 986 985
873 3 2 201 2 953 954 987 986
874 3 2 201 2 954 955 988 987
875 3 2 201 2 955 956 989 988
876 3 2 201 2 956 957 990 989
877 3 2 201 2 957 958 991 990
878 3 2 201 2 958 959 992 991
879 3 2 201 2 959 960 993 992
880 3 2 201 2 960 961 994 993
881 3 2 201 2 961 962 995 994
882 3 2 201 2 962 963 996 995
883 3 2 201 2 963 964 997 996
884 3 2 201 2 964 109 110 997
885 3 2 201 2 133 965 998 134
886 3 2 201 2 965 966 999 998
887 3 2 201 2 966 967 1000 999
888 3 2 201 2 967 968 1001 1000
889 3 2 201 2 968 969 1002 1001
890 3 2 201 2 969 970 1003 1002
891 3 2 201 2 970 971 1004 1003
892 3 2 201 2 971 972 1005 1004
893 3 2 201 2 972 973 1006 1005
894 3 2 201 2 973 974 1007 1006
895 3 2 201 2 974 975 1008 1007
896 3 2 201 2 975 976 1009 1008
897 3 2 201 2 976 977 1010 1009
898 3 2 201 2 977 978 1011 1010
899 3 2 201 2 978 979 1012 1011
900 3 2 201 2 979 980 1013 1012
901 3 2 201 2 980 981 1014 1013
902 3 2 201 2 981 982 1015 1014
903 3 2 201 2 982 983 1016 1015
904 3 2 201 2 983 984 1017 1016
905 3 2 201 2 984 985 1018 1017
906 3 2 201 2 985 986 1019 1018
907 3 2 201 2 986 987 1020 1019
908 3 2 201 2 987 988 1021 1020
909 3 2 201 2 988 989 1022 1021
910 3 2 201 2 989 990 1023 1022
911 3 2 201 2 990 991 1024 1023
912 3 2 201 2 991 992 1025 1024
913 3 2 201 2 992 993 1026 1025
914 3 2 201 2 993 994 1027 1026
915 3 2 201 2 994 995 1028 1027
916 3 2 201 2 995 996 1029 1028
917 3 2 201 2 996 997 1030 1029
918 3 2 201 2 997 110 111 1030
919 3 2 201 2 134 998 1031 135
920 3 2 201 2 998 999 1032 1031
921 3 2 201 2 999 1000 1033 1032
922 3 2 201 2 1000 1001 1034 1033
923 3 2 201 2 1001 1002 1035 1034
924 3 2 201 2 1002 1003 1036 1035
925 3 2 201 2 1003 1004 1037 1036
926 3 2 201 2 1004 1005 1038 1037
927 3 2 201 2 1005 1006 1039 1038
928 3 2 201 2 1006 1007 1040 1039
929 3 2 201 2 1007 1008 1041 1040
930 3 2 201 2 1008 1009 1042 1041
931 3 2 201 2 1009 1010 1043 1042
932 3 2 201 2 1010 1011 1044 1043
933 3 2 201 2 1011 1012 1045 1044
934 3 2 201 2 1012 1013 1046 1045
935 3 2 201 2 1013 1014 1047 1046
936 3 2 201 2 1014 1015 1048 1047
937 3 2 201 2 1015 1016 1049 1048
938 3 2 201 2 1016 1017 1050 1049
939 3 2 201 2 1017 1018 1051 1050
940 3 2 201 2 1018 1019 1052 1051
941 3 2 201 2 1019 1020 1053 1052
942 3 2 201 2 1020 1021 1054 1053
943 3 2 201 2 1021 1022 1055 1054
944 3 2 201 2 1022 1023 1056 1055
945 3 2 201 2 1023 1024 1057 1056
946 3 2 201 2 1024 1025 1058 1057
947 3 2 201 2 1025 1026 1059 1058
948 3 2 201 2 1026 1027 1060 1059
949 3 2 201 2 1027 1028 1061 1060
950 3 2 201 2 1028 1029 1062 1061
951 3 2 201 2 1029 1030 1063 1062
952 3 2 201 2 1030 111 112 1063
953 3 2 201 2 135 1031 1064 136
954 3 2 201 2 1031 1032 1065 1064
955 3 2 201 2 1032 1033 1066 1065
956 3 2 201 2 1033 1034 1067 1066
957 3 2 201 2 1034 1035 1068 1067
958 3 2 201 2 1035 1036 1069 1068
959 3 2 201 2 1036 1037 1070 1069
960 3 2 201 2 1037 1038 1071 1070
961 3 2 201 2 1038 1039 1072 1071
962 3 2 201 2 1039 1040 1073 1072
963 3 2 201 2 1040 1041 1074 1073
964 3 2 201 2 1041 1042 1075 1074
965 3 2 201 2 1042 1043 1076 1075
966 3 2 201 2 1043 1044 1077 1076
967 3 2 201 2 1044 1045 1078 1077
968 3 2 201 2 1045 1046 1079 1078
969 3 2 201 2 1046 1047 1080 1079
970 3 2 201 2 1047 1048 1081 1080
971 3 2 201 2 1048 1049 1082 1081
972 3 2 201 2 1049 1050 1083 1082
973 3 2 201 2 1050 1051 1084 1083
974 3 2 201 2 1051 1052 1085 1084
975 3 2 201 2 1052 1053 1086 1085
976 3 2 201 2 1053 1054 1087 1086
977 3 2 201 2 1054 1055 1088 1087
978 3 2 201 2 1055 1056 1089 1088
979 3 2 201 2 1056 1057 1090 1089
980 3 2 201 2 1057 1058 1091 1090
981 3 2 201 2 1058 1059 1092 1091
982 3 2 201 2 1059 1060 1093 1092
983 3 2 201 2 1060 1061 1094 1093
984 3 2 201 2 1061 1062 1095 1094
985 3 2 201 2 1062 1063 1096 1095
986 3 2 201 2 1063 112 113 1096
987 3 2 201 2 136 1064 1097 137
988 3 2 201 2 1064 1065 1098 1097
989 3 2 201 2 1065 1066 1099 1098
990 3 2 201 2 1066 1067 1100 1099
991 3 2 201 2 1067 1068 1101 1100
992 3 2 201 2 1068 1069 1102 1101
993 3 2 201 2 1069 1070 1103 1102
994 3 2 201 2 1070 1071 1104 1103
995 3 2 201 2 1071 1072 1105 1104
996 3 2 201 2 1072 1073 1106 1105
997 3 2 201 2 1073 1074 1107 1106
998 3 2 201 2 1074 1075 1108 1107
999 3 2 201 2 1075 1076 1109 1108
1000 3 2 201 2 1076 1077 1110 1109
1001 3 2 201 2 1077 1078 1111 1110
1002 3 2 201 2 1078 1079 1112 1111
1003 3 2 201 2 1079 1080 1113 1112
1004 3 2 201 2 1080 1081 1114 1113
1005 3 2 201 2 1081 1082 1115 1114
1006 3 2 201 2 1082 1083 1116 1115
1007 3 2 201 2 1083 1084 1117 1116
1008 3 2 201 2 1084 1085 1118 1117
1009 3 2 201 2 1085 1086 1119 1118
1010 3 2 201 2 1086 1087 1120 1119
1011 3 2 201 2 1087 1088 1121 1120
1012 3 2 201 2 1088 1089 1122 1121
1013 3 2 201 2 1089 1090 1123 1122
1014 3 2 201 2 1090 1091 1124 1123
1015 3 2 201 2 1091 1092 1125 1124
1016 3 2 201 2 1092 1093 1126 1125
1017 3 2 201 2 1093 1094 1127 1126
1018 3 2 201 2 1094 1095 1128 1127
1019 3 2 201 2 1095 1096 1129 1128
1020 3 2 201 2 1096 113 114 1129
1021 3 2 201 2 137 1097 1130 138
1022 3 2 201 2 1097 1098 1131 1130
1023 3 2 201 2 1098 1099 1132 1131
1024 3 2 201 2 1099 1100 1133 1132
1025 3 2 201 2 1100 1101 1134 1133
1026 3 2 201 2 1101 1102 1135 1134
1027 3 2 201 2 1102 1103 1136 1135
1028 3 2 201 2 1103 1104 1137 1136
1029 3 2 201 2 1104 1105 1138 1137
1030 3 2 201 2 1105 1106 1139 1138
1031 3 2 201 2 1106 1107 1140 1139
1032 3 2 201 2 1107 1108 1141 1140
1033 3 2 201 2 1108 1109 1142 1141
1034 3 2 201 2 1109 1110 1143 1142
1035 3 2 201 2 1110 1111 1144 1143
1036 3 2 201 2 1111 1112 1145 1144
1037 3 2 201 2 1112 1113 1146 1145
1038 3 2 201 2 1113 1114 1147 1146
1039 3 2 201 2 1114 1115 1148 1147
1040 3 2 201 2 1115 1116 1149 1148
1041 3 2 201 2 1116 1117 1150 1149
1042 3 2 201 2 1117 1118 1151 1150
1043 3 2 201 2 1118 1119 1152 1151
1044 3 2 201 2 1119 1120 1153 1152
1045 3 2 201 2 1120 1121 1154 1153
1046 3 2 201 2 1121 1122 1155 1154
1047 3 2 201 2 1122 1123 1156 1155
1048 3 2 201 2 1123 1124 1157 1156
1049 3 2 201 2 1124 1125 1158 1157
1050 3 2 201 2 1125 1126 1159 1158
1051 3 2 201 2 1126 1127 1160 1159
1052 3 2 201 2 1127 1128 1161 1160
1053 3 2 201 2 1128 1129 1162 1161
1054 3 2 201 2 1129 114 115 1162
1055 3 2 201 2 138 1130 1163 139
1056 3 2 201 2 1130 1131 1164 1163
1057 3 2 201 2 1131 1132 1165 1164
1058 3 2 201 2 1132 1133 1166 1165
1059 3 2 201 2 1133 1134 1167 1166
1060 3 2 201 2 1134 1135 1168 1167
1061 3 2 201 2 1135 1136 1169 1168
1062 3 2 201 2 1136 1137 1170 1169
1063 3 2 201 2 1137 1138 1171 1170
1064 3 2 201 2 1138 1139 1172 1171
1065 3 2 201 2 1139 1140 1173 1172
1066 3 2 201 2 1140 1141 1174 1173
1067 3 2 201 2 1141 1142 1175 1174
1068 3 2 201 2 1142 1143 1176 1175
1069 3 2 201 2 1143 1144 1177 1176
1070 3 2 201 2 1144 1145 1178 1177
1071 3 2 201 2 1145 1146 1179 1178
1072 3 2 201 2 1146 1147 1180 1179
1073 3 2 201 2 1147 1148 1181 1180
1074 3 2 201 2 1148 1149 1182 1181
1075 3 2 201 2 1149 1150 1183 1182
1076 3 2 201 2 1150 1151 1184 1183
1077 3 2 201 2 1151 1152 1185 1184
1078 3 2 201 2 1152 1153 1186 1185
1079 3 2 201 2 1153 1154 1187 1186
1080 3 2 201 2 1154 1155 1188 1187
1081 3 2 201 2 1155 1156 1189 1188
1082 3 2 201 2 1156 1157 1190 1189
1083 3 2 201 2 1157 1158 1191 1190
1084 3 2 201 2 1158 1159 1192 1191
1085 3 2 201 2 1159 1160 1193 1192
1086 3 2 201 2 1160 1161 1194 1193
1087 3 2 201 2 1161 1162 1195 1194
1088 3 2 201 2 1162 115 116 1195
1089 3 2 201 2 139 1163 1196 140
1090 3 2 201 2 1163 1164 1197 1196
1091 3 2 201 2 1164 1165 1198 1197
1092 3 2 201 2 1165 1166 1199 1198
1093 3 2 201 2 1166 1167 1200 1199
1094 3 2 201 2 1167 1168 1201 1200
1095 3 2 201 2 1168 1169 1202 1201
1096 3 2 201 2 1169 1170 1203 1202
1097 3 2 201 2 1170 1171 1204 1203
1098 3 2 201 2 1171 1172 1205 1204
1099 3 2 201 2 1172 1173 1206 1205
1100 3 2 201 2 1173 1174 1207 1206
1101 3 2 201 2 1174 1175 1208 1207
1102 3 2 201 2 1175 1176 1209 1208
1103 3 2 201 2 1176 1177 1210 1209
1104 3 2 201 2 1177 1178 1211 1210
1105 3 2 201 2 1178 1179 1212 1211
1106 3 2 201 2 1179 1180 1213 1212
1107 3 2 201 2 1180 1181 1214 1213
1108 3 2 201 2 1181 1182 1215 1214
1109 3 2 201 2 1182 1183 1216 1215
1110 3 2 201 2 1183 1184 1217 1216
1111 3 2 201 2 1184 1185 1218 1217
1112 3 2 201 2 1185 1186 1219 1218
1113 3 2 201 2 1186 1187 1220 1219
1114 3 2 201 2 1187 1188 1221 1220
1115 3 2 201 2 1188 1189 1222 1221
1116 3 2 201 2 1189 1190 1223 1222
1117 3 2 201 2 1190 1191 1224 1223
1118 3 2 201 2 1191 1192 1225 1224
1119 3 2 201 2 1192 1193 1226 1225
1120 3 2 201 2 1193 1194 1227 1226
1121 3 2 201 2 1194 1195 1228 1227
1122 3 2 201 2 1195 116 117 1228
1123 3 2 201 2 140 1196 1229 141
1124 3 2 201 2 1196 1197 1230 1229
1125 3 2 201 2 1197 1198 1231 1230
1126 3 2 201 2 1198 1199 1232 1231
1127 3 2 201 2 1199 1200 1233 1232
1128 3 2 201 2 1200 1201 1234 1233
1129 3 2 201 2 1201 1202 1235 1234
1130 3 2 201 2 1202 1203 1236 1235
1131 3 2 201 2 1203 1204 1237 1236
1132 3 2 201 2 1204 1205 1238 1237
1133 3 2 201 2 1205 1206 1239 1238
1134 3 2 201 2 1206 1207 1240 1239
1135 3 2 201 2 1207 1208 1241 1240
1136 3 2 201 2 1208 1209 1242 1241
1137 3 2 201 2 1209 1210 1243 1242
1138 3 2 201 2 1210 1211 1244 1243
1139 3 2 201 2 1211 1212 1245 1244
1140 3 2 201 2 1212 1213 1246 1245
1141 3 2 201 2 1213 1214 1247 1246
1142 3 2 201 2 1214 1215 1248 1247
1143 3 2 201 2 1215 1216 1249 1248
1144 3 2 201 2 1216 1217 1250 1249
1145 3 2 201 2 1217 1218 1251 1250
1146 3 2 201 2 1218 1219 1252 1251
1147 3 2 201 2 1219 1220 1253 1252
1148 3 2 201 2 1220 1221 1254 1253
1149 3 2 201 2 1221 1222 1255 1254
1150 3 2 201 2 1222 1223 1256 1255
1151 3 2 201 2 1223 1224 1257 1256
1152 3 2 201 2 1224 1225 1258 1257
1153 3 2 201 2 1225 1226 1259 1258
1154 3 2 201 2 1226 1227 1260 1259
1155 3 2 201 2 1227 1228 1261 1260
1156 3 2 201 2 1228 117 118 1261
1157 3 2 201 2 141 1229 1262 142
1158 3 2 201 2 1229 1230 1263 1262
1159 3 2 201 2 1230 1231 1264 1263
1160 3 2 201 2 1231 1232 1265 1264
1161 3 2 201 2 1232 1233 1266 1265
1162 3 2 201 2 1233 1234 1267 1266
1163 3 2 201 2 1234 1235 1268 1267
1164 3 2 201 2 1235 1236 1269 1268
1165 3 2 201 2 1236 1237 1270 1269
1166 3 2 201 2 1237 1238 1271 1270
1167 3 2 201 2 1238 1239 1272 1271
1168 3 2 201 2 1239 1240 1273 1272
1169 3 2 201 2 1240 1241 1274 1273
1170 3 2 201 2 1241 1242 1275 1274
1171 3 2 201 2 1242 1243 1276 1275
1172 3 2 201 2 1243 1244 1277 1276
1173 3 2 201 2 1244 1245 1278 1277
1174 3 2 201 2 1245 1246 1279 1278
1175 3 2 201 2 1246 1247 1280 1279
1176 3 2 201 2 1247 1248 1281 1280
1177 3 2 201 2 1248 1249 1282 1281
1178 3 2 201 2 1249 1250 1283 1282
1179 3 2 201 2 1250 1251 1284 1283
1180 3 2 201 2 1251 1252 1285 1284
1181 3 2 201 2 1252 1253 1286 1285
1182 3 2 201 2 1253 1254 1287 1286
1183 3 2 201 2 1254 1255 1288 1287
1184 3 2 201 2 1255 1256 1289 1288
1185 3 2 201 2 1256 1257 1290 1289
1186 3 2 201 2 1257 1258 1291 1290
1187 3 2 201 2 1258 1259 1292 1291
1188 3 2 201 2 1259 1260 1293 1292
1189 3 2 201 2 1260 1261 1294 1293
1190 3 2 201 2 1261 118 119 1294
1191 3 2 201 2 142 1262 1295 143
1192 3 2 201 2 1262 1263 1296 1295
1193 3 2 201 2 1263 1264 1297 1296
1194 3 2 201 2 1264 1265 1298 1297
1195 3 2 201 2 1265 1266 1299 1298
1196 3 2 201 2 1266 1267 1300 1299
1197 3 2 201 2 1267 1268 1301 1300
1198 3 2 201 2 1268 1269 1302 1301
1199 3 2 201 2 1269 1270 1303 1302
1200 3 2 201 2 1270 1271 1304 1303
1201 3 2 201 2 1271 1272 1305 1304
1202 3 2 201 2 1272 1273 1306 1305
1203 3 2 201 2 1273 1274 1307 1306
1204 3 2 201 2 1274 1275 1308 1307
1205 3 2 201 2 1275 1276 1309 1308
1206 3 2 201 2 1276 1277 1310 1309
1207 3 2 201 2 1277 1278 1311 1310
1208 3 2 201 2 1278 1279 1312 1311
1209 3 2 201 2 1279 1280 1313 1312
1210 3 2 201 2 1280 1281 1314 1313
1211 3 2 201 2 1281 1282 1315 1314
1212 3 2 201 2 1282 1283 1316 1315
1213 3 2 201 2 1283 1284 1317 1316
1214 3 2 201 2 1284 1285 1318 1317
1215 3 2 201 2 1285 1286 1319 1318
1216 3 2 201 2 1286 1287 1320 1319
1217 3 2 201 2 1287 1288 1321 1320
1218 3 2 201 2 1288 1289 1322 1321
1219 3 2 201 2 1289 1290 1323 1322
1220 3 2 201 2 1290 1291 1324 1323
1221 3 2 201 2 1291 1292 1325 1324
1222 3 2 201 2 1292 1293 1326 1325
1223 3 2 201 2 1293 1294 1327 1326
1224 3 2 201 2 1294 119 120 1327
1225 3 2 201 2 143 1295 1328 144
1226 3 2 201 2 1295 1296 1329 1328
1227 3 2 201 2 1296 1297 1330 1329
1228 3 2 201 2 1297 1298 1331 1330
1229 3 2 201 2 1298 1299 1332 1331
1230 3 2 201 2 1299 1300 1333 1332
1231 3 2 201 2 1300 1301 1334 1333
1232 3 2 201 2 1301 1302 1335 1334
1233 3 2 201 2 1302 1303 1336 1335
1234 3 2 201 2 1303 1304 1337 1336
1235 3 2 201 2 1304 1305 1338 1337
1236 3 2 201 2 1305 1306 1339 1338
1237 3 2 201 2 1306 1307 1340 1339
1238 3 2 201 2 1307 1308 1341 1340
1239 3 2 201 2 1308 1309 1342 1341
1240 3 2 201 2 1309 1310 1343 1342
1241 3 2 201 2 1310 1311 1344 1343
1242 3 2 201 2 1311 1312 1345 1344
1243 3 2 201 2 1312 1313 1346 1345
1244 3 2 201 2 1313 1314 1347 1346
1245 3 2 201 2 1314 1315 1348 1347
1246 3 2 201 2 1315 1316 1349 1348
1247 3 2 201 2 1316 1317 1350 1349
1248 3 2 201 2 1317 1318 1351 1350
1249 3 2 201 2 1318 1319 1352 1351
1250 3 2 201 2 1319 1320 1353 1352
1251 3 2 201 2 1320 1321 1354 1353
1252 3 2 201 2 1321 1322 1355 1354
1253 3 2 201 2 1322 1323 1356 1355
1254 3 2 201 2 1323 1324 1357 1356
1255 3 2 201 2 1324 1325 1358 1357
1256 3 2 201 2 1325 1326 1359 1358
1257 3 2 201 2 1326 1327 1360 1359
1258 3 2 201 2 1327 120 121 1360
1259 3 2 201 2 144 1328 1361 145
1260 3 2 201 2 1328 1329 1362 1361
1261 3 2 201 2 1329 1330 1363 1362
1262 3 2 201 2 1330 1331 1364 1363
1263 3 2 201 2 1331 1332 1365 1364
1264 3 2 201 2 1332 1333 1366 1365
1265 3 2 201 2 1333 1334 1367 1366
1266 3 2 201 2 1334 1335 1368 1367
1267 3 2 201 2 1335 1336 1369 1368
1268 3 2 201 2 1336 1337 1370 1369
1269 3 2 201 2 1337 1338 1371 1370
1270 3 2 201 2 1338 1339 1372 1371
1271 3 2 201 2 1339 1340 1373 1372
1272 3 2 201 2 1340 1341 1374 1373
1273 3 2 201 2 1341 1342 1375 1374
1274 3 2 201 2 1342 1343 1376 1375
1275 3 2 201 2 1343 1344 1377 1376
1276 3 2 201 2 1344 1345 1378 1377
1277 3 2 201 2 1345 1346 1379 1378
1278 3 2 201 2 1346 1347 1380 1379
1279 3 2 201 2 1347 1348 1381 1380
1280 3 2 201 2 1348 1349 1382 1381
1281 3 2 201 2 1349 1350 1383 1382
1282 3 2 201 2 1350 1351 1384 1383
1283 3 2 201 2 1351 1352 1385 1384
1284 3 2 201 2 1352 1353 1386 1385
1285 3 2 201 2 1353 1354 1387 1386
1286 3 2 201 2 1354 1355 1388 1387
1287 3 2 201 2 1355 1356 1389 1388
1288 3 2 201 2 1356 1357 1390 1389
1289 3 2 201 2 1357 1358 1391 1390
1290 3 2 201 2 1358 1359 1392 1391
1291 3 2 201 2 1359 1360 1393 1392
1292 3 2 201 2 1360 121 122 1393
1293 3 2 201 2 145 1361 1394 146
1294 3 2 201 2 1361 1362 1395 1394
1295 3 2 201 2 1362 1363 1396 1395
1296 3 2 201 2 1363 1364 1397 1396
1297 3 2 201 2 1364 1365 1398 1397
1298 3 2 201 2 1365 1366 1399 1398
1299 3 2 201 2 1366 1367 1400 1399
1300 3 2 201 2 1367 1368 1401 1400
1301 3 2 201 2 1368 1369 1402 1401
1302 3 2 201 2 1369 1370 1403 1402
1303 3 2 201 2 1370 1371 1404 1403
1304 3 2 201 2 1371 1372 1405 1404
1305 3 2 201 2 1372 1373 1406 1405
1306 3 2 201 2 1373 1374 1407 1406
1307 3 2 201 2 1374 1375 1408 1407
1308 3 2 201 2 1375 1376 1409 1408
1309 3 2 201 2 1376 1377 1410 1409
1310 3 2 201 2 1377 1378 1411 1410
1311 3 2 201 2 1378 1379 1412 1411
1312 3 2 201 2 1379 1380 1413 1412
1313 3 2 201 2 1380 1381 1414 1413
1314 3 2 201 2 1381 1382 1415 1414
1315 3 2 201 2 1382 1383 1416 1415
1316 3 2 201 2 1383 1384 1417 1416
1317 3 2 201 2 1384 1385 1418 1417
1318 3 2 201 2 1385 1386 1419 1418
1319 3 2 201 2 1386 1387 1420 1419
1320 3 2 201 2 1387 1388 1421 1420
1321 3 2 201 2 1388 1389 1422 1421
1322 3 2 201 2 1389 1390 1423 1422
1323 3 2 201 2 1390 1391 1424 1423
1324 3 2 201 2 1391 1392 1425 1424
1325 3 2 201 2 1392 1393 1426 1425
1326 3 2 201 2 1393 122 123 1426
1327 3 2 201 2 146 1394 147 7
1328 3 2 201 2 1394 1395 148 147
1329 3 2 201 2 1395 1396 149 148
1330 3 2 201 2 1396 1397 150 149
1331 3 2 201 2 1397 1398 151 150
1332 3 2 201 2 1398 1399 152 151
1333 3 2 201 2 1399 1400 153 152
1334 3 2 201 2 1400 1401 154 153
1335 3 2 201 2 1401 1402 155 154
1336 3 2 201 2 1402 1403 156 155
1337 3 2 201 2 1403 1404 157 156
1338 3 2 201 2 1404 1405 158 157
1339 3 2 201 2 1405 1406 159 158
1340 3 2 201 2 1406 1407 160 159
1341 3 2 201 2 1407 1408 161 160
1342 3 2 201 2 1408 1409 162 161
1343 3 2 201 2 1409 1410 163 162
1344 3 2 201 2 1410 1411 164 163
1345 3 2 201 2 1411 1412 165 164
1346 3 2 201 2 1412 1413 166 165
1347 3 2 201 2 1413 1414 167 166
1348 3 2 201 2 1414 1415 168 167
1349 3 2 201 2 1415 1416 169 168
1350 3 2 201 2 1416 1417 170 169
1351 3 2 201 2 1417 1418 171 170
1352 3 2 201 2 1418 1419 172 171
1353 3 2 201 2 1419 1420 173 172
1354 3 2 201 2 1420 1421 174 173
1355 3 2 201 2 1421 1422 175 174
1356 3 2 201 2 1422 1423 176 175
1357 3 2 201 2 1423 1424 177 176
1358 3 2 201 2 1424 1425 178 177
1359 3 2 201 2 1425 1426 179 178
1360 3 2 201 2 1426 123 4 179
1361 3 2 201 3 7 147 1427 193
1362 3 2 201 3 147 148 1428 1427
1363 3 2 201 3 148 149 1429 1428
1364 3 2 201 3 149 150 1430 1429
1365 3 2 201 3 150 151 1431 1430
1366 3 2 201 3 151 152 1432 1431
1367 3 2 201 3 152 153 1433 1432
1368 3 2 201 3 153 154 1434 1433
1369 3 2 201 3 154 155 1435 1434
1370 3 2 201 3 155 156 1436 1435
1371 3 2 201 3 156 157 1437 1436
1372 3 2 201 3 157 158 1438 1437
1373 3 2 201 3 158 159 1439 1438
1374 3 2 201 3 159 160 1440 1439
1375 3 2 201 3 160 161 1441 1440
1376 3 2 201 3 161 162 1442 1441
1377 3 2 201 3 162 163 1443 1442
1378 3 2 201 3 163 164 1444 1443
1379 3 2 201 3 164 165 1445 1444
1380 3 2 201 3 165 166 1446 1445
1381 3 2 201 3 166 167 1447 1446
1382 3 2 201 3 167 168 1448 1447
1383 3 2 201 3 168 169 1449 1448
1384 3 2 201 3 169 170 1450 1449
1385 3 2 201 3 170 171 1451 1450
1386 3 2 201 3 171 172 1452 1451
1387 3 2 201 3 172 173 1453 1452
1388 3 2 201 3 173 174 1454 1453
1389 3 2 201 3 174 175 1455 1454
1390 3 2 201 3 175 176 1456 1455
1391 3 2 201 3 176 177 1457 1456
1392 3 2 201 3 177 178 1458 1457
1393 3 2 201 3 178 179 1459 1458
1394 3 2 201 3 179 4 180 1459
1395 3 2 201 3 193 1427 1460 194
1396 3 2 201 3 1427 1428 1461 1460
1397 3 2 201 3 1428 1429 1462 1461
1398 3 2 201 3 1429 1430 1463 1462
1399 3 2 201 3 1430 1431 1464 1463
1400 3 2 201 3 1431 1432 1465 1464
1401 3 2 201 3 1432 1433 1466 1465
1402 3 2 201 3 1433 1434 1467 1466
1403 3 2 201 3 1434 1435 1468 1467
1404 3 2 201 3 1435 1436 1469 1468
1405 3 2 201 3 1436 1437 1470 1469
1406 3 2 201 3 1437 1438 1471 1470
1407 3 2 201 3 1438 1439 1472 1471
1408 3 2 201 3 1439 1440 1473 1472
1409 3 2 201 3 1440 1441 1474 1473
1410 3 2 201 3 1441 1442 1475 1474
1411 3 2 201 3 1442 1443 1476 1475
1412 3 2 201 3 1443 1444 1477 1476
1413 3 2 201 3 1444 1445 1478 1477
1414 3 2 201 3 1445 1446 1479 1478
1415 3 2 201 3 1446 1447 1480 1479
1416 3 2 201 3 1447 1448 1481 1480
1417 3 2 201 3 1448 1449 1482 1481
1418 3 2 201 3 1449 1450 1483 1482
1419 3 2 201 3 1450 1451 1484 1483
1420 3 2 201 3 1451 1452 1485 1484
1421 3 2 201 3 1452 1453 1486 1485
1422 3 2 201 3 1453 1454 1487 1486
1423 3 2 201 3 1454 1455 1488 1487
1424 3 2 201 3 1455 1456 1489 1488
1425 3 2 201 3 1456 1457 1490 1489
1426 3 2 201 3 1457 1458 1491 1490
1427 3 2 201 3 1458 1459 1492 1491
1428 3 2 201 3 1459 180 181 1492
1429 3 2 201 3 194 1460 1493 195
1430 3 2 201 3 1460 1461 1494 1493
1431 3 2 201 3 1461 1462 1495 1494
1432 3 2 201 3 1462 1463 1496 1495
1433 3 2 201 3 1463 1464 1497 1496
1434 3 2 201 3 1464 1465 1498 1497
1435 3 2 201 3 1465 1466 1499 1498
1436 3 2 201 3 1466 1467 1500 1499
1437 3 2 201 3 1467 1468 1501 1500
1438 3 2 201 3 1468 1469 1502 1501
1439 3 2 201 3 1469 1470 1503 1502
1440 3 2 201 3 1470 1471 1504 1503
1441 3 2 201 3 1471 1472 1505 1504
1442 3 2 201 3 1472 1473 1506 1505
1443 3 2 201 3 1473 1474 1507 1506
1444 3 2 201 3 1474 1475 1508 1507
1445 3 2 201 3 1475 1476 1509 1508
1446 3 2 201 3 1476 1477 1510 1509
1447 3 2 201 3 1477 1478 1511 1510
1448 3 2 201 3 1478 1479 1512 1511
1449 3 2 201 3 1479 1480 1513 1512
1450 3 2 201 3 1480 1481 1514 1513
1451 3 2 201 3 1481 1482 1515 1514
1452 3 2 201 3 1482 1483 1516 1515
1453 3 2 201 3 1483 1484 1517 1516
1454 3 2 201 3 1484 1485 1518 1517
1455 3 2 201 3 1485 1486 1519 1518
1456 3 2 201 3 1486 1487 1520 1519
1457 3 2 201 3 1487 1488 1521 1520
1458 3 2 201 3 1488 1489 1522 1521
1459 3 2 201 3 1489 1490 1523 1522
1460 3 2 201 3 1490 1491 1524 1523
1461 3 2 201 3 1491 1492 1525 1524
1462 3 2 201 3 1492 181 182 1525
1463 3 2 201 3 195 1493 1526 196
1464 3 2 201 3 1493 1494 1527 1526
1465 3 2 201 3 1494 1495 1528 1527
1466 3 2 201 3 1495 1496 1529 1528
1467 3 2 201 3 1496 1497 1530 1529
1468 3 2 201 3 1497 1498 1531 1530
1469 3 2 201 3 1498 1499 1532 1531
1470 3 2 201 3 1499 1500 1533 1532
1471 3 2 201 3 1500 1501 1534 1533
1472 3 2 201 3 1501 1502 1535 1534
1473 3 2 201 3 1502 1503 1536 1535
1474 3 2 201 3 1503 1504 1537 1536
1475 3 2 201 3 1504 1505 1538 1537
1476 3 2 201 3 1505 1506 1539 1538
1477 3 2 201 3 1506 1507 1540 1539
1478 3 2 201 3 1507 1508 1541 1540
1479 3 2 201 3 1508 1509 1542 1541
1480 3 2 201 3 1509 1510 1543 1542
1481 3 2 201 3 1510 1511 1544 1543
1482 3 2 201 3 1511 1512 1545 1544
1483 3 2 201 3 1512 1513 1546 1545
1484 3 2 201 3 1513 1514 1547 1546
1485 3 2 201 3 1514 1515 1548 1547
1486 3 2 201 3 1515 1516 1549 1548
1487 3 2 201 3 1516 1517 1550 1549
1488 3 2 201 3 1517 1518 1551 1550
1489 3 2 201 3 1518 1519 1552 1551
1490 3 2 201 3 1519 1520 1553 1552
1491 3 2 201 3 1520 1521 1554 1553
1492 3 2 201 3 1521 1522 1555 1554
1493 3 2 201 3 1522 1523 1556 1555
1494 3 2 201 3 1523 1524 1557 1556
1495 3 2 201 3 1524 1525 1558 1557
1496 3 2 201 3 1525 182 183 1558
1497 3 2 201 3 196 1526 1559 197
1498 3 2 201 3 1526 1527 1560 1559
1499 3 2 201 3 1527 1528 1561 1560
1500 3 2 201 3 1528 1529 1562 1561
1501 3 2 201 3 1529 1530 1563 1562
1502 3 2 201 3 1530 1531 1564 1563
1503 3 2 201 3 1531 1532 1565 1564
1504 3 2 201 3 1532 1533 1566 1565
1505 3 2 201 3 1533 1534 1567 1566
1506 3 2 201 3 1534 1535 1568 1567
1507 3 2 201 3 1535 1536 1569 1568
1508 3 2 201 3 1536 1537 1570 1569
1509 3 2 201 3 1537 1538 1571 1570
1510 3 2 201 3 1538 1539 1572 1571
1511 3 2 201 3 1539 1540 1573 1572
1512 3 2 201 3 1540 1541 1574 1573
1513 3 2 201 3 1541 1542 1575 1574
1514 3 2 201 3 1542 1543 1576 1575
1515 3 2 201 3 1543 1544 1577 1576
1516 3 2 201 3 1544 1545 1578 1577
1517 3 2 201 3 1545 1546 1579 1578
1518 3 2 201 3 1546 1547 1580 1579
1519 3 2 201 3 1547 1548 1581 1580
1520 3 2 201 3 1548 1549 1582 1581
1521 3 2 201 3 1549 1550 1583 1582
1522 3 2 201 3 1550 1551 1584 1583
1523 3 2 201 3 1551 1552 1585 1584
1524 3 2 201 3 1552 1553 1586 1585
1525 3 2 201 3 1553 1554 1587 1586
1526 3 2 201 3 1554 1555 1588 1587
1527 3 2 201 3 1555 1556 1589 1588
1528 3 2 201 3 1556 1557 1590 1589
1529 3 2 201 3 1557 1558 1591 1590
1530 3 2 201 3 1558 183 184 1591
1531 3 2 201 3 197 1559 1592 198
1532 3 2 201 3 1559 1560 1593 1592
1533 3 2 201 3 1560 1561 1594 1593
1534 3 2 201 3 1561 1562 1595 1594
1535 3 2 201 3 1562 1563 1596 1595
1536 3 2 201 3 1563 1564 1597 1596
1537 3 2 201 3 1564 1565 1598 1597
1538 3 2 201 3 1565 1566 1599 1598
1539 3 2 201 3 1566 1567 1600 1599
1540 3 2 201 3 1567 1568 1601 1600
1541 3 2 201 3 1568 1569 1602 1601
1542 3 2 201 3 1569 1570 1603 1602
1543 3 2 201 3 1570 1571 1604 1603
1544 3 2 201 3 1571 1572 1605 1604
1545 3 2 201 3 1572 1573 1606 1605
1546 3 2 201 3 1573 1574 1607 1606
1547 3 2 201 3 1574 1575 1608 1607
1548 3 2 201 3 1575 1576 1609 1608
1549 3 2 201 3 1576 1577 1610 1609
1550 3 2 201 3 1577 1578 1611 1610
1551 3 2 201 3 1578 1579 1612 1611
1552 3 2 201 3 1579 1580 1613 1612
1553 3 2 201 3 1580 1581 1614 1613
1554 3 2 201 3 1581 1582 1615 1614
1555 3 2 201 3 1582 1583 1616 1615
1556 3 2 201 3 1583 1584 1617 1616
1557 3 2 201 3 1584 1585 1618 1617
1558 3 2 201 3 1585 1586 1619 1618
1559 3 2 201 3 1586 1587 1620 1619
1560 3 2 201 3 1587 1588 1621 1620
1561 3 2 201 3 1588 1589 1622 1621
1562 3 2 201 3 1589 1590 1623 1622
1563 3 2 201 3 1590 1591 1624 1623
1564 3 2 201 3 1591 184 185 1624
1565 3 2 201 3 198 1592 1625 199
1566 3 2 201 3 1592 1593 1626 1625
1567 3 2 201 3 1593 1594 1627 1626
1568 3 2 201 3 1594 1595 1628 1627
1569 3 2 201 3 1595 1596 1629 1628
1570 3 2 201 3 1596 1597 1630 1629
1571 3 2 201 3 1597 1598 1631 1630
1572 3 2 201 3 1598 1599 1632 1631
1573 3 2 201 3 1599 1600 1633 1632
1574 3 2 201 3 1600 1601 1634 1633
1575 3 2 201 3 1601 1602 1635 1634
1576 3 2 201 3 1602 1603 1636 1635
1577 3 2 201 3 1603 1604 1637 1636
1578 3 2 201 3 1604 1605 1638 1637
1579 3 2 201 3 1605 1606 1639 1638
1580 3 2 201 3 1606 1607 1640 1639
1581 3 2 201 3 1607 1608 1641 1640
1582 3 2 201 3 1608 1609 1642 1641
1583 3 2 201 3 1609 1610 1643 1642
1584 3 2 201 3 1610 1611 1644 1643
1585 3 2 201 3 1611 1612 1645 1644
1586 3 2 201 3 1612 1613 1646 1645
1587 3 2 201 3 1613 1614 1647 1646
1588 3 2 201 3 1614 1615 1648 1647
1589 3 2 201 3 1615 1616 1649 1648
1590 3 2 201 3 1616 1617 1650 1649
1591 3 2 201 3 1617 1618 1651 1650
1592 3 2 201 3 1618 1619 1652 1651
1593 3 2 201 3 1619 1620 1653 1652
1594 3 2 201 3 1620 1621 1654 1653
1595 3 2 201 3 1621 1622 1655 1654
1596 3 2 201 3 1622 1623 1656 1655
1597 3 2 201 3 1623 1624 1657 1656
1598 3 2 201 3 1624 185 186 1657
1599 3 2 201 3 199 1625 1658 200
1600 3 2 201 3 1625 1626 1659 1658
1601 3 2 201 3 1626 1627 1660 1659
1602 3 2 201 3 1627 1628 1661 1660
1603 3 2 201 3 1628 1629 1662 1661
1604 3 2 201 3 1629 1630 1663 1662
1605 3 2 201 3 1630 1631 1664 1663
1606 3 2 201 3 1631 1632 1665 1664
1607 3 2 201 3 1632 1633 1666 1665
1608 3 2 201 3 1633 1634 1667 1666
1609 3 2 201 3 1634 1635 1668 1667
1610 3 2 201 3 1635 1636 1669 1668
1611 3 2 201 3 1636 1637 1670 1669
1612 3 2 201 3 1637 1638 1671 1670
1613 3 2 201 3 1638 1639 1672 1671
1614 3 2 201 3 1639 1640 1673 1672
1615 3 2 201 3 1640 1641 1674 1673
1616 3 2 201 3 1641 1642 1675 1674
1617 3 2 201 3 1642 1643 1676 1675
1618 3 2 201 3 1643 1644 1677 1676
1619 3 2 201 3 1644 1645 1678 1677
1620 3 2 201 3 1645 1646 1679 1678
1621 3 2 201 3 1646 1647 1680 1679
1622 3 2 201 3 1647 1648 1681 1680
1623 3 2 201 3 1648 1649 1682 1681
1624 3 2 201 3 1649 1650 1683 1682
1625 3 2 201 3 1650 1651 1684 1683
1626 3 2 201 3 1651 1652 1685 1684
1627 3 2 201 3 1652 1653 1686 1685
1628 3 2 201 3 1653 1654 1687 1686
1629 3 2 201 3 1654 1655 1688 1687
1630 3 2 201 3 1655 1656 1689 1688
1631 3 2 201 3 1656 1657 1690 1689
1632 3 2 201 3 1657 186 187 1690
1633 3 2 201 3 200 1658 1691 201
1634 3 2 201 3 1658 1659 1692 1691
1635 3 2 201 3 1659 1660 1693 1692
1636 3 2 201 3 1660 1661 1694 1693
1637 3 2 201 3 1661 1662 1695 1694
1638 3 2 201 3 1662 1663 1696 1695
1639 3 2 201 3 1663 1664 1697 1696
1640 3 2 201 3 1664 1665 1698 1697
1641 3 2 201 3 1665 1666 1699 1698
1642 3 2 201 3 1666 1667 1700 1699
1643 3 2 201 3 1667 1668 1701 1700
1644 3 2 201 3 1668 1669 1702 1701
1645 3 2 201 3 1669 1670 1703 1702
1646 3 2 201 3 1670 1671 1704 1703
1647 3 2 201 3 1671 1672 1705 1704
1648 3 2 201 3 1672 1673 1706 1705
1649 3 2 201 3 1673 1674 1707 1706
1650 3 2 201 3 1674 1675 1708 1707
1651 3 2 201 3 1675 1676 1709 1708
1652 3 2 201 3 1676 1677 1710 1709
1653 3 2 201 3 1677 1678 1711 1710
1654 3 2 201 3 1678 1679 1712 1711
1655 3 2 201 3 1679 1680 1713 1712
1656 3 2 201 3 1680 1681 1714 1713
1657 3 2 201 3 1681 1682 1715 1714
1658 3 2 201 3 1682 1683 1716 1715
1659 3 2 201 3 1683 1684 1717 1716
1660 3 2 201 3 1684 1685 1718 1717
1661 3 2 201 3 1685 1686 1719 1718
1662 3 2 201 3 1686 1687 1720 1719
1663 3 2 201 3 1687 1688 1721 1720
1664 3 2 201 3 1688 1689 1722 1721
1665 3 2 201 3 1689 1690 1723 1722
1666 3 2 201 3 1690 187 188 1723
1667 3 2 201 3 201 1691 1724 202
1668 3 2 201 3 1691 1692 1725 1724
1669 3 2 201 3 1692 1693 1726 1725
1670 3 2 201 3 1693 1694 1727 1726
1671 3 2 201 3 1694 1695 1728 1727
1672 3 2 201 3 1695 1696 1729 1728
1673 3 2 201 3 1696 1697 1730 1729
1674 3 2 201 3 1697 1698 1731 1730
1675 3 2 201 3 1698 1699 1732 1731
1676 3 2 201 3 1699 1700 1733 1732
1677 3 2 201 3 1700 1701 1734 1733
1678 3 2 201 3 1701 1702 1735 1734
1679 3 2 201 3 1702 1703 1736 1735
1680 3 2 201 3 1703 1704 1737 1736
1681 3 2 201 3 1704 1705 1738 1737
1682 3 2 201 3 1705 1706 1739 1738
1683 3 2 201 3 1706 1707 1740 1739
1684 3 2 201 3 1707 1708 1741 1740
1685 3 2 201 3 1708 1709 1742 1741
1686 3 2 201 3 1709 1710 1743 1742
1687 3 2 201 3 1710 1711 1744 1743
1688 3 2 201 3 1711 1712 1745 1744
1689 3 2 201 3 1712 1713 1746 1745
1690 3 2 201 3 1713 1714 1747 1746
1691 3 2 201 3 1714 1715 1748 1747
1692 3 2 201 3 1715 1716 1749 1748
1693 3 2 201 3 1716 1717 1750 1749
1694 3 2 201 3 1717 1718 1751 1750
1695 3 2 201 3 1718 1719 1752 1751
1696 3 2 201 3 1719 1720 1753 1752
1697 3 2 201 3 1720 1721 1754 1753
1698 3 2 201 3 1721 1722 1755 1754
1699 3 2 201 3 1722 1723 1756 1755
1700 3 2 201 3 1723 188 189 1756
1701 3 2 201 3 202 1724 1757 203
1702 3 2 201 3 1724 1725 1758 1757
1703 3 2 201 3 1725 1726 1759 1758
1704 3 2 201 3 1726 1727 1760 1759
1705 3 2 201 3 1727 1728 1761 1760
1706 3 2 201 3 1728 1729 1762 1761
1707 3 2 201 3 1729 1730 1763 1762
1708 3 2 201 3 1730 1731 1764 1763
1709 3 2 201 3 1731 1732 1765 1764
1710 3 2 201 3 1732 1733 1766 1765
1711 3 2 201 3 1733 1734 1767 1766
1712 3 2 201 3 1734 1735 1768 1767
1713 3 2 201 3 1735 1736 1769 1768
1714 3 2 201 3 1736 1737 1770 1769
1715 3 2 201 3 1737 1738 1771 1770
1716 3 2 201 3 1738 1739 1772 1771
1717 3 2 201 3 1739 1740 1773 1772
1718 3 2 201 3 1740 1741 1774 1773
1719 3 2 201 3 1741 1742 1775 1774
1720 3 2 201 3 1742 1743 1776 1775
1721 3 2 201 3 1743 1744 1777 1776
1722 3 2 201 3 1744 1745 1778 1777
1723 3 2 201 3 1745 1746 1779 1778
1724 3 2 201 3 1746 1747 1780 1779
1725 3 2 201 3 1747 1748 1781 1780
1726 3 2 201 3 1748 1749 1782 1781
1727 3 2 201 3 1749 1750 1783 1782
1728 3 2 201 3 1750 1751 1784 1783
1729 3 2 201 3 1751 1752 1785 1784
1730 3 2 201 3 1752 1753 1786 1785
1731 3 2 201 3 1753 1754 1787 1786
1732 3 2 201 3 1754 1755 1788 1787
1733 3 2 201 3 1755 1756 1789 1788
1734 3 2 201 3 1756 189 190 1789
1735 3 2 201 3 203 1757 1790 204
1736 3 2 201 3 1757 1758 1791 1790
1737 3 2 201 3 1758 1759 1792 1791
1738 3 2 201 3 1759 1760 1793 1792
1739 3 2 201 3 1760 1761 1794 1793
1740 3 2 201 3 1761 1762 1795 1794
1741 3 2 201 3 1762 1763 1796 1795
1742 3 2 201 3 1763 1764 1797 1796
1743 3 2 201 3 1764 1765 1798 1797
1744 3 2 201 3 1765 1766 1799 1798
1745 3 2 201 3 1766 1767 1800 1799
1746 3 2 201 3 1767 1768 1801 1800
1747 3 2 201 3 1768 1769 1802 1801
1748 3 2 201 3 1769 1770 1803 1802
1749 3 2 201 3 1770 1771 1804 1803
1750 3 2 201 3 1771 1772 1805 1804
1751 3 2 201 3 1772 1773 1806 1805
1752 3 2 201 3 1773 1774 1807 1806
1753 3 2 201 3 1774 1775 1808 1807
1754 3 2 201 3 1775 1776 1809 1808
1755 3 2 201 3 1776 1777 1810 1809
1756 3 2 201 3 1777 1778 1811 1810
1757 3 2 201 3 1778 1779 1812 1811
1758 3 2 201 3 1779 1780 1813 1812
1759 3 2 201 3 1780 1781 1814 1813
1760 3 2 201 3 1781 1782 1815 1814
1761 3 2 201 3 1782 1783 1816 1815
1762 3 2 201 3 1783 1784 1817 1816
1763 3 2 201 3 1784 1785 1818 1817
1764 3 2 201 3 1785 1786 1819 1818
1765 3 2 201 3 1786 1787 1820 1819
1766 3 2 201 3 1787 1788 1821 1820
1767 3 2 201 3 1788 1789 1822 1821
1768 3 2 201 3 1789 190 191 1822
1769 3 2 201 3 204 1790 1823 205
1770 3 2 201 3 1790 1791 1824 1823
1771 3 2 201 3 1791 1792 1825 1824
1772 3 2 201 3 1792 1793 1826 1825
1773 3 2 201 3 1793 1794 1827 1826
1774 3 2 201 3 1794 1795 1828 1827
1775 3 2 201 3 1795 1796 1829 1828
1776 3 2 201 3 1796 1797 1830 1829
1777 3 2 201 3 1797 1798 1831 1830
1778 3 2 201 3 1798 1799 1832 1831
1779 3 2 201 3 1799 1800 1833 1832
1780 3 2 201 3 1800 1801 1834 1833
1781 3 2 201 3 1801 1802 1835 1834
1782 3 2 201 3 1802 1803 1836 1835
1783 3 2 201 3 1803 1804 1837 1836
1784 3 2 201 3 1804 1805 1838 1837
1785 3 2 201 3 1805 1806 1839 1838
1786 3 2 201 3 1806 1807 1840 1839
1787 3 2 201 3 1807 1808 1841 1840
1788 3 2 201 3 1808 1809 1842 1841
1789 3 2 201 3 1809 1810 1843 1842
1790 3 2 201 3 1810 1811 1844 1843
1791 3 2 201 3 1811 1812 1845 1844
1792 3 2 201 3 1812 1813 1846 1845
1793 3 2 201 3 1813 1814 1847 1846
1794 3 2 201 3 1814 1815 1848 1847
1795 3 2 201 3 1815 1816 1849 1848
1796 3 2 201 3 1816 1817 1850 1849
1797 3 2 201 3 1817 1818 1851 1850
1798 3 2 201 3 1818 1819 1852 1851
1799 3 2 201 3 1819 1820 1853 1852
1800 3 2 201 3 1820 1821 1854 1853
1801 3 2 201 3 1821 1822 1855 1854
1802 3 2 201 3 1822 191 192 1855
1803 3 2 201 3 205 1823 206 6
1804 3 2 201 3 1823 1824 207 206
1805 3 2 201 3 1824 1825 208 207
1806 3 2 201 3 1825 1826 209 208
1807 3 2 201 3 1826 1827 210 209
1808 3 2 201 3 1827 1828 211 210
1809 3 2 201 3 1828 1829 212 211
1810 3 2 201 3 1829 1830 213 212
1811 3 2 201 3 1830 1831 214 213
1812 3 2 201 3 1831 1832 215 214
1813 3 2 201 3 1832 1833 216 215
1814 3 2 201 3 1833 1834 217 216
1815 3 2 201 3 1834 1835 218 217
1816 3 2 201 3 1835 1836 219 218
1817 3 2 201 3 1836 1837 220 219
1818 3 2 201 3 1837 1838 221 220
1819 3 2 201 3 1838 1839 222 221
1820 3 2 201 3 1839 1840 223 222
1821 3 2 201 3 1840 1841 224 223
1822 3 2 201 3 1841 1842 225 224
1823 3 2 201 3 1842 1843 226 225
1824 3 2 201 3 1843 1844 227 226
1825 3 2 201 3 1844 1845 228 227
1826 3 2 201 3 1845 1846 229 228
1827 3 2 201 3 1846 1847 230 229
1828 3 2 201 3 1847 1848 231 230
1829 3 2 201 3 1848 1849 232 231
1830 3 2 201 3 1849 1850 233 232
1831 3 2 201 3 1850 1851 234 233
1832 3 2 201 3 1851 1852 235 234
1833 3 2 201 3 1852 1853 236 235
1834 3 2 201 3 1853 1854 237 236
1835 3 2 201 3 1854 1855 238 237
1836 3 2 201 3 1855 192 5 238
$EndElements
